CrashReportId,ReportNumber,CrashDate,CrashTime,Collision Type,CountPedestrian,CountBicycle,Scooter,Wheel Chair,NumberofVehicles,StreetOrHighway,NearestIntersection,Officer,Badge,ReportDate,TypeOfRoadway,RoadSurfaceCondition,LightCondition,WeatherCondition,MannerofImpact,HitAndRun,TrafficControl,PersonCount,InjuryCount,MostSeriousInjury,NumberOfLanes,Latitude,Longitude
51319,2010-00134122,2010-12-24,4:40:00 PM,Pedestrian,1,,,,1,HARTFORD AVE,HILARITY ST ,Jennette,311,24-Dec-10,Unknown,Dry,Dark - Lighted,Clear,Other,No,No Controls,3,1,Incapacitating,,41.81912,-71.46264
51424,2010-00134270,2010-12-25,3:21:00 AM,Pedestrian,1,,,,1,25 Bancroft St.,MAGNOLIA ST ,Matthew Pine,319,25-Dec-10,"Two-Way , Not Divided",Dry,Dark - Lighted,Clear,Not a Collision Between Two Motor Vehicles in Transport,"Yes, M/V and Driver Left Scene",No Controls,2,1,Incapacitating,2,41.81279,-71.44777
52054,2010-00135820,2010-12-30,9:46:00 PM,Pedestrian,1,,,,1,ALLENS AVE,TORONTO AVE ,Kenneth Penza,534,31-Dec-10,"Two-Way , Not Divided",Ice/Frost,Dark - Lighted,Clear,Other,No,No Controls,3,1,Incapacitating,,41.79268,-71.39721
52357,2011-00000605,2011-01-02,6:23:00 PM,Pedestrian,1,,,,1,CRANSTON ST,DEXTER ST ,Ptlm. Chin,516,2-Jan-11,"Two-Way , Not Divided",Wet,Dark - Lighted,Rain,Head-On (Front - to - Front),No,Traffic Control Signal,4,1,Non-Incapacitating,2,41.8126,-71.42959
52362,2011-00000635,2011-01-02,8:36:00 PM,Pedestrian,1,,,,1,CHARLES ST,HAWKINS ST ,Michael Pattie,316,2-Jan-11,"Two-Way, Divided, Unprotected (painted>4feet) Medium",Wet,Dark - Lighted,Rain,Other,No,No Controls,3,1,Non-Incapacitating,,41.8514,-71.42016
52531,2011-00001037,2011-01-04,9:26:00 AM,Pedestrian,1,,,,1,PLAIN ST,BORDEN ST ,Roderick Soares,399,4-Jan-11,"Two-Way , Not Divided",Dry,Daylight,Clear,Not a Collision Between Two Motor Vehicles in Transport,"Yes, M/V and Driver Left Scene",No Controls,3,1,Complains Of Pain,2,41.81356,-71.41241
53803,2011-00001114,2011-01-04,2:59:00 PM,Pedestrian,1,,,,1,MESSER ST,CRANSTON ST ,Luis Pelaez,336,13-Jan-11,"Two-Way , Not Divided",Dry,Daylight,Clear,Other,No,No Controls,2,1,Complains Of Pain,2,41.80963,-71.43345
52639,2011-00001360,2011-01-05,8:56:00 AM,Pedestrian,1,,,,1,ROANOKE ST,LEAH ST ,Rhonda Kessler,108,5-Jan-11,One-Way Trafficway,Dry,Daylight,Clear,Not a Collision Between Two Motor Vehicles in Transport,No,No Controls,3,1,Complains Of Pain,,41.83106,-71.45155
52843,2011-00001662,2011-01-06,8:16:00 AM,Pedestrian,1,,,,1,Hayward St,PEARL ST ,Jose Deschamps,419,6-Jan-11,"Two-Way , Not Divided",Dry,Daylight,Clear,Other,No,Stop Signs,7,1,Complains Of Pain,,41.8142,-71.41992
52876,2011-00001719,2011-01-06,12:07:00 PM,Pedestrian,1,,,,1,215 Atwells Ave,MESSENGER ST ,Michael Caraccia,624,6-Jan-11,Unknown,Dry,Daylight,Clear,Other,"Yes, M/V and Driver Left Scene",No Controls,2,1,Complains Of Pain,,41.82346,-71.42504
53257,2011-00002525,2011-01-08,8:10:00 PM,Pedestrian,1,,,,1,VALLEY ST,DELAINE ST ,Christopher Poncia,333,8-Jan-11,"Two-Way , Not Divided",Snow,Dark - Lighted,Snow,"Sideswipe, Same Direction","Yes, M/V and Driver Left Scene",No Controls,1,1,Complains Of Pain,,41.81979,-71.44046
53467,2011-00003020,2011-01-10,4:18:00 PM,Pedestrian,1,,,,1,CHALKSTONE AVENUE,FERN STREET,Giuseppe Scarcello,485,10-Jan-11,"Two-Way , Not Divided",Dry,Daylight,Clear,Head-On (Front - to - Front),No,No Controls,2,1,Non-Incapacitating,2,41.82422,-71.43364
53699,2011-00003775,2011-01-13,8:24:00 AM,Pedestrian,2,,,,1,BROAD ST,LOCKWOOD ST ,William Hutchinson,391,13-Jan-11,One-Way Trafficway,Slush,Daylight,Clear,Angle (Front - to - Side) Same Direction,No,No Controls,3,1,Complains Of Pain,,41.81539,-71.4206
53759,2011-00003889,2011-01-13,2:22:00 PM,Pedestrian,3,,,,1,BENEDICT ST,BRATTLE ST ,Luis Fernandez,531,13-Jan-11,"Two-Way , Not Divided",Slush,Daylight,Clear,"Sidwswipe, Opposite Direction","Yes, M/V and Driver Left Scene",No Controls,3,3,Complains Of Pain,,41.80466,-71.43503
53772,2011-00003781,2011-01-13,8:47:00 AM,Pedestrian,1,,,,1,EDDY ST,THURBERS AVE ,Werchadlo Jr.,679,13-Jan-11,"Two-Way , Not Divided",Slush,Daylight,Clear,Not a Collision Between Two Motor Vehicles in Transport,"Yes, M/V and Driver Left Scene",No Controls,2,0,No Injury,,41.8004,-71.40595
54316,2011-00004912,2011-01-16,11:49:00 AM,Pedestrian,1,,,,1,SMITH ST,NELSON ST ,Richard Ramirez,338,16-Jan-11,"Two-Way, Divided, Unprotected (painted>4feet) Medium",Snow,Daylight,Clear,Angle (Front - to - Side) Right Angle (Includes Broadside),No,No Controls,3,1,Complains Of Pain,2,41.84209,-71.444
54665,2011-00005615,2011-01-18,6:26:00 PM,Pedestrian,1,,,,1,WESTMINSTER ST,CAHIR ST ,Ptlm. Chin,516,18-Jan-11,"Two-Way , Not Divided",Wet,Dark - Lighted,Rain,Head-On (Front - to - Front),No,Traffic Control Signal,4,1,Complains Of Pain,,41.81816,-71.42031
55504,2011-00007395,2011-01-24,7:51:00 AM,Pedestrian,1,,,,1,Whelan Road,BODELL AVE ,David Perez,181,24-Jan-11,"Two-Way , Not Divided",Ice/Frost,Daylight,Clear,Not a Collision Between Two Motor Vehicles in Transport,No,No Controls,4,1,Complains Of Pain,2,41.81886,-71.45257
55577,2011-00007485,2011-01-24,1:14:00 PM,Pedestrian,1,,,,1,WEST CLIFFORD ST,LOCKWOOD ST ,Jose Deschamps,419,24-Jan-11,"Two-Way , Not Divided",Wet,Daylight,Clear,Other,"Yes, M/V and Driver Left Scene",No Controls,3,1,Complains Of Pain,,41.81376,-71.41627
56483,2011-00008488,2011-01-27,3:19:00 PM,Pedestrian,1,,,,1,593 public,,Papa ,187,27-Jan-11,"Two-Way , Not Divided",Snow,Daylight,Clear,Not a Collision Between Two Motor Vehicles in Transport,No,No Controls,3,1,Complains Of Pain,,41.82577,-71.41527
56815,2011-00008429,2011-01-27,12:19:00 PM,Pedestrian,1,,,,1,SISSON ST,TICKNOR ST ,Kenneth Pike,130,29-Jan-11,"Two-Way , Not Divided",Snow,Daylight,Clear,Not a Collision Between Two Motor Vehicles in Transport,"Yes, M/V and Driver Left Scene",No Controls,2,1,Complains Of Pain,,41.82841,-71.45537
56832,2011-00009255,2011-01-29,1:21:00 PM,Pedestrian,1,,,,1,ALVERSON AVE,NYE ST ,Francisco Furtado,635,29-Jan-11,"Two-Way, Divided, Unprotected (painted>4feet) Medium",Ice/Frost,Daylight,Clear,Other,"Yes, M/V and Driver Left Scene",No Controls,1,1,Complains Of Pain,,41.81729,-71.45956
57405,2011-00010215,2011-02-01,10:03:00 AM,Pedestrian,1,,,,1,ELMWOOD AVE,PLENTY ST ,Roderick Soares,399,1-Feb-11,"Two-Way , Not Divided",Snow,Daylight,Snow,Other,"Yes, M/V and Driver Left Scene",No Controls,1,1,Complains Of Pain,4,41.8073,-71.42484
57489,2011-00010367,2011-02-01,2:15:00 PM,Pedestrian,1,,,,1,ELMWOOD AVE,WARRINGTON ST,Alicia Hersperger,327,1-Feb-11,"Two-Way, Divided, Positive Median Barrier",Snow,Daylight,"Sleet, Hail (Freezing Rain or Drizzle)",Not a Collision Between Two Motor Vehicles in Transport,"Yes, M/V and Driver Left Scene",No Controls,2,1,Complains Of Pain,4,41.79333,-71.42357
57888,2011-00006324,2011-02-03,8:57:00 PM,Bicycle,,1,,,1,BROADWAY,GREENMAN LN ,Ptlm. Carroll,142,3-Feb-11,One-Way Trafficway,Snow,Dark - Lighted,Clear,Other,No,Traffic Control Signal,3,1,Complains Of Pain,4,41.82232,-71.41867
59624,2011-0000013304,2011-02-09,2:29:00 PM,Pedestrian,1,,,,1,GALILEO AVE,CHALKSTONE AVE,Brian Corcoran,562,12-Feb-11,"Two-Way , Not Divided",Dry,Daylight,Clear,Other,No,No Controls,5,0,No Injury,,41.83215,-71.45564
59473,2011-00013954,2011-02-11,3:23:00 PM,Pedestrian,1,,,,1,ATWELLS AVE,DUTTON ST ,Matthew Greely,184,11-Feb-11,"Two-Way , Not Divided",Wet,Daylight,Clear,Not a Collision Between Two Motor Vehicles in Transport,No,No Controls,2,1,Complains Of Pain,2,41.82528,-71.45304
60564,2011-00015813,2011-02-17,1:28:00 AM,Pedestrian,2,,,,1,N MAIN ST,BENEFIT ST ,Ptlm T.  Connetta/K. Penza,374,17-Feb-11,"Two-Way , Not Divided",Dry,Dark - Lighted,Cloudy,Head-On (Front - to - Front),"Yes, M/V and Driver Left Scene",No Controls,7,1,Fatal,4,41.83392,-71.41027
60663,2011-00015978,2011-02-17,3:25:00 PM,Pedestrian,1,,,,1,1880 Westminster Street,Broadway/Valley Street,Michele Tella,668,17-Feb-11,One-Way Trafficway,Dry,Daylight,Clear,Other,"Yes, M/V and Driver Left Scene",Traffic Control Signal,2,1,Incapacitating,,41.82004,-71.43725
60711,2011-00016017,2011-02-17,4:48:00 PM,Pedestrian,1,,,,1,PLAINFIELD ST,LAUREL HILL AVE ,Brian Dyer,180,17-Feb-11,"Two-Way , Not Divided",Dry,Daylight,Clear,Other,"Yes, M/V and Driver Left Scene",No Controls,2,1,Complains Of Pain,,41.8132,-71.45548
60842,2011-00016284,2011-02-18,2:49:00 PM,Pedestrian,1,,,,1,HOPE ST,5TH ST ,Glen Morgan,558,18-Feb-11,"Two-Way, Divided, Unprotected (painted>4feet) Medium",Dry,Daylight,Clear,Head-On (Front - to - Front),"Yes, M/V and Driver Left Scene",No Controls,2,1,Complains Of Pain,,41.84993,-71.39458
60901,2011-00016542,2011-02-19,2:11:00 AM,Pedestrian,1,,,,1,PEMBROKE AVE,CHAD BROWN ST ,Adam Chin,289,19-Feb-11,"Two-Way , Not Divided",Dry,Dark - Lighted,Clear,Other,"Yes, M/V and Driver Left Scene",No Controls,1,1,Complains Of Pain,,41.83946,-71.4301
61607,2011-00017082,2011-02-20,4:58:00 PM,Pedestrian,1,,,,1,CHALKSTONE AVE,MOUNT PLEASANT AVE ,Brian Muldoon,182,20-Feb-11,"Two-Way , Not Divided",Dry,Daylight,Clear,Head-On (Front - to - Front),"Yes, M/V and Driver Left Scene",Traffic Control Signal,2,1,Complains Of Pain,,41.83269,-71.44977
61293,2011-00017638,2011-02-22,3:43:00 PM,Pedestrian,1,,,,1,WILLARD AVE,PLAIN ST ,Jared Stanzione,193,22-Feb-11,"Two-Way , Not Divided",Dry,Daylight,Clear,Not a Collision Between Two Motor Vehicles in Transport,No,Stop Signs,2,1,Complains Of Pain,,41.80891,-71.41075
62201,2011-00019520,2011-02-28,4:49:00 PM,Pedestrian,1,,,,1,ERASTUS ST,ATWELLS AVE ,Douglas Steele,175,28-Feb-11,"Two-Way , Not Divided",Wet,Daylight,Rain,"Sideswipe, Same Direction",No,No Controls,2,1,Complains Of Pain,,41.8252,-71.45083
63141,2011-00020627,2011-03-04,7:02:00 AM,Pedestrian,1,,,,1,WASHINGTON ST,UNION ST ,George SanAntonio,604,4-Mar-11,"Two-Way , Not Divided",Dry,Daylight,Clear,Not a Collision Between Two Motor Vehicles in Transport,"Yes, M/V and Driver Left Scene",Traffic Control Signal,2,0,No Injury,2,41.8236,-71.414
62937,2011-00021527,2011-03-06,6:05:00 PM,Pedestrian,1,,,,1,ADELAIDE AVE,NIAGARA ST ,Thomas Richards,162,6-Mar-11,"Two-Way , Not Divided",Wet,Dark - Lighted,"Sleet, Hail (Freezing Rain or Drizzle)",Not a Collision Between Two Motor Vehicles in Transport,No,Stop Signs,2,1,Complains Of Pain,,41.79797,-71.41827
63226,2011-00022403,2011-03-09,1:22:00 PM,Pedestrian,1,,,,1,WESTMINSTER ST,ABORN ST ,Mark Dececco,407,9-Mar-11,One-Way Trafficway,Dry,Daylight,Clear,Other,No,No Controls,2,1,Complains Of Pain,,41.82132,-71.41482
63431,2011-00022861,2011-03-10,7:30:00 PM,Other,,,,,1,VERMONT AVE,EDDY ST ,OR PROCTOR ,627,10-Mar-11,"Two-Way, Divided, Unprotected (painted>4feet) Medium",Wet,Dark - Lighted,Rain,Other,No,No Controls,3,1,Complains Of Pain,2,41.78776,-71.40134
63491,2011-00022925,2011-03-10,9:00:00 PM,Pedestrian,1,,,,1,CYPRESS ST,CAMP ST ,David Iamarone,334,11-Mar-11,"Two-Way , Not Divided",Wet,Dark - Lighted,Rain,Unknown,"Yes, M/V and Driver Left Scene",Unknown,1,1,Complains Of Pain,2,41.84214,-71.40295
63508,2011-00023004,2011-03-11,9:15:00 AM,Pedestrian,1,,,,1,MEDWAY ST,WAYLAND AVE ,Edward Enright,480,11-Mar-11,"Two-Way, Divided, Unprotected (painted>4feet) Medium",Wet,Daylight,Cloudy,Angle (Front - to - Side) Right Angle (Includes Broadside),Unknown,Stop Signs,2,1,Complains Of Pain,,41.82932,-71.38824
63641,2011-00023283,2011-03-12,12:33:00 AM,Pedestrian,1,,,,1,301 HARRIS AVE,CHARLOTTE HOPE ST ,Joseph Kane,544,12-Mar-11,"Two-Way, Divided, Unprotected (painted>4feet) Medium",Dry,Dark - Lighted,Cloudy,Unknown,"Yes, M/V and Driver Left Scene",No Controls,5,1,Non-Incapacitating,2,41.8258,-71.43003
64073,2011-00023281,2011-03-12,12:30:00 AM,Pedestrian,1,,,,1,MEMORIAL BLVD,STEEPLE ST ,Jason Cotugno,173,12-Mar-11,"Two-Way, Divided, Positive Median Barrier",Wet,Dark - Lighted,Cloudy,Head-On (Front - to - Front),No,Traffic Control Signal,3,1,Non-Incapacitating,,41.82677,-71.41063
64458,2011-00025331,2011-03-18,1:23:00 AM,Pedestrian,1,,,,1,MEMORIAL BLVD,EXCHANGE ST ,Jason Cotugno,173,18-Mar-11,"Two-Way, Divided, Positive Median Barrier",Dry,Dark - Lighted,Clear,"Sideswipe, Same Direction","Yes, M/V and Driver Left Scene",Traffic Control Signal,2,1,Complains Of Pain,,41.8268,-71.41207
64774,2011-00025843,2011-03-19,9:57:00 AM,Bicycle,,1,,,1,TRAVERSE ST,WICKENDEN ST ,Edward Enright,480,19-Mar-11,"Two-Way, Divided, Unprotected (painted>4feet) Medium",Dry,Daylight,Clear,"Sideswipe, Same Direction",No,No Controls,2,0,No Injury,,41.81934,-71.39968
64903,2011-00026135,2011-03-20,1:30:00 AM,Pedestrian,1,,,,1,W EXCHANGE ST,FOX PL ,Jessica Leone,258,20-Mar-11,"Two-Way , Not Divided",Dry,Dark - Not Lighted,Clear,Not a Collision Between Two Motor Vehicles in Transport,No,No Controls,2,1,Complains Of Pain,,41.82522,-71.42023
65166,2011-00026885,2011-03-22,4:27:00 PM,Pedestrian,1,,,,1,ACADEMY AVE,HEALTH AVE ,Stephen Frechette,362,22-Mar-11,Unknown,Dry,Daylight,Clear,Not a Collision Between Two Motor Vehicles in Transport,"Yes, M/V and Driver Left Scene",No Controls,2,0,No Injury,,41.82752,-71.44376
65298,2011-00027180,2011-03-23,4:13:00 PM,Pedestrian,2,,,,1,STILLMAN ST,PARK ROW ,Nicholas Froncillo,163,23-Mar-11,"Two-Way , Not Divided",Dry,Daylight,Clear,Not a Collision Between Two Motor Vehicles in Transport,No,No Controls,3,2,Complains Of Pain,,41.82859,-71.41166
65709,2011-00028174,2011-03-26,5:16:00 PM,Pedestrian,1,,,,1,110 BOWDOIN ST,AMHERST ST ,Juan Rodrigues,194,26-Mar-11,"Two-Way , Not Divided",Dry,Daylight,Clear,Other,No,No Controls,3,1,Complains Of Pain,,41.82311,-71.44308
65781,2011-00028418,2011-03-27,7:12:00 AM,Pedestrian,1,,,,1,THURBERS AVE,EDDY ST ,Jose Deschamps,419,27-Mar-11,"Two-Way , Not Divided",Dry,Daylight,Clear,Other,No,No Controls,4,2,Complains Of Pain,,41.79994,-71.40584
66470,2011-00028560,2011-03-27,7:37:00 PM,Bicycle,,1,,,1,WESTMINSTER ST,BRIDGHAM ST ,Miguel Mena-Torres,493,31-Mar-11,"Two-Way , Not Divided",Dry,Daylight,Clear,Not a Collision Between Two Motor Vehicles in Transport,No,No Controls,2,1,Complains Of Pain,,41.8169,-71.42852
66084,2011-00029121,2011-03-29,6:27:00 PM,Pedestrian,1,,,,1,ATWELLS AVE,CARLETON ST ,MICHAEL R. TROIA,331,29-Mar-11,"Two-Way , Not Divided",Dry,Daylight,Clear,Head-On (Front - to - Front),No,No Controls,4,1,Complains Of Pain,2,41.82496,-71.44664
66338,2011-00029719,2011-03-31,4:21:00 PM,Bicycle,,1,,,1,BRANCH AVE,On Ramp,Michael Pattie,316,31-Mar-11,"Two-Way, Divided, Unprotected (painted>4feet) Medium",Wet,Daylight,Rain,Other,No,No Controls,3,1,Incapacitating,,41.85301,-71.42634
66380,2011-00029792,2011-03-31,8:41:00 PM,Pedestrian,1,,,,1,VALLEY ST,NEWARK ST ,Stephen Frechette,362,31-Mar-11,"Two-Way , Not Divided",Wet,Dark - Lighted,Snow,Not a Collision Between Two Motor Vehicles in Transport,"Yes, M/V and Driver Left Scene",No Controls,1,1,Incapacitating,2,41.82518,-71.43932
66388,2011-00029817,2011-04-01,10:03:00 PM,Pedestrian,1,,,,1,Waterman Street,THAYER ST ,Anthony Doucette,475,1-Apr-11,One-Way Trafficway,Wet,Dark - Unknown Lighting,Snow,Unknown,"Yes, M/V and Driver Left Scene",Traffic Control Signal,3,1,Complains Of Pain,,41.82728,-71.40054
66912,2011-00030898,2011-04-03,7:33:00 PM,Bicycle,,1,,,1,BUCKLIN ST,HAWTHORNE ST ,Sean Lafferty,272,4-Apr-11,"Two-Way , Not Divided",Dry,Dark - Lighted,Clear,Other,No,No Controls,2,1,Complains Of Pain,,41.80097,-71.42778
66868,2011-00031011,2011-04-04,9:03:00 AM,Pedestrian,1,,,,1,WESTMINSTER ST,WEYBOSSET ST ,Thiago Gomes,532,4-Apr-11,"Two-Way , Not Divided",Dry,Daylight,Clear,Other,No,No Controls,3,1,Incapacitating,,41.82526,-71.40927
66957,2011-00030860,2011-04-04,5:27:00 PM,Bicycle,,1,,,1,BUTLER DR,RAY DR ,Jason Andrade,200,4-Apr-11,One-Way Trafficway,Dry,Dawn,Clear,Other,"Yes, M/V and Driver Left Scene",No Controls,1,1,Complains Of Pain,,41.84294,-71.38179
67278,2011-00031703,2011-04-06,1:08:00 PM,Pedestrian,1,,,,1,CLAVERICK ST,BROAD ST ,James Conti,606,6-Apr-11,One-Way Trafficway,Dry,Daylight,Clear,Not a Collision Between Two Motor Vehicles in Transport,No,No Controls,3,1,Non-Incapacitating,,41.81913,-71.4146
67713,2011-00032677,2011-04-09,1:32:00 AM,Pedestrian,1,,,,1,N MAIN ST,CADY ST ,Khari Bass,312,9-Apr-11,One-Way Trafficway,Dry,Dark - Lighted,Clear,Not a Collision Between Two Motor Vehicles in Transport,No,No Controls,4,1,Incapacitating,,41.82967,-71.40999
67929,2011-00033007,2011-04-09,10:55:00 PM,Pedestrian,2,,,,1,Charlesfield Street,Hope Street ,Daniel Gonzalez,469,10-Apr-11,"Two-Way , Not Divided",Dry,Dark - Not Lighted,Clear,Not a Collision Between Two Motor Vehicles in Transport,"Yes, M/V and Driver Left Scene",No Controls,6,2,Incapacitating,2,41.82414,-71.39723
68166,2011-00033631,2011-04-11,7:06:00 PM,Bicycle,,1,,,1,BROADWAY,DEAN ST ,Luis Pelaez,336,11-Apr-11,"Two-Way , Not Divided",Dry,Daylight,Clear,Not a Collision Between Two Motor Vehicles in Transport,No,Traffic Control Signal,7,1,Complains Of Pain,2,41.8214,-71.42253
68623,2011-0034614,2011-04-14,7:35:00 PM,Pedestrian,1,,,,1,ATWELLS AVE,DE PASQUALE AVE ,Anthony Doucette,475,14-Apr-11,"Two-Way , Not Divided",Dry,Dark - Unknown Lighting,Clear,Unknown,No,Traffic Control Signal,4,1,Complains Of Pain,,41.82359,-71.42696
68794,2011-00034518,2011-04-14,3:25:00 PM,Pedestrian,1,,,,1,ADMIRAL ST,EXIT ,Andrew Mignanelli,361,15-Apr-11,"Two-Way , Not Divided",Dry,Daylight,Clear,Other,No,Traffic Control Signal,3,1,Complains Of Pain,,41.84068,-71.41897
68829,2011-00035046,2011-04-15,9:15:00 PM,Pedestrian,1,,,,1,VALLEY ST,DEAN ST ,Richard Esposito,320,15-Apr-11,"Two-Way, Divided, Positive Median Barrier",Dry,Dark - Lighted,Clear,Not a Collision Between Two Motor Vehicles in Transport,No,Traffic Control Signal,4,0,No Injury,,41.83139,-71.42848
69073,2011-00035713,2011-04-17,5:24:00 PM,Bicycle,,1,,,1,BROAD ST,FARRAGUT AVE ,Miguel Castillo,489,17-Apr-11,"Two-Way, Divided, Unprotected (painted>4feet) Medium",Dry,Daylight,Clear,Head-On (Front - to - Front),No,Traffic Control Signal,4,1,Complains Of Pain,2,41.7874,-71.4028
69193,2011-00036050,2011-04-18,4:22:00 PM,Pedestrian,1,,,,1,350 ORMS ST,,Vincent Pazzetta,641,18-Apr-11,Unknown,"Mud, Dirt, Gravel",Daylight,Clear,Not a Collision Between Two Motor Vehicles in Transport,No,No Controls,2,1,Non-Incapacitating,,41.83341,-71.42434
69408,2011-00036347,2011-04-19,4:11:00 PM,Bicycle,,1,,,1,ANGELL ST,STIMSON AVE ,Fausto Garcia,109,19-Apr-11,Unknown,Wet,Daylight,"Sleet, Hail (Freezing Rain or Drizzle)",Other,No,Stop Signs,4,1,Complains Of Pain,2,41.82886,-71.39482
70121,2011-00036745,2011-04-20,8:12:00 PM,Bicycle,,1,,,1,POTTERS AVE,PURITAN ST ,Troy Lambert,413,21-Apr-11,"Two-Way , Not Divided",Dry,Dusk,Clear,Not a Collision Between Two Motor Vehicles in Transport,"Yes, M/V and Driver Left Scene",No Controls,1,1,Complains Of Pain,,41.80487,-71.4373
69589,2011-00036869,2011-04-21,7:57:00 AM,Bicycle,,1,,,1,DEAN ST,UNNAMED_42 ,John Reposa,686,21-Apr-11,"Two-Way, Not Divided With a Continuous Left Turn Lane",Dry,Daylight,Clear,Rear End(Front-to-Rear),No,No Controls,2,1,Non-Incapacitating,2,41.83007,-71.42745
70398,2011-00036932,2011-04-21,12:44:00 PM,Pedestrian,1,,,,1,ACADEMY AVE,CHALKSTONE AVE ,John Reposa,686,26-Apr-11,"Two-Way , Not Divided",Dry,Daylight,Clear,Not a Collision Between Two Motor Vehicles in Transport,"Yes, M/V and Driver Left Scene",No Controls,2,1,Complains Of Pain,2,41.83261,-71.44451
70413,2011-00038729,2011-04-26,1:45:00 PM,Bicycle,,1,,,1,N MAIN ST,STENTON AVE ,Andrew Frolich,673,26-Apr-11,"Two-Way, Divided, Unprotected (painted>4feet) Medium",Dry,Daylight,Clear,Angle (Front - to - Side) Right Angle (Includes Broadside),No,Stop Signs,2,1,Incapacitating,,41.84922,-71.40349
70664,2011-00039308,2011-04-27,9:31:00 PM,Pedestrian,1,,,,1,WATERMAN ST,BENEFIT ST ,James Grennan,332,27-Apr-11,One-Way Trafficway,Wet,Dark - Lighted,Rain,Other,No,Traffic Control Signal,4,1,Complains Of Pain,2,41.82725,-71.40751
70674,2011-00039358,2011-04-28,12:45:00 AM,Pedestrian,1,,,,1,POWER ST,BENEFIT ST ,Matthew McGloin,278,28-Apr-11,"Two-Way , Not Divided",Wet,Dark - Not Lighted,Rain,Not a Collision Between Two Motor Vehicles in Transport,No,No Controls,3,1,Complains Of Pain,,41.82282,-71.40392
70743,2011-00039439,2011-04-28,10:46:00 AM,Pedestrian,1,,,,1,SUTTON ST,ATWELLS AVE ,Troy Lambert,413,28-Apr-11,One-Way Trafficway,Wet,Daylight,Clear,Not a Collision Between Two Motor Vehicles in Transport,No,No Controls,3,1,Complains Of Pain,,41.82374,-71.42929
71406,2011-00040052,2011-04-29,8:24:00 PM,Bicycle,,1,,,1,GEORGE ST,BROWN ST ,Nicole Darling,325,2-May-11,"Two-Way , Not Divided",Dry,Dark - Lighted,Clear,Not a Collision Between Two Motor Vehicles in Transport,No,No Controls,2,1,Non-Incapacitating,,41.82535,-71.40276
71052,2011-00040310,2011-04-30,10:29:00 AM,Bicycle,,1,,,1,160 Broad street,Service Road #7,Kenneth Wigginton,359,30-Apr-11,"Two-Way , Not Divided",Dry,Daylight,Clear,Not a Collision Between Two Motor Vehicles in Transport,"Yes, M/V and Driver Left Scene",Traffic Control Signal,1,1,Complains Of Pain,,41.81734,-71.41699
71559,2011-00041078,2011-05-02,12:23:00 PM,Pedestrian,1,,,,1,96 HOLDEN ST,JEWETT ST ,Joseph Madeira,552,3-May-11,"Two-Way , Not Divided",Dry,Daylight,Clear,Other,"Yes, M/V and Driver Left Scene",No Controls,1,1,Complains Of Pain,2,41.83146,-71.41849
71543,2011-00041405,2011-05-03,8:24:00 AM,Bicycle,,1,,,1,295 PROMENADE STREET,LELAND STREET,Joseph Madeira,552,3-May-11,One-Way Trafficway,Dry,Daylight,Clear,Other,No,Stop Signs,2,1,Complains Of Pain,,41.82951,-71.42107
71826,2011-00041476,2011-05-03,12:26:00 PM,Bicycle,,1,,,1,CHARLESFIELD ST,THAYER ST ,Khatchig Kazandjian,367,3-May-11,"Two-Way , Not Divided",Dry,Daylight,Clear,Angle (Front - to - Side) Right Angle (Includes Broadside),No,Stop Signs,2,1,Complains Of Pain,2,41.82391,-71.40015
72003,2011-00042213,2011-05-04,11:00:00 PM,Pedestrian,1,,,,1,SABIN ST,MATHEWSON ST ,Francisco Furtado,635,5-May-11,Unknown,Wet,Dark - Lighted,"Sleet, Hail (Freezing Rain or Drizzle)",Other,No,No Controls,2,1,Complains Of Pain,,41.82394,-71.41634
72030,2011-00042126,2011-05-05,8:58:00 AM,Bicycle,,1,,,1,WASHINGTON ST,SERVICE ROAD 8 ,George SanAntonio,604,5-May-11,One-Way Trafficway,Dry,Daylight,Clear,Other,No,Traffic Control Signal,2,1,Incapacitating,2,41.82021,-71.41885
72187,2011-00042587,2011-05-06,12:26:00 PM,Bicycle,,1,,,1,ELMGROVE AVE,EMELINE ST ,Edwin Kemble,364,6-May-11,"Two-Way , Not Divided",Dry,Daylight,Clear,"Sideswipe, Same Direction",No,No Controls,4,1,Complains Of Pain,,41.83984,-71.39247
72199,2011-00042629,2011-05-06,2:44:00 PM,Pedestrian,1,,,,1,POMONA AVE,PEMBERTON ST ,Stephen Frechette,362,6-May-11,"Two-Way , Not Divided",Dry,Daylight,Clear,Not a Collision Between Two Motor Vehicles in Transport,"Yes, M/V and Driver Left Scene",No Controls,4,1,Incapacitating,2,41.82836,-71.44607
72373,2011-00043022,2011-05-07,12:56:00 PM,Pedestrian,1,,,,1,310 CRANSTON ST,DEXTER ST ,Luis Fernandez,531,7-May-11,"Two-Way , Not Divided",Dry,Daylight,Clear,Not a Collision Between Two Motor Vehicles in Transport,No,No Controls,2,1,Complains Of Pain,,41.81284,-71.42912
72486,2011-00042989,2011-05-07,11:30:00 AM,Pedestrian,1,,,,1,BLACKSTONE BLVD,IRVING AVE ,Thomas Rose,465,7-May-11,One-Way Trafficway,Dry,Daylight,Clear,Angle - Direction Not Specified,No,No Controls,2,1,Non-Incapacitating,,41.83407,-71.38367
72717,2011-00043887,2011-05-09,5:01:00 PM,Bicycle,,1,,,1,PRESIDENT AVE,BLACKSTONE BLVD ,James Grennan,332,9-May-11,"Two-Way , Not Divided",Dry,Daylight,Cloudy,Other,No,Stop Signs,5,1,Complains Of Pain,2,41.83642,-71.38497