CrashReportId,ReportNumber,CrashDate,CrashTime,Collision Type,CountPedestrian,CountBicycle,Scooter,Wheel Chair,NumberofVehicles,StreetOrHighway,NearestIntersection,Officer,Badge,ReportDate,TypeOfRoadway,RoadSurfaceCondition,LightCondition,WeatherCondition,MannerofImpact,HitAndRun,TrafficControl,PersonCount,InjuryCount,MostSeriousInjury,NumberOfLanes,Latitude,Longitude
157338,2012-00108586,2012-11-09,7:08:00 PM,Pedestrian,1,,,,1,HUXLEY AVE,EATON ST ,Vincent Pazzetta,641,9-Nov-12,"Two-Way , Not Divided",Dry,Dark - Lighted,Clear,Not a Collision Between Two Motor Vehicles in Transport,No,No Controls,2,1,Non-Incapacitating,,41.84375,-71.43317
157358,2012-00108563,2012-11-09,5:54:00 PM,Pedestrian,1,,,,1,EDNA ST,PLAINFIELD ST ,Jason Andrade,200,9-Nov-12,One-Way Trafficway,Dry,Dark - Lighted,Clear,Head-On (Front - to - Front),"Yes, M/V and Driver Left Scene",Traffic Control Signal,2,1,Complains Of Pain,,41.81593,-71.44514
157455,2012-00108919,2012-11-10,6:55:00 PM,Pedestrian,1,,,,1,EXCHANGE TER,SABIN ST ,James Cryan,352,10-Nov-12,One-Way Trafficway,Dry,Dark - Lighted,Clear,Angle - Direction Not Specified,"Yes, M/V and Driver Left Scene",No Controls,1,1,Complains Of Pain,2,41.82493,-71.41507
157510,2012-00109239,2012-11-11,6:53:00 PM,Pedestrian,1,,,,1,DOUGLAS AVE,DOUGLAS AVE ,Ibrahim Yousif,196,11-Nov-12,"Two-Way, Divided, Unprotected (painted>4feet) Medium",Dry,Dark - Lighted,Clear,Not a Collision Between Two Motor Vehicles in Transport,No,No Controls,4,1,Complains Of Pain,,41.836,-71.41949
157706,2012-00109707,2012-11-13,8:31:00 AM,Pedestrian,1,,,,1,963 CHALKSTONE AVENUE,HAROLD STREET,Joseph Madeira,552,13-Nov-12,"Two-Way , Not Divided",Wet,Daylight,Rain,Other,No,No Controls,4,1,Complains Of Pain,2,41.82671,-71.41997
157737,2012-00109877,2012-11-13,4:34:00 PM,Pedestrian,1,,,,1,ROUTE 6 OFF RAMP,HARTFORD AVE ,MICHAEL R. TROIA / TRAFFIC BUREAU,331,13-Nov-12,One-Way Trafficway,Wet,Dark - Lighted,Rain,Head-On (Front - to - Front),No,Yield Signs,3,1,Complains Of Pain,1,41.81724,-71.44962
158424,2012-00110978,2012-11-17,2:17:00 AM,Pedestrian,1,,,,1,N MAIN ST,STEEPLE ST ,Michael Maycock,281,17-Nov-12,Unknown,Dry,Dark - Not Lighted,Clear,Not a Collision Between Two Motor Vehicles in Transport,No,No Controls,3,1,Non-Incapacitating,,41.82753,-71.40909
159020,2012-00111333,2012-11-18,2:35:00 AM,Pedestrian,1,,,,1,Lenox Ave,Broad St,Michael Clary,269,20-Nov-12,"Two-Way , Not Divided",Dry,Dark - Lighted,Clear,Not a Collision Between Two Motor Vehicles in Transport,"Yes, M/V and Driver Left Scene",Pavement Markings,1,1,Complains Of Pain,,41.79829,-71.41477
158630,2012-00111571,2012-11-19,12:59:00 AM,Pedestrian,1,,,,1,319 Pocasset Avenue,,Matthew Pine,319,19-Nov-12,Unknown,Dry,Dark - Lighted,Clear,Not a Collision Between Two Motor Vehicles in Transport,"Yes, M/V and Driver Left Scene",No Controls,1,1,Incapacitating,,41.80628,-71.45721
158944,2012-00112049,2012-11-20,5:17:00 PM,Pedestrian,1,,,,1,POWER ST,GANO ST ,Scott Sousa,464,20-Nov-12,"Two-Way , Not Divided",Dry,Dark - Lighted,Clear,Angle - Direction Not Specified,No,Flashing Traffic Control Signal,3,1,Complains Of Pain,,41.82386,-71.3901
159441,2012-00112383,2012-11-21,7:45:00 PM,Pedestrian,1,,,,1,EDDY ST,BLACKSTONE ST ,Michael Clary,269,23-Nov-12,"Two-Way , Not Divided",Dry,Dark - Lighted,Clear,Not a Collision Between Two Motor Vehicles in Transport,No,Pavement Markings,3,1,Complains Of Pain,,41.81014,-71.40722
159346,2012-00112472,2012-11-22,2:11:00 AM,Pedestrian,1,,,,1,S Main St, Tockwotton St,Jozsef Rimoczy,274,22-Nov-12,One-Way Trafficway,Dry,Dark - Lighted,Clear,Not a Collision Between Two Motor Vehicles in Transport,"Yes, M/V and Driver Left Scene",No Controls,1,1,Complains Of Pain,2,41.81756,-71.40069
159436,2012-00112645,2012-11-22,10:20:00 PM,Pedestrian,1,,,,1,Charles St,Hawkins St,Michael Clary,269,22-Nov-12,"Two-Way , Not Divided",Dry,Dark - Lighted,Clear,Not a Collision Between Two Motor Vehicles in Transport,No,No Controls,3,0,No Injury,,41.8514,-71.42016
250923,2012-00114136,2012-11-27,5:07:00 PM,Pedestrian,1,,,,1,BROADWAY,TOBEY ST ,Alex Gonzalez,473,6-Sep-14,"Two-Way , Not Divided",Wet,Dark - Lighted,Rain,Other,No,Traffic Control Signal,3,1,Complains Of Pain,,41.81848,-71.43503
160081,2012-00114238,2012-11-28,7:15:00 AM,Pedestrian,1,,,,1,155 CRANSTON STREET,,Joseph Madeira,552,28-Nov-12,"Two-Way , Not Divided",Ice/Frost,Daylight,Clear,Other,No,No Controls,3,1,Complains Of Pain,2,41.82672,-71.41981
160201,2012-00114298,2012-11-28,11:39:00 AM,Bicycle,,1,,,1,EDDY STREET,POINT STREET,Joseph Madeira,552,28-Nov-12,"Two-Way , Not Divided",Dry,Daylight,Clear,Other,No,Traffic Control Signal,6,1,Complains Of Pain,4,41.82477,-71.41987
160300,2012-00114551,2012-11-29,9:37:00 AM,Pedestrian,2,,,,1,206 ELMWOOD AVENUE,,Joseph Madeira,552,29-Nov-12,"Two-Way , Not Divided",Dry,Daylight,Clear,Other,"Yes, M/V and Driver Left Scene",No Controls,5,2,Complains Of Pain,,41.82597,-71.42112
160784,2012-00115076,2012-11-30,7:21:00 PM,Bicycle,,1,,,1,ADELAIDE AVE,ELMWOOD AVE ,Thomas Richards,162,1-Dec-12,"Two-Way , Not Divided",Dry,Dark - Lighted,Clear,Other,"Yes, M/V and Driver Left Scene",Traffic Control Signal,1,1,Complains Of Pain,,41.79586,-71.4251
161035,2012-00116301,2012-12-04,5:17:00 PM,Pedestrian,1,,,,1,W EXCHANGE ST,W EXCHANGE ST EXIT 22A ,Matthew Goddard,171,4-Dec-12,"Two-Way , Not Divided",Wet,Dark - Lighted,Cloudy,Not a Collision Between Two Motor Vehicles in Transport,No,No Controls,3,1,Complains Of Pain,,41.82485,-71.41611
161475,2012-00117223,2012-12-07,6:25:00 PM,Pedestrian,1,,,,1,CHATHAM ST,SILVER SPRING ST ,Ptm. Chin,516,7-Dec-12,"Two-Way , Not Divided",Wet,Dark - Lighted,Rain,Not a Collision Between Two Motor Vehicles in Transport,No,Traffic Control Signal,2,1,Complains Of Pain,2,41.84637,-71.41674
161484,2012-00117249,2012-12-07,8:16:00 PM,Pedestrian,1,,,,1,GEORGE ST,BROWN ST ,Elizabeth Pedchenko,498,7-Dec-12,"Two-Way , Not Divided",Wet,Dark - Lighted,Rain,Unknown,No,Pavement Markings,2,1,Complains Of Pain,,41.82535,-71.40276
161514,2012-00117262,2012-12-07,8:42:00 PM,Pedestrian,1,,,,1,CHALKSTONE AVE,CAMDEN AVE ,Daniel Sirignano,261,7-Dec-12,"Two-Way , Not Divided",Wet,Dark - Lighted,Rain,Not a Collision Between Two Motor Vehicles in Transport,No,Traffic Control Signal,3,1,Non-Incapacitating,,41.83529,-71.42536
161621,2012-00117752,2012-12-09,3:02:00 AM,Pedestrian,1,,,,1,PINE ST,CHESTNUT ST ,Michelle Chasse,264,9-Dec-12,One-Way Trafficway,Dry,Dark - Lighted,Clear,Not a Collision Between Two Motor Vehicles in Transport,"Yes, M/V and Driver Left Scene",No Controls,2,1,Complains Of Pain,,41.81943,-71.41295
161632,2012-00117952,2012-12-09,6:15:00 PM,Pedestrian,1,,,,1,280 Broad St. ,,Papa ,187,9-Dec-12,"Two-Way , Not Divided",Wet,Dark - Lighted,Rain,Not a Collision Between Two Motor Vehicles in Transport,No,No Controls,3,1,Incapacitating,,41.83072,-71.41787
161646,2012-00117797,2012-12-09,6:15:00 AM,Pedestrian,1,,,,1,ATWELLS AVE,ATWELLS AVE ,Jared Sherman,292,9-Dec-12,One-Way Trafficway,Wet,Dark - Lighted,Clear,Not a Collision Between Two Motor Vehicles in Transport,"Yes, M/V and Driver Left Scene",Traffic Control Signal,1,1,Complains Of Pain,,41.82307,-71.4195
161720,2012-00118082,2012-12-10,10:43:00 AM,Bicycle,,1,,,1,PRAIRIE AVE,OXFORD ST ,Trent Hastings,326,10-Dec-12,"Two-Way , Not Divided",Wet,Daylight,Rain,Angle (Front - to - Side) Right Angle (Includes Broadside),No,Stop Signs,2,1,Complains Of Pain,,41.80164,-71.41315
161741,2012-00118184,2012-12-10,5:13:00 PM,Pedestrian,2,,,,1,SMITH ST,WINSOR ST,Ibrahim Yousif,196,10-Dec-12,"Two-Way, Divided, Unprotected (painted>4feet) Medium",Wet,Dark - Lighted,Rain,Not a Collision Between Two Motor Vehicles in Transport,No,No Controls,4,2,Complains Of Pain,,41.83298,-71.42
161746,2012-00118205,2012-12-10,6:18:00 PM,Pedestrian,1,,,,1,CHALKSTONE AVENUE ,ACADEMY AVENUE,Giuseppe Scarcello,485,10-Dec-12,"Two-Way , Not Divided",Wet,Dark - Lighted,Rain,Angle (Front - to - Side) Opposite Direction,No,Traffic Control Signal,3,1,Complains Of Pain,2,41.82632,-71.42219
161908,2012-00118227,2012-12-10,7:41:00 PM,Pedestrian,1,,,,1,CHALKSTONE AVENUE ,FALLON AVENUE ,Giuseppe Scarcello,485,11-Dec-12,"Two-Way , Not Divided",Wet,Dark - Lighted,Cloudy,Rear - to - Side,"Yes, M/V and Driver Left Scene",No Controls,1,1,Complains Of Pain,2,41.82489,-71.41943
161968,2012-00118523,2012-12-11,5:28:00 PM,Pedestrian,1,,,,1,Admiral Street,Gentian Avenue,Brian Dyer,180,11-Dec-12,"Two-Way , Not Divided",Dry,Dark - Lighted,Clear,Other,No,No Controls,2,1,Non-Incapacitating,,41.85401,-71.44666
162123,2012-00118847,2012-12-12,9:06:00 PM,Bicycle,,1,,,1,MEMORIAL BLVD,COLLEGE ST ,MICHAEL R. TROIA / TRAFFIC BUREAU,331,12-Dec-12,"Two-Way, Not Divided With a Continuous Left Turn Lane",Dry,Dark - Lighted,Clear,Head-On (Front - to - Front),No,Traffic Control Signal,3,1,Complains Of Pain,4,41.8253,-71.40882
162054,2012-00118801,2012-12-12,5:46:00 PM,Bicycle,,1,,,1,Waterman st,BUTLER AVE ,Ptlm. Chin,516,12-Dec-12,"Two-Way , Not Divided",Dry,Dark - Lighted,Clear,Not a Collision Between Two Motor Vehicles in Transport,No,Traffic Control Signal,3,1,Complains Of Pain,2,41.82808,-71.3855
162139,2012-00118889,2012-12-13,12:44:00 AM,Pedestrian,1,,,,1,PLAINFIELD ST,POCASSET AVE ,Peter Colt,178,13-Dec-12,"Two-Way , Not Divided",Dry,Dark - Lighted,Clear,Other,"Yes, M/V and Driver Left Scene",Traffic Control Signal,1,1,Incapacitating,,41.81382,-71.44779
162403,2012-00119768,2012-12-15,10:54:00 PM,Pedestrian,1,,,,1,MEETING ST,BENEFIT ST ,Donald Castigliego,287,16-Dec-12,Unknown,Dry,Dark - Not Lighted,Clear,Not a Collision Between Two Motor Vehicles in Transport,No,No Controls,3,1,Complains Of Pain,,41.82862,-71.40807
162516,2012-00120076,2012-12-17,10:17:00 AM,Bicycle,,1,,,1,WASHINGTON ST,EMPIRE ST ,James Conti,606,17-Dec-12,"Two-Way , Not Divided",Wet,Daylight,Rain,Not a Collision Between Two Motor Vehicles in Transport,No,Traffic Control Signal,2,1,Complains Of Pain,,41.82182,-71.41645
162757,2012-00120699,2012-12-19,11:53:00 AM,Pedestrian,2,,,,1,WASHINGTON ST,GREENE ST ,Francisco Furtado,635,19-Dec-12,"Two-Way, Divided, Unprotected (painted>4feet) Medium",Dry,Daylight,Clear,Other,No,Traffic Control Signal,5,2,Complains Of Pain,,41.82125,-71.41721
163094,2012-00121669,2012-12-22,3:02:00 PM,Bicycle,,2,,,1,PINEHURST AVE,CHAD BROWN ST ,Jessica Leone,258,22-Dec-12,"Two-Way , Not Divided",Dry,Daylight,Clear,Not a Collision Between Two Motor Vehicles in Transport,No,No Controls,3,2,Non-Incapacitating,,41.83953,-71.4322
163219,2012-00122228,2012-12-24,1:10:00 PM,Pedestrian,1,,,,1,PARK ST,HAYES ST ,John Henderson,148,24-Dec-12,One-Way Trafficway,Dry,Daylight,Clear,Other,"Yes, M/V and Driver Left Scene",Other,1,0,No Injury,2,41.82896,-71.41748
163371,2012-00122781,2012-12-26,8:16:00 PM,Pedestrian,1,,,,1,SERVICE ROAD 8,BROAD ST ,Michael Clary,269,26-Dec-12,One-Way Trafficway,Wet,Dark - Lighted,Snow,Not a Collision Between Two Motor Vehicles in Transport,No,Pavement Markings,3,1,Non-Incapacitating,,41.81802,-71.41641
163415,2012-00122893,2012-12-27,10:13:00 AM,Pedestrian,1,,,,1,4TH ST,SUMMIT AVE ,Andrew Frolich,673,27-Dec-12,"Two-Way , Not Divided",Wet,Daylight,Rain,Other,No,Stop Signs,4,1,Complains Of Pain,,41.85052,-71.39823
163477,2012-00122918,2012-12-27,12:11:00 PM,Pedestrian,1,,,,1,Allens Ave,Chapman St,James Annis,454,27-Dec-12,"Two-Way , Not Divided",Wet,Daylight,"Sleet, Hail (Freezing Rain or Drizzle)",Not a Collision Between Two Motor Vehicles in Transport,No,No Controls,3,1,Complains Of Pain,2,41.79323,-71.39739
163569,2012-00123254,2012-12-28,3:06:00 PM,Pedestrian,1,,,,1,GLENBRIDGE AVE,MANTON AVE ,David Perez,181,28-Dec-12,"Two-Way , Not Divided",Dry,Daylight,Clear,Not a Collision Between Two Motor Vehicles in Transport,No,Traffic Control Signal,2,1,Complains Of Pain,,41.82597,-71.45822
163829,2012-00123137,2012-12-28,6:34:00 AM,Pedestrian,1,,,,1,Thackery St,ELMWOOD AVE ,Matthew Rampone,266,29-Dec-12,"Two-Way , Not Divided",Dry,Dawn,Clear,Not a Collision Between Two Motor Vehicles in Transport,No,No Controls,2,1,Incapacitating,2,41.79218,-71.42255
163984,2013-00000154,2013-01-01,6:01:00 AM,Pedestrian,1,,,,1,VALLEY ST,JEWETT ST ,Adam Chin,289,1-Jan-13,"Two-Way , Not Divided",Wet,Dark - Lighted,Clear,Other,"Yes, M/V and Driver Left Scene",No Controls,1,1,Complains Of Pain,,41.83221,-71.42769
164257,2013-00000570,2013-01-02,7:00:00 PM,Pedestrian,1,,,,1,DOUGLAS AVE,DOUGLAS AVE ,Richard Esposito,320,2-Jan-13,"Two-Way , Not Divided",Dry,Dark - Lighted,Clear,Unknown,"Yes, M/V and Driver Left Scene",No Controls,1,1,Complains Of Pain,,41.84915,-71.43258
164302,2013-00000856,2013-01-03,7:36:00 PM,Pedestrian,1,,,,1,731 Eddy st. ,,Papa ,187,3-Jan-13,Unknown,Dry,Dark - Lighted,Clear,Not a Collision Between Two Motor Vehicles in Transport,"Yes, M/V and Driver Left Scene",No Controls,1,1,Complains Of Pain,,41.82849,-71.40959
164565,2013-00001999,2013-01-07,6:25:00 PM,Pedestrian,1,,,,1,MANTON AVE,CHALKSTONE AVE ,Matthew Greely,184,7-Jan-13,"Two-Way , Not Divided",Dry,Dark - Lighted,Clear,Not a Collision Between Two Motor Vehicles in Transport,"Yes, M/V and Driver Left Scene",No Controls,1,1,Complains Of Pain,2,41.83391,-71.46733
164684,2013-00002183,2013-01-08,11:35:00 AM,Pedestrian,1,,,,1,1075 CHALKSTONE AVE,GENEVA ST ,Trent Hastings,326,8-Jan-13,Unknown,Dry,Daylight,Clear,Other,No,No Controls,2,1,Complains Of Pain,,41.83228,-71.44072
164685,2013-00002212,2013-01-08,1:17:00 PM,Pedestrian,1,,,,1,617 HARTFORD AVE,KING PHILIP ST ,Trent Hastings,326,8-Jan-13,Unknown,Dry,Daylight,Clear,Other,No,No Controls,3,1,Complains Of Pain,,41.81954,-71.46551
165885,2013-00002947,2013-01-10,10:41:00 AM,Pedestrian,1,,,,1,FRANCIS ST,AMERICAN EXPRESS PLZ ,Stephen Sage,353,17-Jan-13,"Two-Way, Divided, Unprotected (painted>4feet) Medium",Dry,Dark - Lighted,Clear,Other,No,Traffic Control Signal,3,1,Complains Of Pain,,41.82745,-71.41541
165201,2013-00003381,2013-01-12,7:38:00 AM,Pedestrian,1,,,,1,FRANCIS STREET,GASPEE STREET,Joseph Madeira,552,12-Jan-13,"Two-Way, Divided, Positive Median Barrier",Wet,Daylight,Rain,Head-On (Front - to - Front),No,Traffic Control Signal,3,1,Complains Of Pain,4,41.82678,-71.41875
165286,2013-00003593,2013-01-12,10:57:00 PM,Pedestrian,1,,,,1,Parade St.,CHAPIN AVE ,Noel Field,260,13-Jan-13,"Two-Way , Not Divided",Wet,Dark - Lighted,"Sleet, Hail (Freezing Rain or Drizzle)",Not a Collision Between Two Motor Vehicles in Transport,No,Stop Signs,2,1,Complains Of Pain,2,41.81192,-71.43118
165282,2013-00003778,2013-01-13,2:56:00 PM,Bicycle,,1,,,1,CUMERFORD ST,DORA ST ,Ptlm. Chin,516,13-Jan-13,"Two-Way , Not Divided",Dry,Daylight,Clear,Not a Collision Between Two Motor Vehicles in Transport,No,Stop Signs,4,1,Complains Of Pain,2,41.80928,-71.44364
166047,2013-00005645,2013-01-19,6:16:00 PM,Bicycle,,1,,,1,IVES ST,PRESTON ST ,Trent Hastings,326,19-Jan-13,"Two-Way , Not Divided",Dry,Dark - Lighted,Clear,Angle - Direction Not Specified,No,No Controls,4,1,Complains Of Pain,,41.82438,-71.39242
166075,2013-00005703,2013-01-19,10:02:00 PM,Pedestrian,1,,,,1,Empire St.,Westminster St.,Noel Field,260,19-Jan-13,"Two-Way , Not Divided",Dry,Dark - Lighted,Clear,Not a Collision Between Two Motor Vehicles in Transport,No,Traffic Control Signal,5,1,Complains Of Pain,3,41.82092,-71.41525
166079,2013-00005815,2013-01-20,4:42:00 AM,Pedestrian,1,,,,1,EDDY ST,VERMONT AVE ,Zachary Silbert,282,20-Jan-13,"Two-Way , Not Divided",Dry,Dark - Lighted,Clear,Not a Collision Between Two Motor Vehicles in Transport,"Yes, M/V and Driver Left Scene",Stop Signs,2,1,Complains Of Pain,,41.78756,-71.40242
166276,2013-00006368,2013-01-22,10:11:00 AM,Pedestrian,1,,,,1,425 DEXTER ST,WALDO ST ,Luis Fernandez,531,22-Jan-13,"Two-Way , Not Divided",Slush,Daylight,Clear,Not a Collision Between Two Motor Vehicles in Transport,"Yes, M/V and Driver Left Scene",No Controls,1,1,Complains Of Pain,,41.80458,-71.42994
166548,2013-00006751,2013-01-23,2:46:00 PM,Pedestrian,1,,,,1,LENOX AVE,NIAGARA ST ,MICHAEL R. TROIA / TRAFFIC BUREAU,331,23-Jan-13,"Two-Way , Not Divided",Dry,Daylight,Clear,Other,"Yes, M/V and Driver Left Scene",No Controls,1,1,Complains Of Pain,2,41.79732,-71.41794
166932,2013-00007528,2013-01-25,10:58:00 PM,Pedestrian,1,,,,1,WESTMINSTER ST,MEMORIAL BLVD,Alberto DaCruz,205,27-Jan-13,"Two-Way , Not Divided",Wet,Dark - Lighted,Cloudy,Not a Collision Between Two Motor Vehicles in Transport,No,Traffic Control Signal,3,1,Complains Of Pain,,41.82529,-71.40898
166959,2013-00008051,2013-01-27,7:14:00 PM,Pedestrian,1,,,,1,CHALKSTONE AVE,RUGGLES ST ,MICHAEL R. TROIA / TRAFFIC BUREAU,331,27-Jan-13,"Two-Way , Not Divided",Dry,Dark - Lighted,Clear,Head-On (Front - to - Front),"Yes, M/V and Driver Left Scene",No Controls,2,1,Complains Of Pain,2,41.83461,-71.42819
167091,2013-00008203,2013-01-28,12:43:00 PM,Pedestrian,1,,,,1,356 SMITH STREET,,Joseph Madeira,552,28-Jan-13,"Two-Way , Not Divided",Dry,Daylight,Clear,Other,No,No Controls,2,1,Complains Of Pain,2,41.82678,-71.41875
167092,2013-00008289,2013-01-28,6:32:00 PM,Pedestrian,1,,,,1,FRANCIS ST,MEMORIAL BLVD ,Matthew Goddard,171,28-Jan-13,"Two-Way , Not Divided",Dry,Dark - Lighted,Rain,Not a Collision Between Two Motor Vehicles in Transport,"Yes, M/V and Driver Left Scene",No Controls,1,0,No Injury,,41.82691,-71.41548
167471,2013-00008949,2013-01-30,9:25:00 PM,Pedestrian,1,,,,1,Washington St.,Exchange St.,Noel Field,260,30-Jan-13,One-Way Trafficway,Wet,Dark - Lighted,Cloudy,Not a Collision Between Two Motor Vehicles in Transport,No,Flashing Traffic Control Signal,3,1,Complains Of Pain,2,41.82565,-71.41111
167581,2013-00008776,2013-01-30,12:53:00 PM,Bicycle,1,,,,1,ATWOOD ST,PLAINFIELD ST ,Anthony Hampton,681,2-Feb-13,One-Way Trafficway,Dry,Daylight,Clear,Not a Collision Between Two Motor Vehicles in Transport,No,Traffic Control Signal,3,0,No Injury,,41.81596,-71.44507
167619,2013-00009664,2013-02-02,7:00:00 PM,Pedestrian,1,,,,1,CHALKSTONE AVENUE,BILTMORE AVENUE,Giuseppe Scarcello,485,2-Feb-13,"Two-Way , Not Divided",Dry,Dark - Lighted,Clear,Not a Collision Between Two Motor Vehicles in Transport,No,No Controls,3,1,Complains Of Pain,2,41.8217,-71.45485
167689,2013-00010073,2013-02-03,12:51:00 AM,Pedestrian,1,,,,1,BROAD ST,SERVICE ROAD 7 ,Mark Hubbard,267,3-Feb-13,One-Way Trafficway,Dry,Dark - Lighted,Clear,Not a Collision Between Two Motor Vehicles in Transport,"Yes, M/V and Driver Left Scene",No Controls,1,1,Incapacitating,,41.81736,-71.41696
168319,2013-00011953,2013-02-09,3:57:00 PM,Pedestrian,1,,,,1,650 SMITH ST,,MICHAEL R. TROIA / TRAFFIC BUREAU,331,9-Feb-13,"Two-Way , Not Divided",Snow,Daylight,Clear,Head-On (Front - to - Front),No,No Controls,2,1,Complains Of Pain,2,41.83694,-71.43209
170067,2013-00011885,2013-02-09,8:53:00 AM,Pedestrian,1,,,,1,BROADWAY,ALMY ST ,Ptlm. Carroll,142,20-Feb-13,"Two-Way , Not Divided",Snow,Daylight,Blowing Snow,Not a Collision Between Two Motor Vehicles in Transport,"Yes, M/V and Driver Left Scene",Traffic Control Signal,1,1,Complains Of Pain,2,41.81896,-71.43294
168576,2013-00012860,2013-02-12,1:45:00 PM,Pedestrian,1,,,,1,HAYES ST,Providence Place,John Henderson,148,12-Feb-13,One-Way Trafficway,Wet,Dark - Lighted,Clear,Other,"Yes, M/V and Driver Left Scene",No Controls,3,1,Complains Of Pain,1,41.82932,-71.41733
168711,2013-00013272,2013-02-13,4:42:00 PM,Bicycle,,1,,,1,W RIVER ST,BRANCH AVE ,Ptlm. Chin,516,13-Feb-13,"Two-Way , Not Divided",Wet,Daylight,Clear,Not a Collision Between Two Motor Vehicles in Transport,No,Pavement Markings,2,1,Complains Of Pain,2,41.84688,-71.4127
169019,2013-00014101,2013-02-15,10:58:00 PM,Bicycle,,1,,,1,Washington Street,MATHEWSON ST ,Andrew Groot,188,15-Feb-13,"Two-Way , Not Divided",Wet,Dark - Lighted,Clear,Not a Collision Between Two Motor Vehicles in Transport,"Yes, M/V and Driver Left Scene",Traffic Control Signal,1,1,Complains Of Pain,,41.82305,-71.4148
169020,2013-00014153,2013-02-16,1:55:00 AM,Pedestrian,1,,,,1,ABORN ST,WASHINGTON ST ,Andrew Groot,188,16-Feb-13,One-Way Trafficway,Snow,Dark - Lighted,Cloudy,Rear End(Front-to-Rear),No,No Controls,3,1,Complains Of Pain,,41.82185,-71.41544
169206,2013-00014279,2013-02-16,1:50:00 PM,Pedestrian,1,,,,1,99 KENNEDY PLAZA,,Joseph Madeira,552,17-Feb-13,One-Way Trafficway,Wet,Daylight,Snow,Other,No,No Controls,4,1,Complains Of Pain,1,41.82602,-71.41884
170973,2013-00016143,2013-02-22,2:30:00 PM,Pedestrian,1,,,,1,N MAIN ST,N MAIN ST ,Richard Mills,424,4-Mar-13,"Two-Way , Not Divided",Dry,Daylight,Clear,Other,"Yes, M/V and Driver Left Scene",Stop Signs,1,1,Complains Of Pain,,41.83646,-71.40963
170086,2013-00016435,2013-02-23,10:59:00 AM,Pedestrian,1,,,,1,1070 HOPE STREET,BLACKSTONE BLVD,Joseph Madeira,552,23-Feb-13,"Two-Way , Not Divided",Dry,Daylight,Clear,Other,No,No Controls,3,1,Non-Incapacitating,2,41.83349,-71.41682
170141,2013-00016681,2013-02-23,2:45:00 AM,Pedestrian,1,,,,1,UNION ST,WASHINGTON ST ,Richard Mendez,288,24-Feb-13,"Two-Way , Not Divided",Dry,Dark - Lighted,Clear,Not a Collision Between Two Motor Vehicles in Transport,"Yes, M/V and Driver Left Scene",No Controls,1,1,Complains Of Pain,,41.82364,-71.41405
170280,2013-00016486,2013-02-23,1:53:00 PM,Other,,,,X,1,WESTMINSTER ST,EMPIRE ST ,George SanAntonio,604,26-Feb-13,"Two-Way , Not Divided",Dry,Daylight,Cloudy,Not a Collision Between Two Motor Vehicles in Transport,No,Traffic Control Signal,4,1,Non-Incapacitating,,41.82097,-71.41532
170159,2013-00016790,2013-02-24,4:22:00 PM,Bicycle,,1,,,1,College St,BENEFIT ST ,Ptlm. Chin,516,24-Feb-13,"Two-Way , Not Divided",Wet,Daylight,Rain,Unknown,No,Stop Signs,2,1,Complains Of Pain,2,41.82599,-71.40684
170166,2013-00016815,2013-02-24,6:43:00 PM,Bicycle,,1,,,1,BRANCH AVE,CHARLES ST ,Ptlm. Chin,516,24-Feb-13,"Two-Way , Not Divided",Wet,Dark - Lighted,Rain,Not a Collision Between Two Motor Vehicles in Transport,No,Traffic Control Signal,3,1,Complains Of Pain,2,41.85021,-71.41986
170251,2013-00017069,2013-02-25,6:55:00 PM,Pedestrian,1,,,,1,165 Pitman St,BUTLER AVE ,Ptlm. Chin,516,25-Feb-13,"Two-Way , Not Divided",Dry,Dark - Lighted,Clear,Not a Collision Between Two Motor Vehicles in Transport,No,No Controls,2,1,Complains Of Pain,,41.8268,-71.38605
170287,2013-00016967,2013-02-25,12:50:00 PM,Pedestrian,1,,,,1,601 N MAIN ST,N MAIN ST ,Trent Hastings,326,26-Feb-13,"Two-Way, Divided, Unprotected (painted>4feet) Medium",Dry,Daylight,Clear,Other,No,No Controls,3,1,Complains Of Pain,,41.83706,-71.40951
170368,2013-00017397,2013-02-26,6:58:00 PM,Pedestrian,1,,,,1,ALLENS AVE,EDDY ST ,MICHAEL R. TROIA / TRAFFIC BUREAU,331,26-Feb-13,"Two-Way, Divided, Positive Median Barrier",Dry,Dark - Not Lighted,Clear,Head-On (Front - to - Front),No,No Controls,3,1,Non-Incapacitating,4,41.81505,-71.4066
170600,2013-00017769,2013-02-28,6:57:00 AM,Bicycle,,1,,,1,EDDY STREET,RHODES STREET,Joseph Madeira,552,28-Feb-13,"Two-Way , Not Divided",Wet,Daylight,Clear,Other,No,No Controls,2,1,Non-Incapacitating,2,41.82672,-71.41981
170751,2013-00018096,2013-03-01,7:30:00 AM,Pedestrian,2,,,,1,PETTEYS AVE,GLENBRIDGE AVE ,Keith Lafazia,394,1-Mar-13,"Two-Way , Not Divided",Dry,Daylight,Clear,Head-On (Front - to - Front),No,Traffic Control Signal,5,2,Complains Of Pain,,41.81891,-71.46165
170770,2013-00018175,2013-03-01,12:40:00 PM,Bicycle,,1,,,1,WASHINGTON ST,CLEMENCE ST ,John Sigillo,590,1-Mar-13,"Two-Way , Not Divided",Dry,Daylight,Clear,"Sideswipe, Same Direction",No,No Controls,3,1,Complains Of Pain,,41.82332,-71.4144