CrashReportId,ReportNumber,CrashDate,CrashTime,Collision Type,CountPedestrian,CountBicycle,Scooter,Wheel Chair,NumberofVehicles,StreetOrHighway,NearestIntersection,Officer,Badge,ReportDate,TypeOfRoadway,RoadSurfaceCondition,LightCondition,WeatherCondition,MannerofImpact,HitAndRun,TrafficControl,PersonCount,InjuryCount,MostSeriousInjury,NumberOfLanes,Latitude,Longitude
171050,2013-00018099,2013-03-01,7:44:00 AM,Pedestrian,1,,,,1,CHARLES ST,CHARLES ST ,Vincent Sollitto,58,4-Mar-13,"Two-Way , Not Divided",Dry,Daylight,Clear,Other,No,No Controls,2,1,Complains Of Pain,,41.84834,-71.41968
170906,2013-00018643,2013-03-02,8:05:00 PM,Bicycle,,1,,,1,BRANCH AVE,LANGDON ST ,Michael Clary,269,3-Mar-13,"Two-Way , Not Divided",Dry,Dark - Lighted,Clear,Not a Collision Between Two Motor Vehicles in Transport,No,Stop Signs,3,1,Complains Of Pain,,41.85221,-71.42447
171350,2013-00019742,2013-03-06,6:12:00 PM,Pedestrian,1,,,,1,82 SMITH ST,,MICHAEL R. TROIA / TRAFFIC BUREAU,331,6-Mar-13,"Two-Way , Not Divided",Wet,Dark - Lighted,Rain,Other,No,No Controls,4,1,Complains Of Pain,4,41.83159,-71.41353
171368,2013-00019762,2013-03-06,7:32:00 PM,Pedestrian,1,,,,1,Washington St.,Exchange St.,Noel Field,260,6-Mar-13,One-Way Trafficway,Wet,Dark - Lighted,Rain,Not a Collision Between Two Motor Vehicles in Transport,No,Traffic Control Signal,8,1,Complains Of Pain,2,41.82564,-71.41112
171499,2013-00019968,2013-03-07,2:48:00 PM,Pedestrian,1,,,,1,244 CHAD BROWN ST,,MICHAEL R. TROIA / TRAFFIC BUREAU,331,7-Mar-13,"Two-Way , Not Divided",Wet,Daylight,Blowing Snow,Not a Collision Between Two Motor Vehicles in Transport,No,No Controls,2,1,Complains Of Pain,2,41.84049,-71.42394
171584,2013-00019883,2013-03-07,9:19:00 AM,Pedestrian,1,,,,1,FOUNTAIN ST,FOUNTAIN ST ,George SanAntonio,604,7-Mar-13,One-Way Trafficway,Snow,Daylight,Snow,Not a Collision Between Two Motor Vehicles in Transport,No,Traffic Control Signal,3,1,Complains Of Pain,,41.82327,-71.41613
171586,2013-00020341,2013-03-08,9:45:00 PM,Pedestrian,1,,,,1,WATERMAN ST,BROWN ST ,Fausto Garcia,109,8-Mar-13,One-Way Trafficway,Ice/Frost,Dark - Lighted,Clear,Other,No,Stop Signs,8,1,Complains Of Pain,,41.82705,-71.40304
171639,2013-00020578,2013-03-09,4:42:00 PM,Pedestrian,1,,,,1,MOOREFIELD ST,POCASSET AVE ,Jason Andrade,200,9-Mar-13,"Two-Way, Divided, Positive Median Barrier",Dry,Daylight,Clear,Other,No,No Controls,2,1,Complains Of Pain,,41.80693,-71.45674
172151,2013-00020531,2013-03-09,1:34:00 PM,Pedestrian,1,,,,1,WESTMINSTER ST,EMPIRE ST ,James Conti,606,9-Mar-13,"Two-Way , Not Divided",Dry,Daylight,Clear,Not a Collision Between Two Motor Vehicles in Transport,No,Traffic Control Signal,4,1,Complains Of Pain,,41.82097,-71.41532
172288,2013-00022378,2013-03-15,7:54:00 PM,Pedestrian,1,,,,1,THAYER ST,WATERMAN ST ,Elizabeth Pedchenko,498,15-Mar-13,One-Way Trafficway,Dry,Dark - Lighted,Clear,Head-On (Front - to - Front),No,No Controls,2,1,Complains Of Pain,,41.82729,-71.40054
172586,2013-00023073,2013-03-17,8:48:00 PM,Pedestrian,1,,,,1,EXCHANGE TER,EXCHANGE ST,MICHAEL R. TROIA / TRAFFIC BUREAU,331,17-Mar-13,One-Way Trafficway,Dry,Dark - Lighted,Clear,Not a Collision Between Two Motor Vehicles in Transport,"Yes, M/V and Driver Left Scene",No Controls,1,1,Non-Incapacitating,2,41.82502,-71.41483
172874,2013-00023558,2013-03-19,4:19:00 PM,Pedestrian,1,,,,1,PINE ST,RICHMOND ST ,Ptlm. Chin,516,19-Mar-13,"Two-Way , Not Divided",Wet,Daylight,Cloudy,Not a Collision Between Two Motor Vehicles in Transport,"Yes, M/V and Driver Left Scene",Stop Signs,2,0,No Injury,2,41.8206,-71.41181
172941,2013-00023847,2013-03-20,6:08:00 PM,Pedestrian,1,,,,1,BRANCH AVE,VANDEWATER ST ,Richard Esposito,320,20-Mar-13,"Two-Way , Not Divided",Dry,Daylight,Clear,Other,No,No Controls,3,1,Complains Of Pain,,41.85366,-71.42879
173580,2013-00025648,2013-03-26,3:19:00 PM,Bicycle,,1,,,1,HOPE ST,POWER ST,Scott Sousa,464,26-Mar-13,"Two-Way , Not Divided",Dry,Daylight,Clear,Angle (Front - to - Side) Right Angle (Includes Broadside),No,Stop Signs,2,1,Incapacitating,,41.82318,-71.39702
173746,2013-00025955,2013-03-27,4:33:00 PM,Pedestrian,1,,,,1,GENEVA ST,CHALKSTONE AVE ,Matthew Greely,184,27-Mar-13,"Two-Way , Not Divided",Dry,Daylight,Clear,Not a Collision Between Two Motor Vehicles in Transport,"Yes, M/V and Driver Left Scene",No Controls,2,1,Complains Of Pain,2,41.83227,-71.44094
174016,2013-00026911,2013-03-30,3:34:00 PM,Bicycle,,1,,,1,BROADWAY,VINTON ST ,MICHAEL R. TROIA / TRAFFIC BUREAU,331,30-Mar-13,"Two-Way , Not Divided",Dry,Daylight,Clear,Not a Collision Between Two Motor Vehicles in Transport,No,No Controls,3,1,Complains Of Pain,,41.8201,-71.42807
174102,2013-00026980,2013-03-30,7:19:00 PM,Bicycle,,1,,,1,RESERVOIR AVE,NARRAGANSETT AVE ,Kusol Pea,174,31-Mar-13,"Two-Way, Divided, Unprotected (painted>4feet) Medium",Dry,Daylight,Clear,Not a Collision Between Two Motor Vehicles in Transport,No,Traffic Control Signal,3,1,Complains Of Pain,,41.79444,-71.42665
174198,2013-00027531,2013-04-01,3:05:00 PM,Bicycle,,1,,,1,TROY ST,WESTMINSTER ST ,Ptlm. Chin,516,1-Apr-13,"Two-Way , Not Divided",Dry,Daylight,Clear,Not a Collision Between Two Motor Vehicles in Transport,No,No Controls,2,1,Complains Of Pain,4,41.81651,-71.44128
174266,2013-00027525,2013-04-01,2:49:00 PM,Bicycle,,1,,,1,ATWELLS AVE,EAGLE ST ,Stephen Frechette,362,1-Apr-13,"Two-Way , Not Divided",Dry,Daylight,Clear,Not a Collision Between Two Motor Vehicles in Transport,No,No Controls,5,1,Complains Of Pain,,41.82443,-71.43514
174274,2013-00027671,2013-04-02,12:08:00 AM,Pedestrian,1,,,,1,Atwells Ave.,Harris Ave.,Noel Field,260,2-Apr-13,Unknown,Dry,Dark - Lighted,Cloudy,Not a Collision Between Two Motor Vehicles in Transport,"Yes, M/V and Driver Left Scene",No Controls,4,1,Complains Of Pain,,41.82444,-71.43527
174825,2013-00028495,2013-04-04,8:44:00 PM,Pedestrian,1,,,,1,Cranston St,Bridgham St,Michael Clary,269,7-Apr-13,"Two-Way , Not Divided",Dry,Dark - Lighted,Clear,Not a Collision Between Two Motor Vehicles in Transport,No,Traffic Control Signal,2,1,Complains Of Pain,,41.81396,-71.42694
174882,2013-00029621,2013-04-08,10:57:00 AM,Pedestrian,1,,,,1,BLACKSTONE ST,EDDY ST ,Trent Hastings,326,8-Apr-13,"Two-Way , Not Divided",Dry,Daylight,Clear,Not a Collision Between Two Motor Vehicles in Transport,No,No Controls,3,1,Complains Of Pain,,41.81012,-71.40729
174883,2013-00029631,2013-04-08,11:32:00 AM,Pedestrian,1,,,,1,EMPIRE ST,WASHINGTON ST ,Trent Hastings,326,8-Apr-13,"Two-Way , Not Divided",Dry,Daylight,Clear,Not a Collision Between Two Motor Vehicles in Transport,No,Traffic Control Signal,2,1,Complains Of Pain,,41.82189,-71.41654
175052,2013-00030170,2013-04-09,7:44:00 PM,Pedestrian,1,,,,1,195 Vinton St,,Michael Clary,269,9-Apr-13,"Two-Way , Not Divided",Dry,Dark - Lighted,Clear,Not a Collision Between Two Motor Vehicles in Transport,No,No Controls,3,1,Complains Of Pain,,41.81884,-71.42692
175184,2013-00030454,2013-04-10,5:50:00 PM,Pedestrian,1,,,,1,Thurbers Ave,Burnside Street,Thomas Richards,162,10-Apr-13,"Two-Way , Not Divided",Dry,Daylight,Clear,Other,No,Stop Signs,3,1,Complains Of Pain,,41.79916,-71.40973
175482,2013-00031500,2013-04-13,11:49:00 PM,Pedestrian,1,,,,1,North Main St,Rochambeau Ave ,Michael Clary,269,14-Apr-13,"Two-Way, Divided, Positive Median Barrier",Dry,Dark - Lighted,Clear,Not a Collision Between Two Motor Vehicles in Transport,No,Traffic Control Signal,3,1,Complains Of Pain,,41.84676,-71.40505
175589,2013-00031889,2013-04-15,6:46:00 AM,Pedestrian,1,,,,1,WESTMINISTER STREET,SERVICE ROAD # 3,Joseph Madeira,552,15-Apr-13,"Two-Way , Not Divided",Dry,Daylight,Clear,Other,"Yes, M/V and Driver Left Scene",No Controls,1,1,Complains Of Pain,2,41.82477,-71.41987
175845,2013-00032049,2013-04-15,5:40:00 PM,Pedestrian,1,,,,1,RAYMOND STREET ,CHALKSTONE AVENUE ,Giuseppe Scarcello,485,15-Apr-13,"Two-Way , Not Divided",Dry,Daylight,Clear,Not a Collision Between Two Motor Vehicles in Transport,No,Traffic Control Signal,2,1,Non-Incapacitating,2,41.82609,-71.42328
175739,2013-00032221,2013-04-16,10:32:00 AM,Bicycle,,1,,,1,BENEVOLENT ST,BROOK ST ,Trent Hastings,326,16-Apr-13,"Two-Way , Not Divided",Dry,Daylight,Clear,Angle (Front - to - Side) Right Angle (Includes Broadside),No,Stop Signs,3,1,Complains Of Pain,,41.8249,-71.39897
175782,2013-00032281,2013-04-16,2:18:00 PM,Bicycle,,1,,,1,VALLEY ST,EAGLE ST ,Trent Hastings,326,16-Apr-13,"Two-Way , Not Divided",Dry,Daylight,Clear,Other,No,Flashing Traffic Control Signal,3,1,Complains Of Pain,,41.82741,-71.4364
176056,2013-00033099,2013-04-18,11:29:00 PM,Bicycle,,1,,,1,COLLEGE ST,WESTMINSTER ST ,Noel Field,260,19-Apr-13,"Two-Way , Not Divided",Dry,Dark - Lighted,Cloudy,Not a Collision Between Two Motor Vehicles in Transport,No,Traffic Control Signal,5,1,Incapacitating,2,41.8253,-71.40888
176091,2013-00033392,2013-04-19,6:09:00 PM,Pedestrian,1,,,,1,N MAIN ST,N MAIN ST ,Ralph Abenante,511,19-Apr-13,"Two-Way, Divided, Positive Median Barrier",Wet,Dusk,Cloudy,Head-On (Front - to - Front),No,No Controls,2,1,Complains Of Pain,,41.8434,-71.40715
176125,2013-00033558,2013-04-20,2:10:00 AM,Pedestrian,2,,,,1,548 Atwells Ave,EAGLE ST ,Michael Clary,269,20-Apr-13,"Two-Way , Not Divided",Wet,Dark - Lighted,Rain,Not a Collision Between Two Motor Vehicles in Transport,No,No Controls,4,2,Complains Of Pain,,41.82439,-71.43469
176372,2013-00034219,2013-04-22,8:04:00 AM,Pedestrian,1,,,,1,CUTLER STREET,ATWELLS AVENUE,Joseph Madeira,552,22-Apr-13,"Two-Way , Not Divided",Dry,Daylight,Clear,Other,"Yes, M/V and Driver Left Scene",No Controls,1,1,Complains Of Pain,2,41.82435,-71.41963
176392,2013-00034260,2013-04-22,11:30:00 AM,Bicycle,,1,,,1,1500 BROAD STREET,,Joseph Madeira,552,22-Apr-13,"Two-Way , Not Divided",Dry,Daylight,Clear,Head-On (Front - to - Front),No,No Controls,4,1,Non-Incapacitating,2,41.83116,-71.41751
176607,2013-00034972,2013-04-24,6:09:00 PM,Pedestrian,1,,,,1,plain st ,BORDEN ST ,Ptlm. Chin,516,24-Apr-13,"Two-Way , Not Divided",Dry,Daylight,Clear,Not a Collision Between Two Motor Vehicles in Transport,"Yes, M/V and Driver Left Scene",Stop Signs,1,1,Complains Of Pain,2,41.81334,-71.41232
176613,2013-00034989,2013-04-24,6:45:00 PM,Bicycle,,1,,,1,160 JULIAN STREET,AMHERST ST ,Darren Hull,598,24-Apr-13,"Two-Way , Not Divided",Dry,Daylight,Clear,Angle - Direction Not Specified,No,No Controls,2,1,Complains Of Pain,2,41.82379,-71.44476
176807,2013-00035794,2013-04-27,11:39:00 PM,Pedestrian,1,,,,1,338 Manton Ave,AMHERST ST ,Noel Field,260,27-Apr-13,"Two-Way , Not Divided",Dry,Dark - Lighted,Clear,Not a Collision Between Two Motor Vehicles in Transport,No,No Controls,3,1,Complains Of Pain,2,41.82336,-71.45111
177006,2013-00036416,2013-04-28,2:53:00 PM,Bicycle,,1,,,1,WATERMAN ST,HENDERSON BRIDGE ,Glen Morgan,558,28-Apr-13,One-Way Trafficway,Dry,Daylight,Clear,"Sideswipe, Same Direction",No,No Controls,4,1,Complains Of Pain,,41.82759,-71.38289
177674,2013-00036521,2013-04-28,9:37:00 PM,Pedestrian,1,,,,1,44 WARREN ST,FULLER ST ,Miguel Mena-Torres,493,3-May-13,"Two-Way , Not Divided",Dry,Dark - Lighted,Cloudy,"Sideswipe, Same Direction","Yes, M/V and Driver Left Scene",No Controls,2,1,Complains Of Pain,,41.81081,-71.42593
177281,2013-00036910,2013-04-30,9:31:00 AM,Pedestrian,1,,,,1,PLAINFIELD STREET,ELDER PL ,D. Hull,598,30-Apr-13,"Two-Way, Divided, Unprotected (painted>4feet) Medium",Dry,Daylight,Clear,Not a Collision Between Two Motor Vehicles in Transport,"Yes, M/V and Driver Left Scene",Person,3,1,Complains Of Pain,,41.81293,-71.4574
177345,2013-00037165,2013-04-30,11:31:00 PM,Pedestrian,1,,,,1,DORRANCE STREET,WASHINGTON ST ,Alberto DaCruz,205,1-May-13,One-Way Trafficway,Dry,Dark - Lighted,Clear,Not a Collision Between Two Motor Vehicles in Transport,No,Traffic Control Signal,3,1,Incapacitating,,41.82458,-71.41297
177367,2013-00037251,2013-05-01,10:36:00 AM,Pedestrian,1,,,,1,1473 broad st,BROAD ST ,Ptlm. Chin,516,1-May-13,"Two-Way, Divided, Positive Median Barrier",Dry,Daylight,Clear,Not a Collision Between Two Motor Vehicles in Transport,No,No Controls,2,1,Complains Of Pain,1,41.78732,-71.40273
177669,2013-00038057,2013-05-03,3:32:00 PM,Pedestrian,1,,,,1,CHARLESFIELD ST,HOPE ST ,Nicole Darling,325,3-May-13,"Two-Way , Not Divided",Dry,Daylight,Clear,Not a Collision Between Two Motor Vehicles in Transport,"Yes, M/V and Driver Left Scene",Traffic Control Signal,1,1,Complains Of Pain,,41.82414,-71.3972
177718,2013-00038177,2013-05-03,8:31:00 PM,Bicycle,,1,,,1,Washington St,Greene St,Michael Clary,269,4-May-13,"Two-Way , Not Divided",Dry,Dark - Lighted,Clear,Not a Collision Between Two Motor Vehicles in Transport,"Yes, M/V and Driver Left Scene",Traffic Control Signal,2,1,Complains Of Pain,,41.82126,-71.4172
177797,2013-00038537,2013-05-04,6:35:00 PM,Bicycle,,,,,2,WILLIAMS ST,BROOK ST ,Ptlm. Caraccia,360,4-May-13,"Two-Way , Not Divided",Dry,Daylight,Clear,Not a Collision Between Two Motor Vehicles in Transport,No,Stop Signs,3,2,Non-Incapacitating,,41.82245,-71.39859
177913,2013-00038913,2013-05-05,5:52:00 PM,Pedestrian,1,,,,1,98/ 100 Rosedale St,ELLERY ST ,"Noel Field, Sigillo and Clary",260,5-May-13,"Two-Way , Not Divided",Dry,Daylight,Clear,Not a Collision Between Two Motor Vehicles in Transport,No,No Controls,7,1,Fatal,2,41.81055,-71.43911
178267,2013-00040162,2013-05-09,10:29:00 AM,Pedestrian,1,,,,1,HAWTHORNE ST,BUCKLIN ST ,Luis Fernandez,531,9-May-13,"Two-Way , Not Divided",Wet,Daylight,Cloudy,Not a Collision Between Two Motor Vehicles in Transport,No,No Controls,2,1,Complains Of Pain,,41.80097,-71.42778
178332,2013-00040272,2013-05-09,3:37:00 PM,Pedestrian,1,,,,1,PRUDENCE AVE,,Matthew Cute,308,9-May-13,"Two-Way , Not Divided",Dry,Daylight,Clear,Not a Collision Between Two Motor Vehicles in Transport,No,No Controls,2,1,Complains Of Pain,,41.80626,-71.45955
178826,2013-00042104,2013-05-14,11:04:00 AM,Pedestrian,1,,,,1,MANTON AVE,GREENWOOD ST ,Trent Hastings,326,14-May-13,"Two-Way , Not Divided",Dry,Daylight,Clear,Not a Collision Between Two Motor Vehicles in Transport,No,No Controls,2,1,Complains Of Pain,,41.82377,-71.45168
178875,2013-00042203,2013-05-14,4:45:00 PM,Bicycle,,1,,,1,35 Hollis St,PARADE ST ,Ptlm. Chin,516,14-May-13,"Two-Way , Not Divided",Dry,Daylight,Cloudy,Not a Collision Between Two Motor Vehicles in Transport,No,No Controls,5,1,Complains Of Pain,2,41.81071,-71.43095
179030,2013-00042607,2013-05-15,9:46:00 PM,Bicycle,,1,,,1,KILLINGLY ST,DUXBURY ST ,Jason Andrade,200,15-May-13,"Two-Way, Divided, Positive Median Barrier",Dry,Dark - Lighted,Cloudy,Head-On (Front - to - Front),No,No Controls,2,1,Complains Of Pain,,41.81381,-71.46094
179032,2013-00042628,2013-05-15,11:08:00 PM,Pedestrian,1,,,,1,Dorrance St,Westminster St,Andrew Groot,188,16-May-13,"Two-Way, Divided, Unprotected (painted>4feet) Medium",Dry,Dark - Lighted,Clear,Not a Collision Between Two Motor Vehicles in Transport,"Yes, M/V and Driver Left Scene",Traffic Control Signal,2,1,Complains Of Pain,,41.82361,-71.41167
179105,2013-00042848,2013-05-16,4:25:00 PM,Bicycle,,1,,,1,Governor Street,ANGELL ST ,Donald Castigliego,287,16-May-13,One-Way Trafficway,Dry,Daylight,Clear,Not a Collision Between Two Motor Vehicles in Transport,No,No Controls,3,1,Complains Of Pain,1,41.82835,-71.39391
179246,2013-00043168,2013-05-17,11:57:00 AM,Bicycle,,1,,,1,153 BROAD STREET,CLAVERICK STREET,Joseph Madeira,552,17-May-13,"Two-Way , Not Divided",Dry,Daylight,Clear,Other,No,No Controls,2,1,Complains Of Pain,2,41.82955,-71.41802
179281,2013-00043566,2013-05-18,9:49:00 AM,Bicycle,,1,,,1,550 Hartford ave ,HARTFORD AVE ,Keith Lafazia,394,18-May-13,"Two-Way , Not Divided",Dry,Daylight,Clear,Head-On (Front - to - Front),"Yes, M/V and Driver Left Scene",No Controls,2,1,Complains Of Pain,,41.81913,-71.4627
179364,2013-00043745,2013-05-18,7:39:00 PM,Pedestrian,2,,,,1,AUDREY ST,BOWDOIN ST ,Taylor Britto,202,18-May-13,"Two-Way , Not Divided",Dry,Daylight,Clear,Head-On (Front - to - Front),"Yes, M/V and Driver Left Scene",No Controls,2,2,Complains Of Pain,,41.82033,-71.44318
179425,2013-00044170,2013-05-19,8:52:00 PM,Bicycle,,1,,,1,A ST,PERKINS ST ,Noel Field,260,19-May-13,"Two-Way , Not Divided",Wet,Dark - Lighted,Rain,Not a Collision Between Two Motor Vehicles in Transport,"Yes, M/V and Driver Left Scene",No Controls,4,1,Complains Of Pain,2,41.81459,-71.42379
179494,2013-00044444,2013-05-20,5:30:00 PM,Bicycle,,1,,,1,Somerset ,,Papa ,187,20-May-13,"Two-Way , Not Divided",Dry,Daylight,Clear,Not a Collision Between Two Motor Vehicles in Transport,No,No Controls,3,1,Complains Of Pain,,41.81255,-71.41833
179747,2013-00045215,2013-05-22,7:48:00 PM,Bicycle,,1,,,1,11 Sackett St,,Michael Clary,269,22-May-13,"Two-Way , Not Divided",Dry,Dusk,Clear,Not a Collision Between Two Motor Vehicles in Transport,No,No Controls,2,1,Complains Of Pain,,41.79594,-71.41283
180345,2013-00046420,2013-05-26,1:11:00 AM,Bicycle,,1,,,1,SABIN ST,MATHEWSON ST ,Alberto DaCruz,205,27-May-13,One-Way Trafficway,Wet,Dark - Lighted,Cloudy,Angle (Front - to - Side) Right Angle (Includes Broadside),No,No Controls,2,1,Complains Of Pain,,41.82397,-71.4163
180549,2013-00047130,2013-05-28,4:18:00 AM,Pedestrian,1,,,,1,BATH ST,W PARK ST ,Thomas Connetta,374,28-May-13,"Two-Way , Not Divided",Dry,Dark - Lighted,Clear,Not a Collision Between Two Motor Vehicles in Transport,No,No Controls,4,1,Fatal,,41.83186,-71.4246
180709,2013-00047656,2013-05-29,5:27:00 PM,Pedestrian,1,,,,1,WAYLAND AVE,S ANGELL ST ,Fausto Garcia,109,29-May-13,"Two-Way , Not Divided",Dry,Daylight,Clear,Other,No,Traffic Control Signal,2,1,Complains Of Pain,2,41.83003,-71.38795
180742,2013-00047817,2013-05-30,7:03:00 AM,Pedestrian,1,,,,1,EDDY STREET,DUDLEY STREET,Joseph Madeira,552,30-May-13,"Two-Way , Not Divided",Dry,Daylight,Clear,Other,No,Traffic Control Signal,2,1,Complains Of Pain,2,41.82602,-71.41884
180771,2013-00047871,2013-05-30,10:59:00 AM,Pedestrian,1,,,,1,WASHINGTON STREET,GREENE STREET,Joseph Madeira,552,30-May-13,"Two-Way , Not Divided",Dry,Daylight,Clear,Other,No,No Controls,2,1,Non-Incapacitating,2,41.82762,-71.41844
181003,2013-00048411,2013-05-31,5:18:00 PM,Pedestrian,1,,,,1,Smith Street,River Avenue,Brian Dyer,180,31-May-13,"Two-Way , Not Divided",Dry,Daylight,Clear,Unknown,No,No Controls,2,0,No Injury,,41.84063,-71.44055
181047,2013-00048388,2013-05-31,4:34:00 PM,Pedestrian,1,,,,1,160 Pine St,RICHMOND ST ,Ptlm. Chin,516,31-May-13,One-Way Trafficway,Other,Daylight,Clear,Not a Collision Between Two Motor Vehicles in Transport,No,Flashing Traffic Control Signal,10,2,Complains Of Pain,1,41.82051,-71.41189
181201,2013-00048757,2013-06-01,12:46:00 PM,Bicycle,,1,,,1,BYFIELD ST,BROAD ST,Merrick Cook,280,2-Jun-13,"Two-Way , Not Divided",Dry,Daylight,Clear,Angle (Front - to - Side) Right Angle (Includes Broadside),No,Stop Signs,3,1,Non-Incapacitating,2,41.79439,-71.40993
181335,2013-00049577,2013-06-03,3:25:00 PM,Pedestrian,1,,,,1,SILVER SPRING ST,ROYAL LITTLE DR ,Michael Pattie,316,3-Jun-13,"Two-Way, Divided, Unprotected (painted>4feet) Medium",Wet,Daylight,Cloudy,Angle (Front - to - Side) Right Angle (Includes Broadside),No,No Controls,2,1,Complains Of Pain,,41.84669,-71.41621
181350,2013-00049534,2013-06-03,1:10:00 PM,Pedestrian,1,,,,1,530 NORTH MAIN ST,RANDALL SQ ,Trent Hastings,326,3-Jun-13,Unknown,Dry,Daylight,Cloudy,Unknown,No,No Controls,2,1,Complains Of Pain,,41.83694,-71.40987
181653,2013-00049544,2013-06-03,1:49:00 PM,Pedestrian,1,,,,1,HARTFORD AVE,HARTFORD AVE ,Darren Hull,598,5-Jun-13,"Two-Way, Divided, Unprotected (painted>4feet) Medium",Dry,Daylight,Clear,"Sidwswipe, Opposite Direction",No,No Controls,2,0,No Injury,,41.81846,-71.45798
181473,2013-00049880,2013-06-04,1:08:00 PM,Pedestrian,1,,,,1,FENNER STREET,,Joseph Madeira,552,4-Jun-13,"Two-Way , Not Divided",Dry,Daylight,Clear,Other,No,No Controls,3,1,Non-Incapacitating,,41.82672,-71.41981
181663,2013-00050216,2013-06-05,10:19:00 AM,Pedestrian,1,,,,1,1023 CHALKSTONE AVENUE,,Joseph Madeira,552,5-Jun-13,"Two-Way , Not Divided",Dry,Daylight,Clear,Other,"Yes, M/V and Driver Left Scene",No Controls,1,1,Non-Incapacitating,2,41.82678,-71.41882
181945,2013-00050659,2013-06-06,2:25:00 PM,Pedestrian,1,,,,1,WATERMAN ST,BROWN ST ,Thomas Rose,465,7-Jun-13,One-Way Trafficway,Dry,Daylight,Clear,Other,No,Pavement Markings,3,1,Complains Of Pain,,41.82705,-71.40304
182191,2013-00051339,2013-06-08,2:08:00 PM,Bicycle,,1,,,1,102 ALTHEA ST,,MICHAEL R. TROIA / TRAFFIC BUREAU,331,8-Jun-13,"Two-Way , Not Divided",Dry,Daylight,Clear,Not a Collision Between Two Motor Vehicles in Transport,No,No Controls,2,1,Complains Of Pain,2,41.80804,-71.4357
183726,2013-00052127,2013-06-10,12:30:00 PM,Pedestrian,1,,,,1,Cranston St.,HUNTINGTON AVE ,Frank Moody,328,18-Jun-13,"Two-Way , Not Divided",Dry,Daylight,Clear,Angle (Front - to - Side) Right Angle (Includes Broadside),No,Traffic Control Signal,2,1,Complains Of Pain,,41.80379,-71.43918
183059,2013-00052907,2013-06-12,5:02:00 PM,Pedestrian,1,,,,1,Chalkstone Ave,Violet St,Ptlm. Dalton,257,12-Jun-13,"Two-Way , Not Divided",Dry,Daylight,Clear,Not a Collision Between Two Motor Vehicles in Transport,"Yes, M/V and Driver Left Scene",No Controls,1,1,Complains Of Pain,,41.83495,-71.42669
183115,2013-00053148,2013-06-13,11:36:00 AM,Pedestrian,1,,,,1,SMITH ST,ACADEMY AVE,Jin O,147,13-Jun-13,"Two-Way , Not Divided",Wet,Daylight,Rain,Not a Collision Between Two Motor Vehicles in Transport,"Yes, M/V and Driver Left Scene",Traffic Control Signal,3,0,No Injury,2,41.84258,-71.44515
183246,2013-00053327,2013-06-13,10:55:00 PM,Bicycle,,1,,,1,Friendship,LOCKWOOD ST ,Margaret Schlageter,472,13-Jun-13,"Two-Way , Not Divided",Wet,Dark - Unknown Lighting,Rain,Angle (Front - to - Side) Right Angle (Includes Broadside),No,Stop Signs,2,1,Complains Of Pain,1,41.81367,-71.4174
183496,2013-00054126,2013-06-15,11:00:00 PM,Pedestrian,1,,,,1,DEAN ST,UNNAMED_38 ,Andrew Mignanelli,361,16-Jun-13,One-Way Trafficway,Dry,Dark - Lighted,Clear,Other,"Yes, M/V and Driver Left Scene",No Controls,1,1,Non-Incapacitating,,41.82995,-71.42713
183711,2013-00054818,2013-06-17,4:10:00 PM,Pedestrian,1,,,,1,WICKENDEN ST,TRAVERSE ST ,Fausto Garcia,109,17-Jun-13,"Two-Way , Not Divided",Dry,Daylight,Clear,Not a Collision Between Two Motor Vehicles in Transport,No,No Controls,2,1,Complains Of Pain,2,41.8193,-71.39969
183933,2013-00055672,2013-06-19,8:33:00 PM,Pedestrian,1,,,,1,unknown,unknown,Ptlm. Chin,516,19-Jun-13,"Two-Way , Not Divided",Unknown,Dark - Lighted,Cloudy,Not a Collision Between Two Motor Vehicles in Transport,"Yes, M/V and Driver Left Scene",Unknown,1,1,Complains Of Pain,2,41.82547,-71.40121
185346,2013-00059997,2013-06-30,7:07:00 PM,Bicycle,,1,,,1,CRANSTON ST,WAVERLY ST ,Miguel Mena-Torres,493,30-Jun-13,"Two-Way , Not Divided",Dry,Daylight,Cloudy,Not a Collision Between Two Motor Vehicles in Transport,No,No Controls,2,1,Complains Of Pain,,41.80832,-71.43454
185417,2013-00060250,2013-07-01,3:23:00 PM,Bicycle,,1,,,1,INDUSTRIAL DR,N MAIN ST ,Ralph Abenante,511,1-Jul-13,"Two-Way, Divided, Unprotected (painted>4feet) Medium",Dry,Daylight,Cloudy,Angle (Front - to - Side) Same Direction,"Yes, M/V and Driver Left Scene",Flashing Traffic Control Signal,3,1,Complains Of Pain,,41.84063,-71.40872
185467,2013-00060375,2013-07-01,9:09:00 PM,Pedestrian,1,,,,1,1022 BROAD STREET,BROAD ST ,Jared Stanzione,193,1-Jul-13,"Two-Way , Not Divided",Wet,Dark - Not Lighted,Rain,Not a Collision Between Two Motor Vehicles in Transport,"Yes, M/V and Driver Left Scene",No Controls,2,1,Incapacitating,,41.79716,-71.41337