CrashReportId,ReportNumber,CrashDate,CrashTime,Collision Type,CountPedestrian,CountBicycle,Scooter,Wheel Chair,NumberofVehicles,StreetOrHighway,NearestIntersection,Officer,Badge,ReportDate,TypeOfRoadway,RoadSurfaceCondition,LightCondition,WeatherCondition,MannerofImpact,HitAndRun,TrafficControl,PersonCount,InjuryCount,MostSeriousInjury,NumberOfLanes,Latitude,Longitude
196832,2013-00094748,2013-10-04,8:15:00 AM,Pedestrian,1,,,,1,PETTEYS AVE,GLENBRIDGE AVE ,Joseph Kane,544,4-Oct-13,"Two-Way , Not Divided",Dry,Daylight,Cloudy,Not a Collision Between Two Motor Vehicles in Transport,"Yes, M/V and Driver Left Scene",Traffic Control Signal,3,1,Complains Of Pain,,41.81897,-71.46159
196850,2013-00094803,2013-10-04,11:55:00 AM,Bicycle,,1,,,1,BLACKSTONE BLVD,BUTLER DR ,Andrew Frolich,673,4-Oct-13,"Two-Way, Divided, Unprotected (painted>4feet) Medium",Wet,Daylight,Rain,Angle (Front - to - Side) Right Angle (Includes Broadside),No,No Controls,3,0,No Injury,,41.84616,-71.38677
196963,2013-00095173,2013-10-05,7:25:00 AM,Bicycle,,1,,,1,1880 WESTMINSTER ST,TROY ST ,Trent Hastings,326,5-Oct-13,"Two-Way , Not Divided",Dry,Daylight,Cloudy,Not a Collision Between Two Motor Vehicles in Transport,No,No Controls,3,0,No Injury,,41.81649,-71.44118
197120,2013-00095757,2013-10-06,4:20:00 PM,Pedestrian,1,,,,1,MESSER ST,,MICHAEL R. TROIA / TRAFFIC BUREAU,331,6-Oct-13,"Two-Way , Not Divided",Unknown,Unknown,Clear,Unknown,"Yes, M/V and Driver Left Scene",No Controls,1,1,Complains Of Pain,2,41.8109,-71.4354
197725,2013-00095825,2013-10-06,10:02:00 PM,Pedestrian,1,,,,1,365 Atwells Ave,,Michael Clary,269,7-Oct-13,"Two-Way , Not Divided",Wet,Dark - Lighted,Rain,Not a Collision Between Two Motor Vehicles in Transport,No,No Controls,3,1,Complains Of Pain,,41.82379,-71.42978
197272,2013-0096102,2013-10-07,6:09:00 PM,Pedestrian,1,1,,,1,ACADEMY AVENUE,WHITFORD AVENUE,Giuseppe Scarcello,485,7-Oct-13,"Two-Way , Not Divided",Dry,Daylight,Clear,Not a Collision Between Two Motor Vehicles in Transport,No,Stop Signs,5,2,Incapacitating,2,41.82351,-71.43477
197313,2013-00096182,2013-10-08,12:16:00 AM,Bicycle,,1,,,1,WHITMARSH ST,ELMWOOD AVE,John Martin,186,8-Oct-13,"Two-Way , Not Divided",Dry,Dark - Lighted,Cloudy,Not a Collision Between Two Motor Vehicles in Transport,"Yes, M/V and Driver Left Scene",Stop Signs,1,1,Complains Of Pain,2,41.80596,-71.42507
197348,2013-00096220,2013-10-08,6:56:00 AM,Bicycle,,1,,,1,530 NORTH MAIN STREET,,Joseph Madeira,552,8-Oct-13,"Two-Way , Not Divided",Dry,Daylight,Clear,Other,No,No Controls,2,0,No Injury,2,41.83294,-71.41683
197390,2013-00096306,2013-10-08,1:04:00 PM,Bicycle,,1,,,1,BROOK STREET,TRANSIT STREET,Joseph Madeira,552,8-Oct-13,"Two-Way , Not Divided",Dry,Daylight,Clear,Other,No,Stop Signs,4,1,Complains Of Pain,,41.83286,-71.41687
197438,2013-00096420,2013-10-08,7:03:00 PM,Pedestrian,1,,,,1,REGENT AVE,HAROLD ST ,Nicole Darling,325,8-Oct-13,"Two-Way , Not Divided",Dry,Daylight,Clear,Not a Collision Between Two Motor Vehicles in Transport,"Yes, M/V and Driver Left Scene",No Controls,3,1,Complains Of Pain,,41.82971,-71.43876
197542,2013-00096863,2013-10-09,10:45:00 PM,Bicycle,,1,,,1,Dean St.,West Exchange St.,Noel Field,260,9-Oct-13,"Two-Way, Divided, Positive Median Barrier",Dry,Dark - Lighted,Clear,Not a Collision Between Two Motor Vehicles in Transport,No,Traffic Control Signal,3,1,Complains Of Pain,4,41.82543,-71.42583
197572,2013-00096883,2013-10-10,12:45:00 AM,Bicycle,,1,,,1,Promenade St,ACORN ST ,Noel Field,260,10-Oct-13,One-Way Trafficway,Dry,Dark - Not Lighted,Clear,Not a Collision Between Two Motor Vehicles in Transport,No,No Controls,2,1,Complains Of Pain,,41.82886,-71.42864
198226,2013-00097061,2013-10-10,4:05:00 PM,Pedestrian,1,,,,1,FISK ST,BERNARD ST ,Carla Cavanaugh,189,16-Oct-13,Unknown,Dry,Daylight,Clear,Other,No,No Controls,5,1,Complains Of Pain,,41.7906,-71.40594
197680,2013-00097323,2013-10-11,1:00:00 PM,Bicycle,,1,,,1,CHURCH ST,BENEFIT ST ,Thomas Rose,465,11-Oct-13,"Two-Way , Not Divided",Dry,Daylight,Clear,"Sidwswipe, Opposite Direction",No,No Controls,2,1,Non-Incapacitating,,41.83099,-71.40908
197735,2013-00097614,2013-10-12,2:45:00 AM,Pedestrian,1,,,,1,DOUGLAS AVE,EATON ST ,Michael Sullivan,347,12-Oct-13,"Two-Way , Not Divided",Dry,Dark - Lighted,Clear,Not a Collision Between Two Motor Vehicles in Transport,"Yes, M/V and Driver Left Scene",No Controls,1,1,Incapacitating,,41.84093,-71.42727
197831,2013-00097860,2013-10-12,8:11:00 PM,Bicycle,,1,,,1,WATERMAN ST,BROWN ST ,Khari Bass,312,12-Oct-13,One-Way Trafficway,Dry,Dark - Lighted,Clear,Not a Collision Between Two Motor Vehicles in Transport,No,Stop Signs,2,1,Complains Of Pain,,41.82705,-71.40304
198912,2013-00097770,2013-10-12,2:57:00 PM,Bicycle,,1,,,1,S MAIN ST,COLLEGE ST ,KEN MATSUMOTO,348,21-Oct-13,One-Way Trafficway,Dry,Daylight,Clear,Unknown,No,No Controls,1,1,Complains Of Pain,,41.82547,-71.40771
197951,2013-00098323,2013-10-14,12:55:00 AM,Pedestrian,2,,,,1,BROAD ST,BROAD ST ,Michael Duffy,354,14-Oct-13,"Two-Way , Not Divided",Dry,Dark - Lighted,Clear,Not a Collision Between Two Motor Vehicles in Transport,"Yes, M/V and Driver Left Scene",No Controls,2,0,No Injury,,41.80956,-71.42095
198016,2013-00098440,2013-10-14,2:52:00 PM,Pedestrian,1,,,,1,POCASSET AVE,BANCROFT ST ,MICHAEL R. TROIA / TRAFFIC BUREAU,331,14-Oct-13,"Two-Way , Not Divided",Dry,Daylight,Clear,Not a Collision Between Two Motor Vehicles in Transport,No,Pavement Markings,4,1,Complains Of Pain,2,41.81334,-71.44837
198054,2013-00098515,2013-10-14,7:01:00 PM,Bicycle,,1,,,1,Berlin St,Chalkstone Ave.,Noel Field,260,14-Oct-13,"Two-Way , Not Divided",Dry,Dark - Lighted,Clear,Not a Collision Between Two Motor Vehicles in Transport,No,Stop Signs,6,1,Complains Of Pain,2,41.83228,-71.44173
198110,2013-00098802,2013-10-15,6:34:00 PM,Bicycle,,1,,,1,WATERMAN STREET,IVES ST ,Ptlm R Caraccia,360,15-Oct-13,One-Way Trafficway,Dry,Dark - Lighted,Clear,Not a Collision Between Two Motor Vehicles in Transport,No,Stop Signs,4,1,Non-Incapacitating,2,41.82778,-71.39291
198165,2013-00098937,2013-10-16,9:00:00 AM,Pedestrian,1,,,,1,JULIAN ST,KOSSUTH ST ,Mark Dececco,407,16-Oct-13,Unknown,Dry,Daylight,Cloudy,Other,No,No Controls,3,1,Complains Of Pain,,41.82269,-71.44492
198292,2013-00099271,2013-10-17,9:36:00 AM,Bicycle,,1,,,1,GOVERNOR ST,PRESTON ST ,Derrek Edmonds,550,17-Oct-13,"Two-Way , Not Divided",Dry,Daylight,Clear,"Sideswipe, Same Direction",No,No Controls,3,1,Complains Of Pain,,41.82408,-71.39409
198494,2013-00099801,2013-10-18,5:15:00 PM,Bicycle,,1,,,1,WESTMINSTER ST,HAMMOND ST ,MICHAEL R. TROIA / TRAFFIC BUREAU,331,18-Oct-13,"Two-Way , Not Divided",Dry,Daylight,Clear,Not a Collision Between Two Motor Vehicles in Transport,No,No Controls,4,1,Complains Of Pain,2,41.81684,-71.42907
198638,2013-00099542,2013-10-18,12:04:00 AM,Pedestrian,1,,,,1,765 Westminster St,Cahir St,Michael Clary,269,20-Oct-13,"Two-Way , Not Divided",Dry,Dark - Lighted,Clear,Not a Collision Between Two Motor Vehicles in Transport,No,No Controls,3,1,Complains Of Pain,,41.81815,-71.42034
198742,2013-00100455,2013-10-20,5:32:00 AM,Pedestrian,1,,,,1,BRIDGHAM ST,ELMWOOD AVE ,Joseph Pineau,256,21-Oct-13,"Two-Way , Not Divided",Dry,Dark - Lighted,Clear,Other,"Yes, M/V and Driver Left Scene",Traffic Control Signal,2,1,Complains Of Pain,4,41.81277,-71.42218
199148,2013-00100849,2013-10-21,1:10:00 PM,Pedestrian,1,,,,1,MESSER ST,OAK ST ,Jesse Ferrell,428,21-Oct-13,"Two-Way , Not Divided",Dry,Daylight,Clear,Other,No,No Controls,3,1,Complains Of Pain,,41.81496,-71.43677
199046,2013-00101205,2013-10-22,2:59:00 PM,Bicycle,,1,,,1,WESTMINSTER ST,WINTER ST ,E.S. Bogda,609,22-Oct-13,"Two-Way , Not Divided",Dry,Daylight,Clear,"Sideswipe, Same Direction","Yes, M/V and Driver Left Scene",No Controls,4,1,Complains Of Pain,2,41.81741,-71.42241
199171,2013-00101114,2013-10-22,9:55:00 AM,Bicycle,,1,,,1,345 BLACKSTONE BLVD,BUTLER DR ,Trent Hastings,326,23-Oct-13,"Two-Way , Not Divided",Dry,Daylight,Clear,Not a Collision Between Two Motor Vehicles in Transport,No,No Controls,2,1,Complains Of Pain,,41.84616,-71.38677
199173,2013-00101448,2013-10-23,9:46:00 AM,Pedestrian,1,,,,1,BROAD ST,HOMER ST,Trent Hastings,326,23-Oct-13,"Two-Way , Not Divided",Dry,Daylight,Cloudy,Not a Collision Between Two Motor Vehicles in Transport,"Yes, M/V and Driver Left Scene",No Controls,2,1,Complains Of Pain,,41.78886,-71.40405
199208,2013-00101555,2013-10-23,3:27:00 PM,Pedestrian,1,,,,1,WESTMINSTER ST,CAHIR ST ,Ricardo Silva,185,23-Oct-13,"Two-Way, Divided, Unprotected (painted>4feet) Medium",Dry,Daylight,Cloudy,Not a Collision Between Two Motor Vehicles in Transport,No,No Controls,2,1,Complains Of Pain,,41.81797,-71.42071
199688,2013-00102583,2013-10-26,5:23:00 PM,Pedestrian,1,,,,1,1 West Exchange Street,EXCHANGE TER ,Anthony Doucette,475,26-Oct-13,One-Way Trafficway,Dry,Daylight,Cloudy,Unknown,No,No Controls,3,1,Complains Of Pain,,41.82485,-71.41559
199963,2013-00103352,2013-10-29,9:33:00 AM,Bicycle,,1,,,1,BATH ST,CHALKSTONE AVE ,Raymond King,633,29-Oct-13,"Two-Way , Not Divided",Dry,Daylight,Clear,Angle (Front - to - Side) Right Angle (Includes Broadside),No,No Controls,4,1,Complains Of Pain,2,41.83511,-71.42583
199968,2013-00103393,2013-10-29,11:58:00 AM,Pedestrian,1,,,,1,CHARLES ST,BRANCH AVE ,Peter Conley,571,29-Oct-13,"Two-Way , Not Divided",Dry,Daylight,Clear,Not a Collision Between Two Motor Vehicles in Transport,"Yes, M/V and Driver Left Scene",Stop Signs,4,1,Complains Of Pain,,41.85026,-71.41998
199987,2013-00103410,2013-10-29,12:52:00 PM,Pedestrian,1,,,,1,COLLYER ST,COLLYER ST ,Andrew Frolich,673,29-Oct-13,Unknown,Dry,Daylight,Clear,Other,No,No Controls,4,0,No Injury,,41.85541,-71.40307
200314,2013-00104172,2013-10-31,8:16:00 PM,Pedestrian,1,,,,1,RUTHERGLEN AVE,NARRAGANSETT AVE ,Edward Leste,595,31-Oct-13,"Two-Way , Not Divided",Wet,Dawn,Rain,Not a Collision Between Two Motor Vehicles in Transport,"Yes, M/V and Driver Left Scene",Stop Signs,2,1,Complains Of Pain,,41.78696,-71.42308
200875,2013-00104150,2013-10-31,6:54:00 PM,Pedestrian,1,,,,1,VALLEY ST,HEMLOCK ST ,Francisco Furtado,635,4-Nov-13,"Two-Way, Divided, Unprotected (painted>4feet) Medium",Wet,Dark - Lighted,"Sleet, Hail (Freezing Rain or Drizzle)",Other,No,No Controls,10,1,Incapacitating,,41.83058,-71.4302
200400,2013-00104267,2013-11-01,12:18:00 AM,Pedestrian,1,,,,1,Dorrance St,Pine St,Michael Clary,269,1-Nov-13,"Two-Way , Not Divided",Wet,Dark - Lighted,Rain,Not a Collision Between Two Motor Vehicles in Transport,"Yes, M/V and Driver Left Scene",Pavement Markings,9,1,Incapacitating,,41.82237,-71.41006
200422,2013-00104464,2013-11-01,12:24:00 PM,Pedestrian,1,,,,1,MATHEWSON ST,MATHEWSON ST ,George SanAntonio,604,1-Nov-13,One-Way Trafficway,Wet,Daylight,Rain,Not a Collision Between Two Motor Vehicles in Transport,No,No Controls,3,1,Complains Of Pain,1,41.82396,-71.41628
200634,2013-00105178,2013-11-03,2:54:00 AM,Pedestrian,1,,,,1,PUTNAM ST,HALE ST ,Peter Colt,178,3-Nov-13,One-Way Trafficway,Dry,Dark - Lighted,Clear,Not a Collision Between Two Motor Vehicles in Transport,"Yes, M/V and Driver Left Scene",No Controls,1,1,Incapacitating,,41.82395,-71.44387
201139,2013-00105915,2013-11-05,5:25:00 PM,Pedestrian,1,,,,1,THAYER ST,ANGELL ST ,MICHAEL R. TROIA / TRAFFIC BUREAU,331,5-Nov-13,One-Way Trafficway,Dry,Dark - Lighted,Clear,Not a Collision Between Two Motor Vehicles in Transport,No,Traffic Control Signal,4,1,Complains Of Pain,1,41.82813,-71.40066
201209,2013-00105928,2013-11-05,6:03:00 PM,Pedestrian,2,,,,1,PARKING LOT,SILVER SPRING ST,Michael Pattie,316,5-Nov-13,"Two-Way , Not Divided",Dry,Dark - Lighted,Clear,Other,No,No Controls,3,2,Complains Of Pain,,41.85631,-71.41089
201271,2013-00106153,2013-11-06,2:00:00 PM,Pedestrian,2,,,,1,HOPE STREET,CYPRESS STREET,Joseph Madeira,552,6-Nov-13,"Two-Way , Not Divided",Dry,Daylight,Clear,Other,No,No Controls,7,1,Non-Incapacitating,2,41.83139,-71.4177
201500,2013-00106580,2013-11-07,5:48:00 PM,Bicycle,,1,,,1,broad st ,CAHIR ST ,Ptlm. Chin,516,7-Nov-13,"Two-Way , Not Divided",Wet,Dark - Lighted,Rain,Not a Collision Between Two Motor Vehicles in Transport,No,Traffic Control Signal,4,1,Complains Of Pain,2,41.81692,-71.41795
201575,2013-00106681,2013-11-07,11:29:00 PM,Pedestrian,1,,,,1,COMSTOCK AVE,Broad St,Michael Sullivan,347,8-Nov-13,"Two-Way , Not Divided",Dry,Dark - Lighted,Clear,Not a Collision Between Two Motor Vehicles in Transport,No,No Controls,2,1,Complains Of Pain,2,41.80948,-71.42091
201659,2013-00106769,2013-11-08,9:52:00 AM,Pedestrian,1,,,,1,WASHINGTON ST,EMPIRE ST ,George SanAntonio,604,8-Nov-13,"Two-Way , Not Divided",Dry,Daylight,Clear,Not a Collision Between Two Motor Vehicles in Transport,No,Traffic Control Signal,4,0,No Injury,2,41.82182,-71.41645
202021,2013-00107802,2013-11-11,1:04:00 PM,Pedestrian,1,,,,1,315 BROAD STREET,,Joseph Madeira,552,11-Nov-13,"Two-Way, Divided, Positive Median Barrier",Dry,Daylight,Clear,Other,No,No Controls,3,1,Complains Of Pain,2,41.83349,-71.41682
202063,2013-00107964,2013-11-11,11:45:00 PM,Pedestrian,1,,,,1,FRANCIS ST,SMITH ST ,Paul Principale,322,12-Nov-13,"Two-Way , Not Divided",Wet,Dark - Lighted,Rain,Angle (Front - to - Side) Right Angle (Includes Broadside),No,Traffic Control Signal,2,1,Incapacitating,4,41.83182,-71.41629
202196,2013-00108185,2013-11-12,5:27:00 PM,Pedestrian,1,,,,1,WASHINGTON ST,EMPIRE ST ,Robert Kells,463,12-Nov-13,"Two-Way , Not Divided",Dry,Dark - Lighted,Clear,Other,No,Traffic Control Signal,3,1,Complains Of Pain,,41.82182,-71.41645
202380,2013-00108485,2013-11-13,5:00:00 PM,Pedestrian,1,,,,1,BROAD STREET,BROAD ST ,Jared Stanzione,193,13-Nov-13,"Two-Way , Not Divided",Dry,Dark - Lighted,Clear,Not a Collision Between Two Motor Vehicles in Transport,No,No Controls,6,0,No Injury,2,41.81428,-71.42123
202430,2013-00108518,2013-11-13,6:24:00 PM,Pedestrian,1,,,,1,1516 WESTMINSTER ST,,MICHAEL R. TROIA / TRAFFIC BUREAU,331,13-Nov-13,"Two-Way , Not Divided",Dry,Dark - Lighted,Clear,Not a Collision Between Two Motor Vehicles in Transport,No,No Controls,2,1,Complains Of Pain,2,41.81617,-71.43475
202628,2013-00108841,2013-11-14,6:59:00 PM,Bicycle,,1,,,1,Power St,HOPE ST ,Ptlm. Chin,516,14-Nov-13,"Two-Way , Not Divided",Dry,Dark - Lighted,Clear,Not a Collision Between Two Motor Vehicles in Transport,No,Stop Signs,4,1,Complains Of Pain,2,41.82318,-71.39702
202802,2013-00109064,2013-11-15,12:09:00 PM,Bicycle,,1,,,1,413 FRIENDSHIP ST,SOMERSET ST ,Trent Hastings,326,16-Nov-13,One-Way Trafficway,Dry,Daylight,Clear,Not a Collision Between Two Motor Vehicles in Transport,"Yes, M/V and Driver Left Scene",No Controls,1,1,Complains Of Pain,,41.81235,-71.41865
202815,2013-00109259,2013-11-15,9:45:00 PM,Pedestrian,1,,,,1,EXCHANGE TER,FRANCIS ST ,Anthony Doucette,475,16-Nov-13,"Two-Way , Not Divided",Dry,Dark - Unknown Lighting,Clear,Unknown,No,Traffic Control Signal,5,1,Complains Of Pain,,41.82503,-71.4148
202871,2013-00109668,2013-11-16,10:10:00 PM,Pedestrian,1,,,,1,EATON ST,HUXLEY AVE ,Vincent Pazzetta,641,16-Nov-13,"Two-Way , Not Divided",Dry,Dark - Lighted,Clear,Not a Collision Between Two Motor Vehicles in Transport,No,No Controls,3,1,Non-Incapacitating,,41.84143,-71.43305
202981,2013-00109947,2013-11-17,8:21:00 PM,Bicycle,,1,,,1,BRANCH AVE,HAWKINS ST ,Michael Pattie,316,17-Nov-13,"Two-Way, Divided, Unprotected (painted>4feet) Medium",Wet,Dark - Lighted,Rain,Other,No,No Controls,2,1,Incapacitating,1,41.85087,-71.42136
203073,2013-00109851,2013-11-17,11:47:00 AM,Pedestrian,1,,,,1,74 MURRAY ST,ETHAN ST ,Trent Hastings,326,18-Nov-13,"Two-Way , Not Divided",Dry,Daylight,Clear,Not a Collision Between Two Motor Vehicles in Transport,No,No Controls,2,1,Complains Of Pain,,41.80856,-71.45905
203405,2013-00110689,2013-11-20,9:07:00 AM,Pedestrian,1,,,,1,BORDEN ST, EDDY ST,Richard Mills,424,20-Nov-13,One-Way Trafficway,Dry,Daylight,Clear,Not a Collision Between Two Motor Vehicles in Transport,No,Traffic Control Signal,2,1,Complains Of Pain,,41.81342,-71.40833
203712,2013-00111370,2013-11-22,2:07:00 PM,Pedestrian,1,,,,1,Leah Street ,Roanoke Street ,Giuseppe Scarcello,485,22-Nov-13,"Two-Way , Not Divided",Wet,Daylight,Cloudy,Angle (Front - to - Side) Right Angle (Includes Broadside),No,No Controls,4,1,Complains Of Pain,2,41.81948,-71.43758
204273,2013-00112952,2013-11-27,4:20:00 PM,Pedestrian,1,,,,1,FONES ALY,BROOK ST ,Ptlm. Chin,516,27-Nov-13,"Two-Way , Not Divided",Wet,Dark - Lighted,Cloudy,Not a Collision Between Two Motor Vehicles in Transport,No,Pavement Markings,2,1,Complains Of Pain,2,41.8278,-71.3994
204338,2013-00113005,2013-11-27,6:44:00 PM,Pedestrian,1,,,,1,387 Broadway,COURTLAND ST ,Ptlm. Chin,516,27-Nov-13,"Two-Way , Not Divided",Wet,Dark - Lighted,Rain,Not a Collision Between Two Motor Vehicles in Transport,No,Pavement Markings,4,1,Complains Of Pain,2,41.81936,-71.43124
204362,2013-00112982,2013-11-27,5:48:00 PM,Pedestrian,1,,,,1,MANTON AVE,FLORENCE ST ,Taylor Britto,202,27-Nov-13,"Two-Way , Not Divided",Wet,Dark - Lighted,Rain,Head-On (Front - to - Front),No,No Controls,4,1,Complains Of Pain,,41.82056,-71.44737
204683,2013-00114109,2013-12-01,4:55:00 PM,Pedestrian,1,,,,1,EMPIRE ST ,WEYBOSSET ST,MICHAEL R. TROIA / TRAFFIC BUREAU,331,1-Dec-13,"Two-Way , Not Divided",Wet,Dark - Lighted,Rain,Not a Collision Between Two Motor Vehicles in Transport,No,Traffic Control Signal,2,1,Complains Of Pain,2,41.82004,-71.41433
205541,2013-00115594,2013-12-06,11:43:00 AM,Pedestrian,1,,,,1,BROAD ST,BROAD ST ,Luis Fernandez,531,6-Dec-13,"Two-Way, Not Divided With a Continuous Left Turn Lane",Dry,Daylight,Cloudy,Not a Collision Between Two Motor Vehicles in Transport,No,No Controls,4,1,Complains Of Pain,,41.8139,-71.42144
205727,2013-00115672,2013-12-06,3:11:00 PM,Pedestrian,1,,,,1,251 SMITH STREET,,Joseph Madeira,552,6-Dec-13,"Two-Way , Not Divided",Wet,Daylight,Rain,Other,No,No Controls,3,1,Complains Of Pain,2,41.83488,-71.41671
205728,2013-00115692,2013-12-06,4:28:00 PM,Pedestrian,1,,,,1,BROWN STREET,BENEVOLENT STREET,Joseph Madeira,552,6-Dec-13,"Two-Way , Not Divided",Wet,Dark - Lighted,Rain,Head-On (Front - to - Front),No,Stop Signs,5,1,Complains Of Pain,2,41.83616,-71.41597
206219,2013-00115709,2013-12-06,5:01:00 PM,Pedestrian,1,,,,1,RICHMOND ST,PINE ST ,Donald Brien,630,6-Dec-13,One-Way Trafficway,Wet,Dark - Lighted,Rain,Other,"Yes, M/V and Driver Left Scene",Stop Signs,2,0,No Injury,1,41.82059,-71.41182
206198,2013-00116675,2013-12-09,6:37:00 PM,Pedestrian,1,,,,1,MEETING ST,PROSPECT ST ,Fausto Garcia,109,9-Dec-13,"Two-Way , Not Divided",Wet,Dark - Lighted,"Sleet, Hail (Freezing Rain or Drizzle)",Not a Collision Between Two Motor Vehicles in Transport,No,No Controls,2,1,Non-Incapacitating,2,41.82888,-71.40497
206385,2013-00116735,2013-12-09,10:58:00 PM,Bicycle,,1,,,1,Valley St,Felix St,Michael Clary,269,10-Dec-13,"Two-Way , Not Divided",Wet,Dark - Lighted,Cloudy,Not a Collision Between Two Motor Vehicles in Transport,"Yes, M/V and Driver Left Scene",No Controls,2,1,Complains Of Pain,,41.83217,-71.42773
206345,2013-00116939,2013-12-10,5:31:00 PM,Bicycle,,1,,,1,Broadway,SUTTON ST ,Ptlm. Chin,516,10-Dec-13,"Two-Way , Not Divided",Wet,Dark - Lighted,Snow,Not a Collision Between Two Motor Vehicles in Transport,No,No Controls,6,1,Complains Of Pain,2,41.82025,-71.42744
206926,2013-00117121,2013-12-11,10:45:00 AM,Pedestrian,1,,,,1,WASHINGTON ST,DORRANCE ST ,George SanAntonio,604,11-Dec-13,"Two-Way , Not Divided",Dry,Daylight,Clear,Not a Collision Between Two Motor Vehicles in Transport,No,Traffic Control Signal,4,0,No Injury,2,41.82445,-71.41277
206589,2013-00177439,2013-12-12,10:32:00 AM,Pedestrian,1,,,,1,MEMORIAL BLVD,COLLEGE STREET,Joseph Madeira,552,12-Dec-13,"Two-Way , Not Divided",Dry,Daylight,Clear,Other,No,No Controls,2,0,No Injury,,41.83572,-71.41603
206711,2013-00117554,2013-12-12,5:19:00 PM,Pedestrian,1,,,,1,BUTLER AVE,ANGELL STREET,Ptlm R Caraccia,360,12-Dec-13,"Two-Way , Not Divided",Dry,Dark - Lighted,Clear,Not a Collision Between Two Motor Vehicles in Transport,No,Pavement Markings,5,1,Non-Incapacitating,,41.8308,-71.38459
206734,2013-00117753,2013-12-13,12:16:00 PM,Pedestrian,1,,,,1,KNIGHT ST,BROADWAY ,Jesse Ferrell,428,13-Dec-13,"Two-Way , Not Divided",Dry,Daylight,Clear,Not a Collision Between Two Motor Vehicles in Transport,No,No Controls,5,1,Complains Of Pain,,41.81979,-71.42935
207463,2013-00117754,2013-12-13,12:17:00 PM,Pedestrian,1,,,,1,SILVER SPRING ST,COMMODORE ST ,Vincent Sollitto,58,18-Dec-13,"Two-Way , Not Divided",Dry,Daylight,Clear,Other,"Yes, M/V and Driver Left Scene",No Controls,1,1,Complains Of Pain,,41.84568,-71.41753
207353,2013-00119045,2013-12-17,8:26:00 PM,Pedestrian,1,,,,1,270 BROAD ST,LOCKWOOD ST,Robert Heaton,539,18-Dec-13,Unknown,Snow,Dark - Lighted,Blowing Snow,Other,No,No Controls,5,1,Incapacitating,,41.81539,-71.4206
207703,2013-00119582,2013-12-19,5:32:00 PM,Pedestrian,1,,,,1,WEYBOSSET ST,EDDY ST ,Matthew Goddard,171,19-Dec-13,"Two-Way , Not Divided",Slush,Dark - Lighted,Clear,Not a Collision Between Two Motor Vehicles in Transport,No,No Controls,5,1,Complains Of Pain,,41.82246,-71.4116
207735,2013-00119515,2013-12-20,2:07:00 PM,Pedestrian,1,,,,1,GEORGE ST,THAYER ST ,John Almeida,386,20-Dec-13,"Two-Way , Not Divided",Wet,Daylight,Clear,Not a Collision Between Two Motor Vehicles in Transport,No,Stop Signs,2,0,No Injury,,41.82553,-71.40039
208059,2013-00120960,2013-12-23,6:12:00 PM,Pedestrian,1,,,,1,MEMORIAL BLVD,FRANCIS STREET,Matthew Goddard,171,23-Dec-13,"Two-Way, Divided, Positive Median Barrier",Wet,Dark - Lighted,Rain,Not a Collision Between Two Motor Vehicles in Transport,No,Traffic Control Signal,2,0,No Injury,,41.82577,-71.41524
208103,2013-00120987,2013-12-23,8:10:00 PM,Pedestrian,1,,,,1,Concord St,Frost St,Michael Clary,269,24-Dec-13,"Two-Way , Not Divided",Wet,Dark - Lighted,Rain,Not a Collision Between Two Motor Vehicles in Transport,No,Pavement Markings,2,1,Complains Of Pain,,41.8519,-71.40413
208187,2013-00120941,2013-12-23,5:11:00 PM,Pedestrian,1,,,,1,EXCHANGE ST,EXCHANGE TER ,Robert Kells,463,24-Dec-13,"Two-Way , Not Divided",Wet,Dark - Unknown Lighting,Rain,Other,No,Traffic Control Signal,2,1,Incapacitating,,41.82613,-71.41162
208341,2013-00121702,2013-12-26,8:07:00 PM,Pedestrian,2,,,,1,1055 Westminster St,KNIGHT ST ,Ptlm. Chin,516,26-Dec-13,"Two-Way , Not Divided",Ice/Frost,Dark - Lighted,Clear,Not a Collision Between Two Motor Vehicles in Transport,"Yes, M/V and Driver Left Scene",No Controls,5,2,Incapacitating,2,41.81713,-71.42626
208453,2013-00121961,2013-12-27,7:07:00 PM,Bicycle,,1,,,1,N MAIN ST,CEMETERY ST ,Glen Morgan,558,27-Dec-13,One-Way Trafficway,Dry,Dark - Lighted,Clear,Other,No,Stop Signs,2,1,Complains Of Pain,,41.84906,-71.40375
208942,2013-00122817,2013-12-30,10:30:00 PM,Bicycle,,1,,,1,Service Road 8 / EXIT (RT),ATWELLS AVE ,Robert Heaton,539,31-Dec-13,One-Way Trafficway,Dry,Dark - Lighted,Clear,Angle (Front - to - Side) Right Angle (Includes Broadside),No,Traffic Control Signal,6,1,Incapacitating,2,41.82312,-71.41948
210519,2014-00002167,2014-01-08,5:23:00 PM,Pedestrian,1,,,,1,HOPE ST,GEORGE ST ,Fausto Garcia,109,8-Jan-14,"Two-Way , Not Divided",Dry,Dark - Lighted,Clear,Not a Collision Between Two Motor Vehicles in Transport,No,Stop Signs,2,1,Complains Of Pain,2,41.82579,-71.39727
210570,2014-00002325,2014-01-09,10:26:00 AM,Pedestrian,1,,,,1,MOUNT PLEASANT AVE,CHALKSTONE AVE ,Wayne Mann,563,9-Jan-14,"Two-Way , Not Divided",Dry,Daylight,Clear,Other,"Yes, M/V and Driver Left Scene",Traffic Control Signal,5,1,Complains Of Pain,,41.83272,-71.44975