CrashReportId,ReportNumber,CrashDate,CrashTime,Collision Type,CountPedestrian,CountBicycle,Scooter,Wheel Chair,NumberofVehicles,StreetOrHighway,NearestIntersection,Officer,Badge,ReportDate,TypeOfRoadway,RoadSurfaceCondition,LightCondition,WeatherCondition,MannerofImpact,HitAndRun,TrafficControl,PersonCount,InjuryCount,MostSeriousInjury,NumberOfLanes,Latitude,Longitude
210615,2014-00002357,2014-01-09,12:13:00 PM,Pedestrian,1,,,,1,601 N MAIN ST,N MAIN ST ,Trent Hastings,326,9-Jan-14,"Two-Way , Not Divided",Dry,Daylight,Clear,Not a Collision Between Two Motor Vehicles in Transport,No,No Controls,2,0,No Injury,,41.83753,-71.4094
211112,2014-00002946,2014-01-11,10:05:00 AM,Bicycle,,1,,,1,CHARLES ST,BRANCH AVE ,Peter Conley,571,11-Jan-14,"Two-Way , Not Divided",Wet,Daylight,Clear,Angle - Direction Not Specified,No,Traffic Control Signal,4,0,No Injury,,41.85026,-71.41998
211122,2014-00003084,2014-01-11,6:23:00 PM,Pedestrian,1,,,,1,BROAD ST,CONGRESS AVE ,Trent Hastings,326,11-Jan-14,"Two-Way , Not Divided",Wet,Dark - Lighted,Rain,Not a Collision Between Two Motor Vehicles in Transport,No,No Controls,2,1,Complains Of Pain,,41.80105,-71.41806
211425,2014-00003505,2014-01-13,8:30:00 AM,Pedestrian,1,,,,1,DORRANCE STREET,WESTMINISTER STREET,Joseph Madeira,552,13-Jan-14,"Two-Way , Not Divided",Dry,Daylight,Clear,Other,"Yes, M/V and Driver Left Scene",Traffic Control Signal,1,1,Complains Of Pain,2,41.8347,-71.41607
211568,2014-00003984,2014-01-14,5:11:00 PM,Pedestrian,1,,,,1,Memorial blvd,COLLEGE ST ,Ptlm. Chin,516,14-Jan-14,"Two-Way , Not Divided",Wet,Dark - Lighted,Rain,Not a Collision Between Two Motor Vehicles in Transport,No,Traffic Control Signal,2,1,Complains Of Pain,4,41.8253,-71.40882
211584,2014-00004012,2014-01-14,7:03:00 PM,Pedestrian,1,,,,1,CRANSTON ST ,BRIDGHAM ST ,Miguel Mena-Torres,493,14-Jan-14,"Two-Way , Not Divided",Wet,Dark - Lighted,Rain,Not a Collision Between Two Motor Vehicles in Transport,No,Traffic Control Signal,3,1,Complains Of Pain,,41.81396,-71.42694
211755,2014-00004224,2014-01-15,1:32:00 PM,Pedestrian,1,,,,1,North MAIN ST,Smith ST ,William Hutchinson,391,15-Jan-14,"Two-Way , Not Divided",Dry,Daylight,Clear,Other,No,Traffic Control Signal,5,1,Complains Of Pain,,41.83153,-71.41064
211802,2014-00004281,2014-01-15,4:15:00 PM,Pedestrian,1,,,,1,Hartford Ave,LAUREL HILL AVE ,Ptlm. Chin,516,15-Jan-14,"Two-Way , Not Divided",Sand,Daylight,Clear,Not a Collision Between Two Motor Vehicles in Transport,"Yes, M/V and Driver Left Scene",No Controls,1,1,Complains Of Pain,2,41.81796,-71.4554
211999,2014-00004636,2014-01-16,5:19:00 PM,Pedestrian,1,,,,1,PLAINFIELD STREET,LOWELL AVE,Ptlm. D. Hull,598,16-Jan-14,"Two-Way, Divided, Unprotected (painted>4feet) Medium",Dry,Dark - Lighted,Clear,"Sidwswipe, Opposite Direction",No,Pavement Markings,2,1,Complains Of Pain,1,41.81265,-71.45897
212296,2014-00004734,2014-01-16,10:26:00 PM,Bicycle,,1,,,1,Atwells Ave,Cutler Ave,Michael Clary,269,17-Jan-14,"Two-Way , Not Divided",Dry,Dark - Lighted,Clear,Not a Collision Between Two Motor Vehicles in Transport,"Yes, M/V and Driver Left Scene",Stop Signs,1,1,Complains Of Pain,,41.82468,-71.44157
212386,2014-00005228,2014-01-18,9:18:00 AM,Pedestrian,1,,,,1,WASHINGTON PLACE,CANAL STREET,Joseph Madeira,552,18-Jan-14,One-Way Trafficway,Wet,Daylight,Rain,Other,No,No Controls,2,1,Non-Incapacitating,3,41.8371,-71.41609
212812,2014-00006016,2014-01-21,8:50:00 AM,Bicycle,,1,,,1,PARK ROW E,CANAL ST ,Thomas Rose,465,21-Jan-14,One-Way Trafficway,Dry,Daylight,Cloudy,"Sideswipe, Same Direction","Yes, M/V and Driver Left Scene",No Controls,1,1,Non-Incapacitating,,41.82847,-71.41069
212846,2014-00006044,2014-01-21,10:30:00 AM,Pedestrian,1,,,,1,FRIENDSHIP ST,DORRANCE ST ,Trent Hastings,326,21-Jan-14,One-Way Trafficway,Dry,Daylight,Clear,Not a Collision Between Two Motor Vehicles in Transport,No,No Controls,2,1,Non-Incapacitating,,41.822,-71.40946
213977,2014-00007824,2014-01-27,2:41:00 PM,Pedestrian,1,,,,1,250 Benefit St,COLLEGE ST ,Ptlm. Chin,516,27-Jan-14,"Two-Way , Not Divided",Sand,Daylight,Cloudy,Not a Collision Between Two Motor Vehicles in Transport,No,No Controls,2,1,Complains Of Pain,2,41.82571,-71.40664
214498,2014-00008507,2014-01-29,6:21:00 PM,Pedestrian,1,,,,1,FRANCIS ST,MEMORIAL BLVD ,MICHAEL R. TROIA / TRAFFIC BUREAU,331,29-Jan-14,"Two-Way, Divided, Positive Median Barrier",Dry,Dark - Lighted,Clear,Not a Collision Between Two Motor Vehicles in Transport,No,Traffic Control Signal,3,1,Complains Of Pain,,41.82586,-71.41533
214760,2014-00008811,2014-01-30,3:29:00 PM,Pedestrian,1,,,,1,Broad St,PEARL ST ,Ptlm. Chin,516,30-Jan-14,"Two-Way , Not Divided",Sand,Daylight,Clear,Not a Collision Between Two Motor Vehicles in Transport,No,Traffic Control Signal,3,1,Complains Of Pain,2,41.81475,-71.42095
216462,2014-00011611,2014-02-07,5:15:00 PM,Bicycle,,1,,,1,BLACKSTONE ST,ALLENS AVE ,Ptlm. Chin,516,7-Feb-14,"Two-Way , Not Divided",Wet,Dark - Lighted,Clear,Not a Collision Between Two Motor Vehicles in Transport,No,No Controls,2,1,Complains Of Pain,2,41.8105,-71.4047
216626,2014-00011932,2014-02-08,3:59:00 PM,Pedestrian,1,,,,1,ACADEMY AVENUE,BELOMNT STREET,Giuseppe Scarcello,485,8-Feb-14,"Two-Way , Not Divided",Dry,Daylight,Cloudy,Not a Collision Between Two Motor Vehicles in Transport,"Yes, M/V and Driver Left Scene",No Controls,1,1,Complains Of Pain,2,41.82545,-71.42914
217146,2014-00011986,2014-02-08,6:23:00 PM,Pedestrian,1,,,,1,1222 BROAD STREET,CASS STREET,Jared Stanzione,193,9-Feb-14,"Two-Way , Not Divided",Dry,Dark - Lighted,Clear,Not a Collision Between Two Motor Vehicles in Transport,"Yes, M/V and Driver Left Scene",No Controls,2,0,Unknown,,41.79299,-71.4082
217274,2014-00012889,2014-02-11,3:25:00 PM,Pedestrian,1,,,,1,MARIETTA ST,CHARLES ST,MICHAEL R. TROIA / TRAFFIC BUREAU,331,11-Feb-14,"Two-Way , Not Divided",Dry,Daylight,Clear,"Sidwswipe, Opposite Direction","Yes, M/V and Driver Left Scene",No Controls,3,1,Complains Of Pain,2,41.85192,-71.41982
217573,2014-00013134,2014-02-12,1:45:00 PM,Pedestrian,1,,,,1,601 NORTH MAIN STREET,,Joseph Madeira,552,12-Feb-14,"Two-Way , Not Divided",Dry,Daylight,Clear,Unknown,"Yes, M/V and Driver Left Scene",No Controls,1,0,No Injury,4,41.83588,-71.416
219089,2014-00016216,2014-02-21,7:11:00 PM,Pedestrian,1,,,,1,450 CRANSTON ST ,SUPERIOR ST ,Miguel Mena-Torres,493,21-Feb-14,"Two-Way , Not Divided",Wet,Dark - Lighted,Rain,Not a Collision Between Two Motor Vehicles in Transport,No,No Controls,2,1,Incapacitating,,41.81068,-71.43237
219110,2014-00016106,2014-02-21,2:45:00 PM,Bicycle,,1,,,1,PARADE ST,HOLLYWOOD RD ,MICHAEL R. TROIA / TRAFFIC BUREAU,331,21-Feb-14,"Two-Way , Not Divided",Wet,Daylight,Rain,Not a Collision Between Two Motor Vehicles in Transport,No,Stop Signs,3,1,Complains Of Pain,,41.81577,-71.43309
219587,2014-00016170,2014-02-21,5:16:00 PM,Bicycle,,1,,,1,Broad St,Saratoga St,Michael Clary,269,26-Feb-14,"Two-Way , Not Divided",Wet,Dusk,Rain,Not a Collision Between Two Motor Vehicles in Transport,No,No Controls,3,1,Complains Of Pain,,41.8041,-71.41926
219317,2014-00017018,2014-02-24,1:22:00 AM,Pedestrian,1,,,,1,ATWELLS AVE,DEAN ST ,David Perez,181,24-Feb-14,"Two-Way , Not Divided",Dry,Dark - Lighted,Clear,Not a Collision Between Two Motor Vehicles in Transport,"Yes, M/V and Driver Left Scene",Traffic Control Signal,2,1,Incapacitating,,41.82337,-71.42391
219699,2014-00017872,2014-02-26,2:26:00 PM,Bicycle,,1,,,1,601 North Main St,N MAIN ST ,Ptlm. Chin,516,26-Feb-14,"Two-Way , Not Divided",Sand,Daylight,Clear,Not a Collision Between Two Motor Vehicles in Transport,No,No Controls,3,1,Complains Of Pain,2,41.83644,-71.40964
219701,2014-00017815,2014-02-26,2:49:00 PM,Pedestrian,1,,,,1,Broad St,FRICKER ST ,Ptlm. Chin,516,26-Feb-14,"Two-Way , Not Divided",Sand,Daylight,Clear,Not a Collision Between Two Motor Vehicles in Transport,No,No Controls,5,1,Complains Of Pain,2,41.8153,-71.42065
220501,2014-00019399,2014-03-03,1:07:00 PM,Pedestrian,1,,,,1,BROAD ST,OXFORD ST ,MICHAEL R. TROIA / TRAFFIC BUREAU,331,3-Mar-14,"Two-Way , Not Divided",Dry,Daylight,Clear,Not a Collision Between Two Motor Vehicles in Transport,No,No Controls,5,1,Complains Of Pain,2,41.80043,-71.41742
220941,2014-00020347,2014-03-06,2:35:00 PM,Bicycle,,1,,,1,UNION AVE,WHITEHALL ST ,D. Hull,598,6-Mar-14,"Two-Way, Divided, Unprotected (painted>4feet) Medium",Dry,Daylight,Clear,Angle (Front - to - Side) Right Angle (Includes Broadside),No,No Controls,4,1,Complains Of Pain,2,41.80778,-71.4439
222041,2014-00022474,2014-03-13,7:59:00 AM,Pedestrian,2,,,,1,EDDY ST,NEW YORK AVE ,Trent Hastings,326,13-Mar-14,"Two-Way , Not Divided",Ice/Frost,Daylight,Snow,Not a Collision Between Two Motor Vehicles in Transport,"Yes, M/V and Driver Left Scene",No Controls,3,2,Complains Of Pain,,41.7898,-71.40302
222876,2014-00024416,2014-03-19,8:07:00 AM,Pedestrian,1,,,,1,BROAD STREET,MONTGOMERY AVENUE,Joseph Madeira,552,19-Mar-14,"Two-Way , Not Divided",Dry,Daylight,Clear,Other,No,Traffic Control Signal,2,1,Complains Of Pain,2,41.8347,-71.41607
223479,2014-00025334,2014-03-21,9:43:00 PM,Pedestrian,1,,,,1,TUXEDO AVE,ATWELLS AVE ,Taylor Britto,202,22-Mar-14,"Two-Way , Not Divided",Dry,Dark - Lighted,Clear,Angle (Front - to - Side) Right Angle (Includes Broadside),No,No Controls,1,1,Complains Of Pain,,41.82448,-71.43863
224913,2014-00028748,2014-04-01,8:20:00 AM,Pedestrian,1,,,,1,CANAL STREET,SMITH STREET,Joseph Madeira,552,1-Apr-14,"Two-Way , Not Divided",Dry,Daylight,Clear,Other,"Yes, M/V and Driver Left Scene",Traffic Control Signal,1,1,Non-Incapacitating,3,41.83741,-71.41499
224931,2014-00028761,2014-04-01,9:31:00 AM,Pedestrian,1,,,,1,100 BROAD STREET,,Joseph Madeira,552,1-Apr-14,"Two-Way , Not Divided",Dry,Daylight,Clear,Other,No,No Controls,3,1,Complains Of Pain,2,41.83052,-71.4179
224933,2014-00028822,2014-04-01,12:37:00 PM,Pedestrian,1,,,,1,FRANCIS STREET,MEMORIAL BLVD.,Joseph Madeira,552,1-Apr-14,"Two-Way , Not Divided",Dry,Daylight,Clear,Other,No,Traffic Control Signal,5,1,Complains Of Pain,4,41.82804,-71.41829
225118,2014-00029175,2014-04-02,3:13:00 PM,Pedestrian,1,,,,1,LUBEC ST,SMITHFIELD RD ,Elizabeth Pedchenko,498,2-Apr-14,"Two-Way , Not Divided",Dry,Daylight,Clear,Head-On (Front - to - Front),No,No Controls,2,1,Complains Of Pain,,41.85432,-71.44628
225123,2014-00029169,2014-04-02,2:47:00 PM,Bicycle,,1,,,1,Allens Ave,ERNEST ST ,Ptlm. Chin,516,2-Apr-14,"Two-Way , Not Divided",Sand,Daylight,Clear,Not a Collision Between Two Motor Vehicles in Transport,No,Traffic Control Signal,3,1,Complains Of Pain,2,41.79561,-71.39819
225231,2014-00029504,2014-04-03,3:25:00 PM,Pedestrian,2,,,,1,Broad St,PEARL ST ,Ptlm. Chin,516,3-Apr-14,"Two-Way , Not Divided",Dry,Daylight,Clear,Not a Collision Between Two Motor Vehicles in Transport,No,Traffic Control Signal,8,1,Complains Of Pain,2,41.81474,-71.42096
225260,2014-00029455,2014-04-03,12:20:00 PM,Bicycle,,1,,,1,ATWELLS AVE,DE PASQUALE AVE ,Trent Hastings,326,3-Apr-14,"Two-Way , Not Divided",Dry,Daylight,Clear,Not a Collision Between Two Motor Vehicles in Transport,No,No Controls,2,1,Complains Of Pain,,41.82359,-71.42685
225509,2014-00030596,2014-04-06,2:44:00 PM,Bicycle,,1,,,1,Power St,HOPE ST ,Robert Heaton,539,6-Apr-14,"Two-Way , Not Divided",Dry,Daylight,Clear,Angle (Front - to - Side) Right Angle (Includes Broadside),No,Stop Signs,2,0,No Injury,2,41.82318,-71.39702
225568,2014-00030911,2014-04-07,2:22:00 PM,Bicycle,,1,,,1,1206 Broad St,CASS ST ,John Abatiello,692,7-Apr-14,"Two-Way, Divided, Unprotected (painted>4feet) Medium",Dry,Daylight,Clear,Other,No,No Controls,2,1,Non-Incapacitating,,41.79309,-71.40832
225796,2014-00031288,2014-04-08,6:27:00 PM,Pedestrian,2,,,,1,HARTFORD AVE,HARTFORD AVE ,Jason Andrade,200,8-Apr-14,"Two-Way, Divided, Positive Median Barrier",Dry,Dawn,Clear,Head-On (Front - to - Front),No,No Controls,3,2,Complains Of Pain,,41.81765,-71.4538
226672,2014-00031112,2014-04-08,8:31:00 AM,Pedestrian,1,,,,1,BROADWAY,BARTON ST ,Jesse Ferrell,428,13-Apr-14,"Two-Way , Not Divided",Wet,Daylight,Rain,Not a Collision Between Two Motor Vehicles in Transport,No,Person,6,0,No Injury,,41.81797,-71.43714
225909,2014-00031524,2014-04-09,12:12:00 PM,Bicycle,,1,,,1,BRANCH AVE,LANGDON ST ,Raymond King,633,9-Apr-14,"Two-Way , Not Divided",Dry,Daylight,Clear,Not a Collision Between Two Motor Vehicles in Transport,No,No Controls,3,0,No Injury,2,41.85221,-71.42447
226095,2014-00031848,2014-04-10,9:04:00 AM,Bicycle,,1,,,1,ELMWOOD AVENUE,POTTERS AVENUE,Joseph Madeira,552,10-Apr-14,"Two-Way , Not Divided",Dry,Daylight,Clear,Other,No,Traffic Control Signal,3,0,No Injury,4,41.83618,-71.41545
226191,2014-00031977,2014-04-10,3:42:00 PM,Pedestrian,1,,,,1,10 GORDON AVE,,MICHAEL R. TROIA / TRAFFIC BUREAU,331,10-Apr-14,"Two-Way , Not Divided",Dry,Daylight,Clear,Not a Collision Between Two Motor Vehicles in Transport,No,No Controls,3,1,Complains Of Pain,2,41.805,-71.41628
226714,2014-00032991,2014-04-13,1:17:00 AM,Pedestrian,1,,,,1,CORINA ST,FERNANDO ST ,Ptlm Ramos,285,13-Apr-14,"Two-Way , Not Divided",Dry,Dark - Lighted,Clear,Not a Collision Between Two Motor Vehicles in Transport,"Yes, M/V and Driver Left Scene",No Controls,2,1,Complains Of Pain,,41.84674,-71.42949
226829,2014-00033555,2014-04-14,3:47:00 PM,Pedestrian,1,,,,1,DUDLEY STREET,PLAIN ST ,Jared Stanzione,193,14-Apr-14,"Two-Way , Not Divided",Dry,Daylight,Clear,Not a Collision Between Two Motor Vehicles in Transport,No,Stop Signs,4,1,Complains Of Pain,,41.81022,-71.41121
226896,2014-00033755,2014-04-15,7:29:00 AM,Bicycle,,1,,,1,SORRENTO ST,WALDO ST ,Jesse Ferrell,428,15-Apr-14,"Two-Way , Not Divided",Wet,Daylight,Rain,Not a Collision Between Two Motor Vehicles in Transport,No,Stop Signs,4,1,Complains Of Pain,,41.80718,-71.43796
227103,2014-00034134,2014-04-16,12:12:00 PM,Pedestrian,1,,,,1,11 SOUTH ANGELL STREET,ANGELL STREET,Joseph Madeira,552,16-Apr-14,One-Way Trafficway,Dry,Daylight,Clear,Other,No,Traffic Control Signal,3,1,Non-Incapacitating,2,41.83578,-71.4154
227174,2014-00034083,2014-04-16,9:17:00 AM,Pedestrian,1,,,,1,MAGNOLIA ST,HULDAH ST ,Trent Hastings,326,16-Apr-14,"Two-Way , Not Divided",Dry,Daylight,Clear,Not a Collision Between Two Motor Vehicles in Transport,"Yes, M/V and Driver Left Scene",No Controls,3,1,Complains Of Pain,,41.8135,-71.44539
227685,2014-00035218,2014-04-19,2:30:00 PM,Pedestrian,1,,,,1,COLLEGE ST,South Main ST ,William Dickie,168,19-Apr-14,"Two-Way , Not Divided",Dry,Daylight,Clear,Head-On (Front - to - Front),No,Traffic Control Signal,3,1,Complains Of Pain,,41.82563,-71.40787
227839,2014-00035631,2014-04-20,5:48:00 PM,Pedestrian,1,,,,1,221 MOUNT PLEASANT AVENUE,221 MOUNT PLEASANT AVENUE ,Giuseppe Scarcello,485,20-Apr-14,"Two-Way , Not Divided",Dry,Daylight,Clear,Angle (Front - to - Side) Right Angle (Includes Broadside),No,No Controls,2,1,Non-Incapacitating,,41.82485,-71.43178
227963,2014-00035945,2014-04-21,3:56:00 PM,Pedestrian,1,,,,1,FULTON ST, 10 DORRANCE ST ,Donald Brien,630,21-Apr-14,"Two-Way , Not Divided",Dry,Daylight,Clear,Other,No,No Controls,3,1,Complains Of Pain,,41.82413,-71.41236
228428,2014-00037186,2014-04-25,10:31:00 AM,Other,,1,X,,1,WOODARD ROAD,BRANCH AVENUE,Joseph Madeira,552,25-Apr-14,"Two-Way , Not Divided",Dry,Daylight,Clear,Other,No,Stop Signs,2,0,No Injury,2,41.83349,-71.41682
228898,2014-00038512,2014-04-29,7:36:00 AM,Pedestrian,1,,,,1,780 CHALSTONE AVENUE,,Joseph Madeira,552,29-Apr-14,"Two-Way , Not Divided",Dry,Daylight,Clear,Other,No,Stop Signs,2,1,Complains Of Pain,2,41.83605,-71.41542
229453,2014-00039032,2014-04-30,9:54:00 PM,Pedestrian,1,,,,1,POTTERS AVE,HAMILTON ST ,Troy Lambert,413,1-May-14,"Two-Way , Not Divided",Wet,Dark - Unknown Lighting,Rain,Not a Collision Between Two Motor Vehicles in Transport,"Yes, M/V and Driver Left Scene",Unknown,3,1,Complains Of Pain,,41.80188,-71.42265
229714,2014-00039905,2014-05-03,6:56:00 AM,Bicycle,,1,,,1,PLAINFIELD STREET,SERVICE ROAD 1,Joseph Madeira,552,3-May-14,"Two-Way , Not Divided",Dry,Daylight,Clear,Other,No,Traffic Control Signal,3,1,Complains Of Pain,2,41.83583,-71.41601
229731,2014-00039946,2014-05-03,11:23:00 AM,Bicycle,,1,,,1,BRANCH AVENUE,WEST RIVER STREET,Joseph Madeira,552,3-May-14,"Two-Way , Not Divided",Dry,Daylight,Clear,Other,No,Traffic Control Signal,5,0,No Injury,2,41.83612,-71.42897
230204,2014-00041077,2014-05-06,7:06:00 AM,Pedestrian,1,,,,1,HARTFORD AVENUE,KILLINGLY STREET,Joseph Madeira,552,6-May-14,"Two-Way , Not Divided",Dry,Daylight,Clear,Other,No,Traffic Control Signal,4,1,Complains Of Pain,2,41.83571,-71.41579
230225,2014-00041113,2014-05-06,9:51:00 AM,Pedestrian,1,,,,1,HUNTINGTON AVENUE,,Joseph Madeira,552,6-May-14,"Two-Way , Not Divided",Dry,Daylight,Clear,Other,No,No Controls,4,1,Non-Incapacitating,2,41.83569,-71.4158
230308,2014-00041261,2014-05-06,6:10:00 PM,Bicycle,,1,,,1,HAROLD ST,REGENT AVE ,MICHAEL R. TROIA / TRAFFIC BUREAU,331,6-May-14,"Two-Way , Not Divided",Dry,Daylight,Clear,Not a Collision Between Two Motor Vehicles in Transport,No,Stop Signs,4,1,Complains Of Pain,2,41.8297,-71.4387
230897,2014-00042230,2014-05-09,2:13:00 PM,Pedestrian,1,,,,1,VIRGINIA AVE,VERMONT AVE ,Trent Hastings,326,10-May-14,"Two-Way , Not Divided",Dry,Daylight,Cloudy,Not a Collision Between Two Motor Vehicles in Transport,No,No Controls,2,0,No Injury,,41.78826,-71.39899
230866,2014-00042475,2014-05-10,12:45:00 AM,Pedestrian,1,,,,1,ATWELLS AVE,BOND ST ,Shane Romano,596,10-May-14,"Two-Way , Not Divided",Wet,Dark - Lighted,Cloudy,Not a Collision Between Two Motor Vehicles in Transport,"Yes, M/V and Driver Left Scene",No Controls,1,1,Complains Of Pain,,41.82333,-71.42318
230939,2014-00042631,2014-05-10,1:43:00 PM,Bicycle,,1,,,1,STAR ST,BENEFIT ST ,Ptlm. Chin,516,10-May-14,"Two-Way , Not Divided",Dry,Daylight,Clear,Not a Collision Between Two Motor Vehicles in Transport,"Yes, M/V and Driver Left Scene",Stop Signs,1,1,Complains Of Pain,2,41.83206,-71.40947
230954,2014-00042560,2014-05-10,9:21:00 AM,Pedestrian,1,,,,1,N MAIN ST,7TH ST ,Andrew Frolich,673,10-May-14,Unknown,Dry,Daylight,Cloudy,Other,No,No Controls,5,1,Complains Of Pain,,41.85387,-71.40071
231321,2014-00043550,2014-05-12,3:51:00 PM,Pedestrian,1,1,,,1,ELIZABETH ST,N MAIN ST ,Fausto Garcia,109,12-May-14,One-Way Trafficway,Dry,Daylight,Clear,Not a Collision Between Two Motor Vehicles in Transport,,No Controls,2,2,Complains Of Pain,,41.82786,-71.40929
231754,2014-00044266,2014-05-14,2:47:00 PM,Pedestrian,1,,,,1,S MAIN ST,COLLEGE ST ,Ptlm. Chin,516,14-May-14,One-Way Trafficway,Dry,Daylight,Clear,Not a Collision Between Two Motor Vehicles in Transport,No,Pavement Markings,4,1,Complains Of Pain,2,41.82625,-71.40831
232710,2014-00044258,2014-05-14,2:14:00 PM,Bicycle,,,,,2,CANDACE ST,CHALKSTONE AVE ,Raymond King,633,15-May-14,One-Way Trafficway,Dry,Daylight,Clear,"Sidwswipe, Opposite Direction","Yes, M/V and Driver Left Scene",No Controls,3,0,No Injury,1,41.83596,-71.4226
231977,2014-00044728,2014-05-15,4:52:00 PM,Pedestrian,2,,,,1,Fountain St,Sabin St ,Ptlm. Chin,516,15-May-14,One-Way Trafficway,Dry,Daylight,Cloudy,Not a Collision Between Two Motor Vehicles in Transport,No,No Controls,5,2,Complains Of Pain,1,41.82503,-71.4148
232707,2014-00044588,2014-05-15,9:52:00 AM,Pedestrian,1,,,,1,Roger Williams Avenue,Elmwood Avenue,Michele Tella,668,20-May-14,"Two-Way , Not Divided",Dry,Daylight,Clear,Other,No,Traffic Control Signal,2,1,Non-Incapacitating,,41.80247,-71.40375
232705,2014-00046587,2014-05-20,7:56:00 AM,Pedestrian,1,,,,1,PRAIRIE AVE,THURBERS AVE ,Jose Deschamps,419,20-May-14,"Two-Way, Divided, Unprotected (painted>4feet) Medium",Dry,Daylight,Clear,Angle (Front - to - Side) Right Angle (Includes Broadside),No,No Controls,3,2,Incapacitating,,41.79855,-71.41183
232791,2014-00046709,2014-05-20,2:51:00 PM,Pedestrian,1,,,,1,100 Atwells Ave,Enterprise Row,Ptlm. Chin,516,20-May-14,"Two-Way , Not Divided",Dry,Daylight,Clear,Not a Collision Between Two Motor Vehicles in Transport,No,No Controls,6,1,Complains Of Pain,2,41.82318,-71.42099
234136,2014-00046841,2014-05-20,7:05:00 PM,Bicycle,,1,,,1,CHAMBERS ST,HUNTINGTON AVE ,Luis Pelaez,336,27-May-14,"Two-Way , Not Divided",Dry,Daylight,Clear,Not a Collision Between Two Motor Vehicles in Transport,No,No Controls,2,1,Complains Of Pain,2,41.80234,-71.4339
233269,2014-00047821,2014-05-23,1:35:00 PM,Pedestrian,1,,,,1,HAYWARD STREET,PORTLAND ST ,George Pereira,421,23-May-14,"Two-Way , Not Divided",Dry,Daylight,Cloudy,Other,"Yes, M/V and Driver Left Scene",No Controls,2,1,Complains Of Pain,,41.81359,-71.42049
233285,2014-00047818,2014-05-23,1:30:00 PM,Pedestrian,1,,,,1,BROADWAY,ATWELLS AVE ,Brian Corcoran,562,23-May-14,"Two-Way , Not Divided",Dry,Daylight,Cloudy,Other,No,Traffic Control Signal,5,1,Complains Of Pain,,41.82248,-71.41856
233382,2014-00047804,2014-05-23,1:00:00 PM,Pedestrian,1,,,,1,186 FOUNTAIN STREET,EMPIRE STREET,Joseph Madeira,552,23-May-14,One-Way Trafficway,Dry,Daylight,Cloudy,Other,No,Traffic Control Signal,5,1,Non-Incapacitating,3,41.8358,-71.41573
233694,2014-00048652,2014-05-25,12:46:00 PM,Pedestrian,1,,X,,2,MANTON AVE,GREENWOOD ST ,Patrolman D. Hull,598,25-May-14,"Two-Way, Divided, Unprotected (painted>4feet) Medium",Dry,Daylight,Clear,Not a Collision Between Two Motor Vehicles in Transport,No,Stop Signs,4,0,No Injury,2,41.82378,-71.45169
233936,2014-00049028,2014-05-26,1:11:00 PM,Bicycle,,1,,,1,NEWARK ST,VALLEY ST ,Ptlm. Chin,516,26-May-14,"Two-Way , Not Divided",Wet,Daylight,Clear,Not a Collision Between Two Motor Vehicles in Transport,No,No Controls,3,1,Complains Of Pain,2,41.82521,-71.43932
234184,2014-00049743,2014-05-28,1:28:00 PM,Pedestrian,1,,,,1,WASHINGTON STREET,EXCHANGE STREET,Joseph Madeira,552,28-May-14,One-Way Trafficway,Dry,Daylight,Cloudy,Other,No,Traffic Control Signal,4,1,Fatal,2,41.83601,-71.41599
234192,2014-00049855,2014-05-28,7:30:00 PM,Pedestrian,1,,,,1,Chalkstone Ave,Young Ave,Michael Clary,269,29-May-14,"Two-Way , Not Divided",Dry,Dusk,Cloudy,Not a Collision Between Two Motor Vehicles in Transport,No,No Controls,5,1,Complains Of Pain,,41.83481,-71.42731
234525,2014-00049796,2014-05-28,4:25:00 PM,Pedestrian,1,,,,1,N MAIN ST,N MAIN ST ,Shawn Kennedy,547,29-May-14,"Two-Way, Divided, Positive Median Barrier",Dry,Daylight,Clear,Angle (Front - to - Side) Right Angle (Includes Broadside),No,No Controls,2,0,No Injury,,41.83645,-71.40964
234336,2014-00050018,2014-05-29,10:47:00 AM,Pedestrian,1,,,,1,RT. 146 NORTH ON RAMP,BRANCH AVENUE,Joseph Madeira,552,29-May-14,One-Way Trafficway,Dry,Daylight,Clear,Other,"Yes, M/V and Driver Left Scene",No Controls,4,0,No Injury,,41.83618,-71.41545
235437,2014-00052165,2014-06-03,9:00:00 PM,Bicycle,,1,,,1,Elmwood Ave,Sprague St,Michael Clary,269,4-Jun-14,"Two-Way , Not Divided",Dry,Dark - Lighted,Clear,Not a Collision Between Two Motor Vehicles in Transport,No,No Controls,4,1,Complains Of Pain,,41.80942,-71.42437
235719,2014-00053083,2014-06-06,4:12:00 PM,Bicycle,,1,,,1,Broadway,VALLEY ST ,Ptlm. Chin,516,6-Jun-14,"Two-Way , Not Divided",Dry,Daylight,Clear,Not a Collision Between Two Motor Vehicles in Transport,No,Traffic Control Signal,2,0,No Injury,4,41.81684,-71.44098
235781,2014-00053239,2014-06-06,11:16:00 PM,Bicycle,,1,,,1,SMITH ST,ORMS ST ,Thomas Richards,279,7-Jun-14,"Two-Way, Not Divided With a Continuous Left Turn Lane",Dry,Dark - Lighted,Clear,Head-On (Front - to - Front),No,Traffic Control Signal,2,1,Complains Of Pain,,41.83378,-71.42202