CrashReportId,ReportNumber,CrashDate,CrashTime,Collision Type,CountPedestrian,CountBicycle,Scooter,Wheel Chair,NumberofVehicles,StreetOrHighway,NearestIntersection,Officer,Badge,ReportDate,TypeOfRoadway,RoadSurfaceCondition,LightCondition,WeatherCondition,MannerofImpact,HitAndRun,TrafficControl,PersonCount,InjuryCount,MostSeriousInjury,NumberOfLanes,Latitude,Longitude
235962,2014-00053580,2014-06-07,6:56:00 PM,Bicycle,,1,,,1,SMITH ST,CHALKSTONE AVE ,Trent Hastings,326,7-Jun-14,"Two-Way , Not Divided",Dry,Daylight,Clear,Not a Collision Between Two Motor Vehicles in Transport,No,Traffic Control Signal,4,1,Complains Of Pain,,41.83521,-71.42565
236139,2014-00053294,2014-06-07,1:43:00 AM,Bicycle,,1,,,1,240 Atwells Ave,,Michael Clary,269,8-Jun-14,"Two-Way , Not Divided",Dry,Dark - Lighted,Clear,Not a Collision Between Two Motor Vehicles in Transport,No,No Controls,2,1,Complains Of Pain,,41.82353,-71.42608
236233,2014-00054420,2014-06-09,4:10:00 PM,Bicycle,,1,,,1,THROOP ALY,N MAIN ST ,Steffan Rasch,315,9-Jun-14,One-Way Trafficway,Dry,Daylight,Clear,Unknown,"Yes, M/V and Driver Left Scene",No Controls,2,1,Complains Of Pain,2,41.82813,-71.40945
237452,2014-00054900,2014-06-10,9:10:00 PM,Bicycle,,1,,,1,Oakland Ave,Chalkstone Ave,Michael Clary,269,15-Jun-14,"Two-Way , Not Divided",Wet,Dark - Lighted,Rain,Not a Collision Between Two Motor Vehicles in Transport,No,Traffic Control Signal,4,1,Complains Of Pain,,41.83421,-71.43024
237184,2014-00055086,2014-06-11,2:43:00 PM,Bicycle,,1,,,1,1 RANDALL ST,CHARLES ST ,Fausto Garcia,109,13-Jun-14,"Two-Way , Not Divided",Dry,Daylight,Clear,Not a Collision Between Two Motor Vehicles in Transport,No,No Controls,3,1,Complains Of Pain,2,41.83713,-71.41092
236992,2014-00055713,2014-06-13,8:11:00 AM,Pedestrian,1,,,,1,EDDY ST,EUDORA ST ,Jose Deschamps,419,13-Jun-14,"Two-Way, Divided, Unprotected (painted>4feet) Medium",Wet,Daylight,Rain,Other,No,No Controls,9,7,Complains Of Pain,,41.80791,-71.40724
237312,2014-00056291,2014-06-14,7:30:00 PM,Bicycle,,1,,,1,ROGER WILLIAMS AVE,ELMWOOD AVE ,Jared Stanzione,193,14-Jun-14,"Two-Way , Not Divided",Dry,Daylight,Clear,Not a Collision Between Two Motor Vehicles in Transport,No,Traffic Control Signal,3,1,Complains Of Pain,,41.7885,-71.42106
237392,2014-00056644,2014-06-15,4:50:00 PM,Bicycle,,1,,,1,CRANSTON ST,HARRISON ST ,Troy Lambert,413,15-Jun-14,"Two-Way , Not Divided",Dry,Daylight,Clear,Not a Collision Between Two Motor Vehicles in Transport,No,No Controls,4,1,Complains Of Pain,,41.81307,-71.42866
237504,2014-00056600,2014-06-15,2:33:00 PM,Pedestrian,1,,,,1,432 BRANCH AVENUE,,Joseph Madeira,552,16-Jun-14,"Two-Way , Not Divided",Dry,Daylight,Clear,Other,"Yes, M/V and Driver Left Scene",No Controls,1,1,Non-Incapacitating,2,41.82678,-71.41882
237564,2014-00056980,2014-06-16,3:20:00 PM,Pedestrian,1,,,,1,BROAD ST,MONTGOMERY AVE ,Martin Rawnsley,677,16-Jun-14,"Two-Way , Not Divided",Dry,Daylight,Clear,Other,No,Traffic Control Signal,2,1,Complains Of Pain,,41.78589,-71.40166
237602,2014-00057001,2014-06-16,4:11:00 PM,Bicycle,,1,,,1,MEMORIAL BLVD,COLLEGE ST ,Donald Brien,630,16-Jun-14,"Two-Way, Divided, Unprotected (painted>4feet) Medium",Dry,Daylight,Clear,Not a Collision Between Two Motor Vehicles in Transport,No,Traffic Control Signal,6,1,Complains Of Pain,4,41.82528,-71.40899
237616,2014-00057083,2014-06-16,8:02:00 PM,Bicycle,,2,,,1,SALMON ST,SALMON ST ,Jason Andrade,200,16-Jun-14,"Two-Way, Divided, Unprotected (painted>4feet) Medium",Dry,Dusk,Clear,Head-On (Front - to - Front),"Yes, M/V and Driver Left Scene",No Controls,2,2,Complains Of Pain,,41.82359,-71.45531
237812,2014-00057349,2014-06-17,3:22:00 PM,Pedestrian,3,,,,1,ELMWOOD AVE,ADELAIDE AVE ,Thomas Richards,162,17-Jun-14,"Two-Way, Divided, Positive Median Barrier",Dry,Daylight,Clear,Other,"Yes, M/V and Driver Left Scene",No Controls,3,3,Complains Of Pain,,41.7959,-71.42512
237938,2014-00057599,2014-06-18,7:42:00 AM,Bicycle,,1,,,1,HARTFORD AVE,KING PHILIP ST ,Patrolman Darren Hull,598,18-Jun-14,"Two-Way, Divided, Unprotected (painted>4feet) Medium",Dry,Daylight,Clear,Angle (Front - to - Side) Right Angle (Includes Broadside),No,Stop Signs,3,1,Complains Of Pain,2,41.81955,-71.4656
238261,2014-00058457,2014-06-20,1:02:00 PM,Pedestrian,1,,,,1,Broad st,SERVICE ROAD 7 ,Edward Bogda,609,20-Jun-14,"Two-Way , Not Divided",Dry,Daylight,Clear,Other,"Yes, M/V and Driver Left Scene",Traffic Control Signal,2,0,No Injury,2,41.81735,-71.41698
238297,2014-00058571,2014-06-20,6:43:00 PM,Pedestrian,1,,,,1,ELMWOOD AVE,CONGRESS AVE,John Benros,481,20-Jun-14,"Two-Way , Not Divided",Dry,Daylight,Clear,Not a Collision Between Two Motor Vehicles in Transport,No,Stop Signs,3,1,Complains Of Pain,,41.79849,-71.42627
238617,2014-00058361,2014-06-20,7:48:00 AM,Bicycle,1,,,,1,94 Colfax st,BURNSIDE ST ,Dennis O'Brien,67,23-Jun-14,"Two-Way , Not Divided",Dry,Daylight,Clear,Not a Collision Between Two Motor Vehicles in Transport,No,No Controls,7,1,Incapacitating,,41.79978,-71.41095
238379,2014-00058946,2014-06-21,4:34:00 PM,Pedestrian,1,,,,1,936 ATWELLS AVE,,MICHAEL R. TROIA / TRAFFIC BUREAU,331,21-Jun-14,Unknown,Dry,Daylight,Clear,Not a Collision Between Two Motor Vehicles in Transport,No,No Controls,3,1,Complains Of Pain,,41.82506,-71.44853
238659,2014-00059698,2014-06-23,10:00:00 AM,Bicycle,,1,,,1,FRIENDSHIP ST,DORRANCE ST ,Joseph Amoroso,613,23-Jun-14,"Two-Way , Not Divided",Dry,Daylight,Clear,Not a Collision Between Two Motor Vehicles in Transport,No,No Controls,2,1,Complains Of Pain,,41.82196,-71.4095
238930,2014-00060252,2014-06-24,5:52:00 PM,Pedestrian,1,,,,1,939 Manton Ave,FRUIT HILL AVE ,Ptlm. Chin,516,24-Jun-14,"Two-Way , Not Divided",Dry,Daylight,Clear,Not a Collision Between Two Motor Vehicles in Transport,No,No Controls,2,1,Fatal,2,41.83383,-71.46805
239019,2014-00060171,2014-06-24,2:21:00 PM,Bicycle,,1,,,1,REDWING ST,BUCKLIN ST ,Joseph Amoroso,613,25-Jun-14,One-Way Trafficway,Dry,Daylight,Clear,Not a Collision Between Two Motor Vehicles in Transport,No,No Controls,2,1,Complains Of Pain,,41.79927,-71.4273
239150,2014-00060461,2014-06-25,9:00:00 AM,Bicycle,,1,,,1,ADMIRAL ST,HAWKINS ST ,Joseph Amoroso,613,26-Jun-14,"Two-Way , Not Divided",Dry,Daylight,Clear,Not a Collision Between Two Motor Vehicles in Transport,No,No Controls,3,1,Complains Of Pain,,41.84592,-71.42839
239514,2014-00061944,2014-06-28,8:35:00 PM,Pedestrian,1,,,,1,WESTMINSTER ST,CRANSTON ST ,Ricardo Silva,185,28-Jun-14,"Two-Way, Divided, Positive Median Barrier",Dry,Dusk,Clear,Unknown,"Yes, M/V and Driver Left Scene",No Controls,1,1,Complains Of Pain,,41.81792,-71.42082
239521,2014-00061959,2014-06-28,9:15:00 PM,Bicycle,,1,,,2,PARADE ST,OAK ST ,Ricardo Silva,185,28-Jun-14,"Two-Way, Divided, Unprotected (painted>4feet) Medium",Dry,Dark - Lighted,Clear,Unknown,"Yes, M/V and Driver Left Scene",No Controls,7,1,Complains Of Pain,,41.81537,-71.43277
239555,2014-00062088,2014-06-29,1:47:00 AM,Pedestrian,1,,,,1,ATWELLS AVE,WEEDEN ST ,Roberto Gutierrez,263,29-Jun-14,"Two-Way, Divided, Unprotected (painted>4feet) Medium",Dry,Dark - Lighted,Clear,Not a Collision Between Two Motor Vehicles in Transport,"Yes, M/V and Driver Left Scene",Traffic Control Signal,4,1,Complains Of Pain,,41.8234,-71.42431
239729,2014-00062444,2014-06-30,12:03:00 AM,Pedestrian,1,,,,1,HARRIS AVE,SIMS AVE ,Edwardo Curi,294,30-Jun-14,"Two-Way , Not Divided",Dry,Dark - Lighted,Clear,Not a Collision Between Two Motor Vehicles in Transport,No,No Controls,3,2,Non-Incapacitating,,41.82519,-71.43257
240022,2014-00062849,2014-06-30,11:52:00 PM,Pedestrian,1,,,,1,WESTMINSTER ST,BARTON ST ,Matthew Nadeau,271,1-Jul-14,"Two-Way, Divided, Unprotected (painted>4feet) Medium",Dry,Dark - Lighted,Clear,Not a Collision Between Two Motor Vehicles in Transport,"Yes, M/V and Driver Left Scene",No Controls,1,1,Non-Incapacitating,,41.81592,-71.43653
240180,2014-00062985,2014-07-01,10:30:00 AM,Pedestrian,1,,,,1,541 Smith St,Fredeick St,Dennis O'Brien,67,2-Jul-14,"Two-Way , Not Divided",Dry,Daylight,Clear,Not a Collision Between Two Motor Vehicles in Transport,No,No Controls,4,1,Complains Of Pain,,41.83613,-71.42872
240185,2014-00063423,2014-07-02,11:51:00 AM,Pedestrian,1,,,,1,Public Street,BROAD ST ,Kenneth Wigginton,359,2-Jul-14,"Two-Way , Not Divided",Dry,Daylight,Clear,Not a Collision Between Two Motor Vehicles in Transport,No,Traffic Control Signal,2,1,Complains Of Pain,,41.80441,-71.41937
240363,2014-00063572,2014-07-02,6:35:00 PM,Pedestrian,1,,,,1,319 Lowell Ave ,NYE ST ,Ptlm. Chin,516,2-Jul-14,"Two-Way , Not Divided",Dry,Daylight,Clear,Not a Collision Between Two Motor Vehicles in Transport,No,No Controls,4,1,Complains Of Pain,2,41.81858,-71.46092
240508,2014-00063875,2014-07-03,2:43:00 PM,Bicycle,,1,,,1,1055 WESTMINSTER ST ,HOOD ST ,Miguel Mena-Torres,493,3-Jul-14,"Two-Way , Not Divided",Dry,Daylight,Clear,Not a Collision Between Two Motor Vehicles in Transport,No,No Controls,3,1,Complains Of Pain,,41.81715,-71.42596
240832,2014-00064880,2014-07-06,12:42:00 AM,Bicycle,,1,,,1,108 Vinton St.,GROVE ST ,Adam Chin,289,6-Jul-14,One-Way Trafficway,Dry,Dark - Lighted,Clear,Not a Collision Between Two Motor Vehicles in Transport,No,No Controls,4,1,Complains Of Pain,,41.82113,-71.42879
240882,2014-00064917,2014-07-06,2:03:00 AM,Pedestrian,1,,,,1,Fountain St,Clemence St,Robert Heaton,539,6-Jul-14,One-Way Trafficway,Dry,Dark - Lighted,Clear,Not a Collision Between Two Motor Vehicles in Transport,"Yes, M/V and Driver Left Scene",No Controls,5,1,Incapacitating,,41.82406,-71.41535
241528,2014-00065339,2014-07-07,10:05:00 AM,Bicycle,,1,,,1,CHARLES ST,BRANCH AVE ,Peter Colt,178,10-Jul-14,"Two-Way , Not Divided",Dry,Daylight,Clear,Angle (Front - to - Side) Same Direction,"Yes, M/V and Driver Left Scene",Traffic Control Signal,1,0,No Injury,,41.85026,-71.41998
241405,2014-00065959,2014-07-08,11:13:00 PM,Bicycle,,1,,,1,BROAD ST,STANWOOD ST ,Francisco Colon,265,9-Jul-14,"Two-Way , Not Divided",Dry,Dark - Lighted,Clear,Not a Collision Between Two Motor Vehicles in Transport,No,No Controls,2,1,Complains Of Pain,,41.80382,-71.41917
241527,2014-00066274,2014-07-09,9:42:00 PM,Bicycle,,1,,,1,N MAIN ST,OLNEY ST ,Michael Duffy,354,10-Jul-14,One-Way Trafficway,Dry,Dark - Lighted,Clear,Angle (Front - to - Side) Right Angle (Includes Broadside),No,Stop Signs,2,1,Complains Of Pain,,41.83639,-71.40965
241700,2014-00066561,2014-07-10,7:02:00 PM,Pedestrian,1,,,,1,Morning Star Row,PINE ST ,Robert Heaton,539,11-Jul-14,"Two-Way , Not Divided",Dry,Daylight,Clear,Other,No,No Controls,6,1,Incapacitating,2,41.81158,-71.42005
241995,2014-00067272,2014-07-12,11:47:00 AM,Bicycle,,1,,,1,CRANSTON STREET,DEXTER STREET,Joseph Madeira,552,12-Jul-14,"Two-Way , Not Divided",Dry,Daylight,Clear,Other,No,Traffic Control Signal,2,1,Non-Incapacitating,2,41.83208,-71.41765
242258,2014-00067950,2014-07-14,1:18:00 AM,Pedestrian,1,,,,1,80 Putnam St,,Michael Clary,269,14-Jul-14,"Two-Way , Not Divided",Dry,Dark - Lighted,Clear,Not a Collision Between Two Motor Vehicles in Transport,No,No Controls,2,1,Complains Of Pain,,41.82271,-71.44404
242371,2014-00068161,2014-07-14,6:15:00 PM,Pedestrian,1,,,,1,Dean St,BROADWAY ,Ptlm. Chin,516,14-Jul-14,"Two-Way , Not Divided",Wet,Daylight,Cloudy,Not a Collision Between Two Motor Vehicles in Transport,No,Traffic Control Signal,3,1,Complains Of Pain,2,41.82142,-71.42254
242604,2014-00068460,2014-07-15,5:11:00 PM,Pedestrian,1,,,,1,ATWELLS AVE,CUTLER ST ,MICHAEL R. TROIA / TRAFFIC BUREAU,331,15-Jul-14,"Two-Way , Not Divided",Dry,Daylight,Clear,Not a Collision Between Two Motor Vehicles in Transport,"Yes, M/V and Driver Left Scene",No Controls,3,1,Complains Of Pain,2,41.82468,-71.44157
242666,2014-00068769,2014-07-16,3:09:00 PM,Pedestrian,1,,,,1,1050 CHALKSTONE AVE,,MICHAEL R. TROIA / TRAFFIC BUREAU,331,16-Jul-14,"Two-Way , Not Divided",Wet,Daylight,Clear,Not a Collision Between Two Motor Vehicles in Transport,No,No Controls,4,1,Complains Of Pain,2,41.83231,-71.4427
243339,2014-00069674,2014-07-18,11:01:00 PM,Pedestrian,1,,,,1,159 Bridgham St,Westminster St,Robert Heaton,539,18-Jul-14,"Two-Way , Not Divided",Dry,Dark - Lighted,Clear,Unknown,"Yes, M/V and Driver Left Scene",No Controls,2,1,Complains Of Pain,2,41.81594,-71.42794
243719,2014-00070833,2014-07-21,9:20:00 PM,Bicycle,,1,,,1,Westminster St,EXCHANGE ST ,Robert Heaton,539,22-Jul-14,One-Way Trafficway,Dry,Dark - Lighted,Clear,Other,No,No Controls,3,1,Complains Of Pain,1,41.82491,-71.40997
243746,2014-00070612,2014-07-21,11:30:00 AM,Bicycle,,1,,,1,WESTMINSTER ST,SERVICE ROAD 7 ,Michael Caraccia,624,22-Jul-14,"Two-Way , Not Divided",Dry,Daylight,Clear,Other,No,Traffic Control Signal,2,1,Complains Of Pain,,41.81881,-71.41883
243785,2014-00070667,2014-07-21,2:04:00 PM,Pedestrian,1,,,,1,BRANCH AVE,BURLEIGH ST ,David Morgan,474,22-Jul-14,"Two-Way , Not Divided",Dry,Daylight,Clear,Angle (Front - to - Side) Right Angle (Includes Broadside),No,No Controls,5,1,Complains Of Pain,,41.85462,-71.43364
244187,2014-00072088,2014-07-25,10:33:00 AM,Pedestrian,1,,,,1,70 KENNEDY PLZ,,Joseph Amoroso,613,25-Jul-14,One-Way Trafficway,Dry,Daylight,Clear,Not a Collision Between Two Motor Vehicles in Transport,"Yes, M/V and Driver Left Scene",No Controls,1,1,Complains Of Pain,,41.8245,-71.41188
250019,2014-00072101,2014-07-25,11:18:00 AM,Bicycle,,1,,,1,N MAIN ST,MATHILDA STREET,Joseph Amoroso,613,28-Aug-14,"Two-Way , Not Divided",Dry,Daylight,Clear,Not a Collision Between Two Motor Vehicles in Transport,No,No Controls,2,1,Complains Of Pain,,41.85399,-71.40076
244545,2014-00073009,2014-07-27,2:24:00 PM,Pedestrian,1,,,,1,148 DOVER STREET,,Joseph Madeira,552,27-Jul-14,"Two-Way , Not Divided",Dry,Daylight,Clear,Other,No,No Controls,4,1,Non-Incapacitating,2,41.83691,-71.41438
244818,2014-00073263,2014-07-28,12:21:00 PM,Bicycle,,,,,2,BROAD ST,POTTERS AVE ,Roderick Soares,399,29-Jul-14,"Two-Way , Not Divided",Dry,Daylight,Clear,Head-On (Front - to - Front),No,Traffic Control Signal,3,1,Complains Of Pain,2,41.7977,-71.41426
245268,2014-00074238,2014-07-30,11:39:00 PM,Bicycle,,1,,,1,BROADWAY,TOBEY ST ,Michael Sullivan,347,31-Jul-14,"Two-Way , Not Divided",Dry,Dark - Lighted,Clear,Not a Collision Between Two Motor Vehicles in Transport,"Yes, M/V and Driver Left Scene",Traffic Control Signal,3,1,Complains Of Pain,2,41.81848,-71.43503
245642,2014-00074920,2014-08-01,8:49:00 PM,Pedestrian,1,,,,1,Douglas Ave,Candace St,Michael Clary,269,2-Aug-14,"Two-Way , Not Divided",Dry,Dark - Lighted,Clear,Not a Collision Between Two Motor Vehicles in Transport,"Yes, M/V and Driver Left Scene",No Controls,1,1,Complains Of Pain,,41.83755,-71.42317
245740,2014-00075623,2014-08-03,3:24:00 PM,Pedestrian,1,,,,1,SAWYER ST,STAMFORD AVE ,OR PROCTOR ,627,3-Aug-14,"Two-Way, Divided, Unprotected (painted>4feet) Medium",Dry,Daylight,Clear,Not a Collision Between Two Motor Vehicles in Transport,No,No Controls,3,1,Complains Of Pain,2,41.77852,-71.41973
245748,2014-00075633,2014-08-03,3:36:00 PM,Pedestrian,1,,,,1,PUTNAM ST,HALE ST ,Taylor Britto,202,3-Aug-14,"Two-Way , Not Divided",Dry,Daylight,Clear,Rear - to - Side,"Yes, M/V and Driver Left Scene",No Controls,1,1,Complains Of Pain,,41.82437,-71.4438
246104,2014-00075876,2014-08-04,11:35:00 AM,Bicycle,,1,,,1,1955 WESTMINISTER STREET,,Joseph Madeira,552,4-Aug-14,"Two-Way , Not Divided",Dry,Daylight,Clear,Unknown,No,No Controls,3,1,Complains Of Pain,2,41.82955,-71.41802
246030,2014-00076197,2014-08-05,4:52:00 AM,Bicycle,,1,,,1,Benefit Street,N MAIN ST ,Donald Castigliego,287,5-Aug-14,One-Way Trafficway,Dry,Dawn,Clear,Not a Collision Between Two Motor Vehicles in Transport,No,Other,2,1,Complains Of Pain,,41.83471,-71.40983
246549,2014-00076698,2014-08-06,3:43:00 PM,Pedestrian,1,,,,1,160 Ledge St,HAMPTON ST ,Ptlm. Chin,516,6-Aug-14,"Two-Way , Not Divided",Dry,Daylight,Clear,Not a Collision Between Two Motor Vehicles in Transport,"Yes, M/V and Driver Left Scene",No Controls,1,1,Complains Of Pain,2,41.85353,-71.41449
246576,2014-00076762,2014-08-06,6:34:00 PM,Pedestrian,1,,,,1,LLOYD AVE,HOPE ST ,Ptlm. Chin,516,6-Aug-14,"Two-Way , Not Divided",Dry,Daylight,Clear,Not a Collision Between Two Motor Vehicles in Transport,No,Pavement Markings,4,0,No Injury,2,41.83155,-71.39975
246597,2014-00076764,2014-08-06,6:39:00 PM,Pedestrian,1,,,,1,Memorial Blvd,EXCHANGE ST ,Ptlm. Chin,516,6-Aug-14,"Two-Way, Divided, Positive Median Barrier",Dry,Daylight,Clear,Not a Collision Between Two Motor Vehicles in Transport,No,Traffic Control Signal,2,1,Complains Of Pain,4,41.8269,-71.41213
246634,2014-00076758,2014-08-06,6:11:00 PM,Bicycle,,1,,,1,BRANCH AVE,DRYDEN LN ,Shawn Kennedy,547,7-Aug-14,"Two-Way , Not Divided",Dry,Daylight,Clear,"Sidwswipe, Opposite Direction",No,No Controls,3,0,Unknown,,41.84257,-71.40832
248384,2014-00076627,2014-08-06,12:35:00 PM,Bicycle,,1,,,1,S MAIN ST,S MAIN ST ,Joseph Amoroso,613,13-Aug-14,One-Way Trafficway,Dry,Daylight,Clear,Not a Collision Between Two Motor Vehicles in Transport,No,No Controls,2,1,Non-Incapacitating,,41.8237,-71.40636
249311,2014-00077061,2014-08-07,3:53:00 PM,Bicycle,,1,,,1,LENOX AVE,NIAGARA ST ,Joshua Greeno,179,7-Aug-14,"Two-Way , Not Divided",Dry,Daylight,Clear,Not a Collision Between Two Motor Vehicles in Transport,No,No Controls,2,1,Complains Of Pain,2,41.79726,-71.41813
247963,2014-00077859,2014-08-09,3:25:00 PM,Pedestrian,1,,,,1,MEMORIAL BLVD,EXCHANGE TER ,KEN MATSUMOTO,348,12-Aug-14,"Two-Way , Not Divided",Dry,Daylight,Clear,Not a Collision Between Two Motor Vehicles in Transport,No,Traffic Control Signal,3,1,Complains Of Pain,,41.82665,-71.41063
247437,2014-00078636,2014-08-11,10:08:00 AM,Bicycle,,1,,,1,GILMORE STREET,LESTER STREET,Joseph Madeira,552,11-Aug-14,"Two-Way , Not Divided",Dry,Daylight,Clear,Other,No,Stop Signs,2,0,No Injury,2,41.83886,-71.41697
247562,2014-00078801,2014-08-11,7:42:00 PM,Bicycle,,1,,,1,BUCKLIN ST,POTTERS AVE ,Ptlm. Chin,516,11-Aug-14,"Two-Way , Not Divided",Dry,Daylight,Clear,Not a Collision Between Two Motor Vehicles in Transport,No,Traffic Control Signal,4,1,Complains Of Pain,2,41.80175,-71.42765
248835,2014-00079825,2014-08-14,8:48:00 PM,Bicycle,,1,,,1,WASHINGTON ST ,ABORN ST ,Miguel Mena-Torres,493,14-Aug-14,"Two-Way , Not Divided",Dry,Dark - Lighted,Clear,Not a Collision Between Two Motor Vehicles in Transport,No,No Controls,3,1,Complains Of Pain,,41.82221,-71.41591
248994,2014-00080152,2014-08-15,6:09:00 AM,Bicycle,,1,,,1,910 Atwells Ave,COVELL ST ,Jason Andrade,200,15-Aug-14,"Two-Way, Divided, Positive Median Barrier",Dry,Daylight,Clear,Head-On (Front - to - Front),No,No Controls,5,1,Incapacitating,,41.82501,-71.44752
249074,2014-00080512,2014-08-16,4:28:00 PM,Pedestrian,1,,,,1,MARINO PARK,HARTFORD AVE ,Patrolman D. Hull,598,16-Aug-14,"Two-Way , Not Divided",Dry,Daylight,Clear,Not a Collision Between Two Motor Vehicles in Transport,No,No Controls,3,1,Complains Of Pain,1,41.81724,-71.44963
249267,2014-00081281,2014-08-18,11:34:00 AM,Pedestrian,1,,,,1,SOCIAL ST,RUSSO ST ,Jessica Leone,258,18-Aug-14,"Two-Way , Not Divided",Dry,Daylight,Clear,Not a Collision Between Two Motor Vehicles in Transport,"Yes, M/V and Driver Left Scene",No Controls,1,1,Complains Of Pain,,41.85395,-71.42059
249282,2014-00081395,2014-08-18,4:56:00 PM,Bicycle,,1,,,1,REDWING ST,ELMWOOD AVE ,OR PROCTOR ,627,18-Aug-14,One-Way Trafficway,Dry,Daylight,Clear,Not a Collision Between Two Motor Vehicles in Transport,No,Stop Signs,3,0,No Injury,,41.79938,-71.42656
249365,2014-00081952,2014-08-20,9:24:00 AM,Bicycle,,1,,,1,BROAD ST,PORTLAND ST ,Jose Deschamps,419,20-Aug-14,"Two-Way , Not Divided",Dry,Daylight,Clear,Other,No,No Controls,2,2,Complains Of Pain,,41.81415,-71.4213
249476,2014-00082403,2014-08-21,3:21:00 PM,Pedestrian,1,,,,1,Francis St,MEMORIAL BLVD ,Robert Heaton,539,21-Aug-14,"Two-Way , Not Divided",Dry,Daylight,Cloudy,Other,"Yes, M/V and Driver Left Scene",Traffic Control Signal,3,1,Complains Of Pain,5,41.82602,-71.4154
249650,2014-00082930,2014-08-22,9:54:00 PM,Pedestrian,2,,,,1,CRANSTON ST,HANOVER ST ,Luis Pelaez,336,23-Aug-14,"Two-Way , Not Divided",Dry,Dark - Lighted,Clear,Not a Collision Between Two Motor Vehicles in Transport,"Yes, M/V and Driver Left Scene",No Controls,3,2,Complains Of Pain,2,41.80927,-71.43373
249615,2014-00083111,2014-08-23,8:40:00 AM,Bicycle,,1,,,1,ELMWOOD AVENUE,EARL STREET,Joseph Madeira,552,23-Aug-14,"Two-Way , Not Divided",Dry,Daylight,Clear,Unknown,No,Stop Signs,3,1,Complains Of Pain,4,41.83616,-71.41597
249685,2014-00083428,2014-08-24,11:15:00 PM,Bicycle,,1,,,1,PRAIRIE AVE,POTTERS AVE ,Francisco Colon,265,24-Aug-14,"Two-Way , Not Divided",Dry,Dark - Lighted,Clear,Not a Collision Between Two Motor Vehicles in Transport,No,Stop Signs,2,1,Complains Of Pain,,41.80388,-71.41411
249743,2014-00083923,2014-08-25,9:25:00 AM,Pedestrian,1,,,,1,206 ELMWOOD AVE,ELMWOOD AVE ,Joseph Amoroso,613,25-Aug-14,"Two-Way , Not Divided",Dry,Daylight,Clear,Not a Collision Between Two Motor Vehicles in Transport,"Yes, M/V and Driver Left Scene",No Controls,3,1,Non-Incapacitating,,41.80779,-71.42478
249914,2014-00084290,2014-08-26,9:20:00 AM,Pedestrian,1,,,,1,65 GILLEN ST,,Joseph Madeira,552,26-Aug-14,Unknown,Dry,Daylight,Clear,Not a Collision Between Two Motor Vehicles in Transport,No,No Controls,2,0,No Injury,,41.85282,-71.41938
249978,2014-00084498,2014-08-26,8:09:00 PM,Bicycle,,1,,,1,Broadway,KNIGHT ST ,Robert Heaton,539,27-Aug-14,"Two-Way , Not Divided",Dry,Dark - Lighted,Cloudy,Other,No,No Controls,2,1,Complains Of Pain,2,41.8197,-71.42978
250012,2014-00084970,2014-08-28,8:00:00 AM,Bicycle,,1,,,1,80 WASHINGTON STREET,I 95 S ,Joseph Madeira,552,28-Aug-14,"Two-Way , Not Divided",Dry,Daylight,Clear,Other,No,No Controls,2,1,Non-Incapacitating,2,41.83618,-71.41545
250029,2014-00085111,2014-08-28,4:27:00 PM,Bicycle,,1,,,1,JASTRAM ST,EATON ST ,Patrolman D. Hull,598,28-Aug-14,"Two-Way, Divided, Unprotected (painted>4feet) Medium",Dry,Daylight,Clear,Angle (Front - to - Side) Right Angle (Includes Broadside),"Yes, M/V and Driver Left Scene",Stop Signs,3,1,Complains Of Pain,,41.84341,-71.44338
250034,2014-00085093,2014-08-28,3:26:00 PM,Bicycle,,1,,,1,MELROSE ST,CADILLAC DR ,John Benros,481,28-Aug-14,"Two-Way , Not Divided",Dry,Daylight,Clear,"Sideswipe, Same Direction",No,No Controls,2,1,Complains Of Pain,,41.79036,-71.41842
250096,2014-00085464,2014-08-29,2:30:00 PM,Bicycle,,1,,,1,BROAD ST,ALDRICH ST ,MICHAEL R. TROIA / TRAFIC BUREAU,331,29-Aug-14,"Two-Way , Not Divided",Dry,Daylight,Clear,Not a Collision Between Two Motor Vehicles in Transport,"Yes, M/V and Driver Left Scene",Stop Signs,1,1,Complains Of Pain,,41.79362,-71.40898
250177,2014-00086205,2014-08-31,1:37:00 AM,Pedestrian,1,,,,1,331 Douglas Ave,Pumgansett Ave,Michael Clary,269,31-Aug-14,"Two-Way , Not Divided",Dry,Dark - Lighted,Clear,Not a Collision Between Two Motor Vehicles in Transport,"Yes, M/V and Driver Left Scene",No Controls,2,1,Fatal,,41.83987,-71.42639
250389,2014-00087045,2014-09-02,11:01:00 AM,Pedestrian,1,,,,1,CORLISS ST,INDUSTRIAL DR ,Peter Conley,571,2-Sep-14,Unknown,Dry,Daylight,Clear,Other,No,No Controls,3,1,Complains Of Pain,,41.84147,-71.41231
250586,2014-00087720,2014-09-04,9:05:00 AM,Pedestrian,1,,,,1,Memorial Blvd,EXCHANGE ST ,Edwin Kemble,364,4-Sep-14,"Two-Way, Divided, Positive Median Barrier",Dry,Daylight,Clear,"Sideswipe, Same Direction","Yes, M/V and Driver Left Scene",Traffic Control Signal,1,1,Complains Of Pain,,41.8268,-71.41212
250607,2014-00087733,2014-09-04,10:09:00 AM,Bicycle,,1,,,1,BROAD STREET,PUBLIC STREET,Joseph Madeira,552,4-Sep-14,"Two-Way , Not Divided",Dry,Daylight,Clear,Other,No,Traffic Control Signal,3,1,Non-Incapacitating,2,41.83349,-71.41682