CrashReportId,ReportNumber,CrashDate,CrashTime,Collision Type,CountPedestrian,CountBicycle,Scooter,Wheel Chair,NumberofVehicles,StreetOrHighway,NearestIntersection,Officer,Badge,ReportDate,TypeOfRoadway,RoadSurfaceCondition,LightCondition,WeatherCondition,MannerofImpact,HitAndRun,TrafficControl,PersonCount,InjuryCount,MostSeriousInjury,NumberOfLanes,Latitude,Longitude
250645,2014-00087851,2014-09-04,4:20:00 PM,Other,,,,X,1,BROAD ST,CLAVERICK ST ,Ralph Abenante,511,4-Sep-14,One-Way Trafficway,Dry,Daylight,Clear,Rear End(Front-to-Rear),"Yes, M/V and Driver Left Scene",Other,3,0,No Injury,,41.81938,-71.41493
250649,2014-00087862,2014-09-04,4:42:00 PM,Bicycle,,1,,,1,100 Atwells Ave,EXIT 21  (RT ),Ptlm. Chin,516,4-Sep-14,"Two-Way , Not Divided",Dry,Daylight,Clear,Not a Collision Between Two Motor Vehicles in Transport,No,No Controls,2,0,No Injury,2,41.82319,-71.42117
250651,2014-00087900,2014-09-04,4:20:00 PM,Bicycle,,1,,,1,SMITH ST,CHALKSTONE AVE ,Thomas Rose,465,4-Sep-14,"Two-Way , Not Divided",Dry,Daylight,Clear,Angle (Front - to - Side) Right Angle (Includes Broadside),"Yes, M/V and Driver Left Scene",No Controls,1,1,Non-Incapacitating,,41.83521,-71.42564
250668,2014-00087883,2014-09-04,5:26:00 PM,Bicycle,,1,,,1,Broad St,PENNSYLVANIA AVE ,Ptlm. Chin,516,4-Sep-14,One-Way Trafficway,Dry,Daylight,Clear,Not a Collision Between Two Motor Vehicles in Transport,No,No Controls,2,0,No Injury,1,41.79744,-71.41373
250925,2014-00088753,2014-09-06,5:24:00 PM,Pedestrian,1,,,,1,420 Charles St,LOMBARDI ST ,Ptlm. Chin,516,6-Sep-14,"Two-Way , Not Divided",Dry,Daylight,Clear,Not a Collision Between Two Motor Vehicles in Transport,No,Pavement Markings,4,1,Complains Of Pain,2,41.84674,-71.41931
250958,2014-00088999,2014-09-07,2:33:00 AM,Pedestrian,1,,,,1,WEYBOSSET ST,EDDY ST ,Noel Field,260,7-Sep-14,"Two-Way , Not Divided",Wet,Dark - Lighted,Rain,Not a Collision Between Two Motor Vehicles in Transport,"Yes, M/V and Driver Left Scene",Pavement Markings,2,1,Complains Of Pain,,41.8227,-71.41138
251325,2014-00090145,2014-09-10,12:28:00 PM,Pedestrian,1,,,,1,SARATOGA ST,BROAD ST ,Michael Camardo,515,10-Sep-14,"Two-Way , Not Divided",Dry,Daylight,Clear,Not a Collision Between Two Motor Vehicles in Transport,"Yes, M/V and Driver Left Scene",Stop Signs,2,1,Complains Of Pain,,41.80411,-71.41926
251377,2014-00090232,2014-09-10,4:48:00 PM,Bicycle,,1,,,1,Broadway,VINTON ST ,Ptlm. Chin,516,10-Sep-14,"Two-Way , Not Divided",Dry,Daylight,Clear,Not a Collision Between Two Motor Vehicles in Transport,No,No Controls,2,1,Complains Of Pain,2,41.82007,-71.42819
251511,2014-00090222,2014-09-10,4:06:00 PM,Bicycle,,1,,,1,Hope St,12TH ST ,Ptlm. Chin,516,10-Sep-14,"Two-Way , Not Divided",Dry,Daylight,Clear,Not a Collision Between Two Motor Vehicles in Transport,No,No Controls,2,1,Complains Of Pain,2,41.85546,-71.39184
251864,2014-00091609,2014-09-14,2:11:00 AM,Bicycle,,1,,,1,Washington St,EDDY ST ,Robert Heaton,539,14-Sep-14,"Two-Way , Not Divided",Dry,Dark - Lighted,Cloudy,Angle (Front - to - Side) Right Angle (Includes Broadside),No,No Controls,5,0,No Injury,2,41.82401,-71.4134
252068,2014-00091885,2014-09-14,8:48:00 PM,Bicycle,,1,,,1,EDDY ST,THURBERS AVE ,Thomas Richards,162,16-Sep-14,"Two-Way , Not Divided",Dry,Dark - Lighted,Clear,Angle (Front - to - Side) Same Direction,"Yes, M/V and Driver Left Scene",No Controls,1,0,No Injury,,41.79992,-71.40583
252120,2014-00092434,2014-09-16,3:05:00 PM,Bicycle,,1,,,1,SERVICE ROAD 3,WESTMINSTER ST ,Miguel Castillo,489,16-Sep-14,"Two-Way , Not Divided",Dry,Daylight,Clear,Angle (Front - to - Side) Same Direction,No,No Controls,4,1,Non-Incapacitating,2,41.81632,-71.44059
252226,2014-00092574,2014-09-16,10:08:00 PM,Pedestrian,1,,,,1,Admiral St,TAPPAN ST ,Robert Heaton,539,17-Sep-14,"Two-Way , Not Divided",Dry,Dark - Lighted,Cloudy,Other,"Yes, M/V and Driver Left Scene",No Controls,3,1,Complains Of Pain,2,41.84559,-71.42695
252247,2014-00092683,2014-09-17,10:46:00 AM,Pedestrian,1,,,,1,DORRANCE ST,CLIFFORD ST ,Scott Partridge,161,17-Sep-14,"Two-Way , Not Divided",Dry,Daylight,Clear,Not a Collision Between Two Motor Vehicles in Transport,No,No Controls,3,1,Complains Of Pain,,41.82158,-71.40886
252295,2014-00092773,2014-09-17,4:05:00 PM,Bicycle,,1,,,1,57 Gallatin St,EMERSON ST ,Ptlm. Chin,516,17-Sep-14,"Two-Way , Not Divided",Dry,Daylight,Clear,Not a Collision Between Two Motor Vehicles in Transport,No,No Controls,2,1,Complains Of Pain,2,41.79638,-71.41619
252502,2014-00093385,2014-09-19,1:21:00 PM,Pedestrian,3,,,,1,BURNETT STREET,BUCKLIN STREET,Joseph Madeira,552,19-Sep-14,"Two-Way , Not Divided",Dry,Daylight,Clear,Other,No,Stop Signs,5,3,Non-Incapacitating,2,41.83201,-71.41745
252608,2014-00093893,2014-09-20,6:38:00 PM,Bicycle,,,,,2,WATERMAN ST,THAYER ST ,MICHAEL R. TROIA / TRAFFIC BUREAU,331,20-Sep-14,One-Way Trafficway,Dry,Daylight,Clear,"Sideswipe, Same Direction",No,No Controls,4,1,Complains Of Pain,1,41.82727,-71.4006
252798,2014-00094588,2014-09-22,3:45:00 PM,Pedestrian,1,,,,1,Bridgham St,WESTMINSTER ST ,Ptlm. Chin,516,22-Sep-14,"Two-Way , Not Divided",Dry,Daylight,Clear,Not a Collision Between Two Motor Vehicles in Transport,"Yes, M/V and Driver Left Scene",Pavement Markings,2,1,Incapacitating,2,41.81686,-71.42838
252975,2014-00094981,2014-09-23,5:41:00 PM,Pedestrian,3,,,,1,North Main St,WHITE ST ,Ptlm. Chin,516,23-Sep-14,"Two-Way , Not Divided",Dry,Daylight,Clear,Not a Collision Between Two Motor Vehicles in Transport,No,Pavement Markings,5,1,Complains Of Pain,5,41.85548,-71.40015
252985,2014-00095075,2014-09-23,10:14:00 PM,Pedestrian,1,,,,1,N MAIN ST,N MAIN ST ,Glen Morgan,558,23-Sep-14,One-Way Trafficway,Dry,Dark - Lighted,Clear,Head-On (Front - to - Front),"Yes, M/V and Driver Left Scene",No Controls,1,1,Complains Of Pain,,41.84488,-71.40615
253016,2014-00094811,2014-09-23,8:35:00 PM,Bicycle,,1,,,1,Smith St,ORMS ST ,Dennis O'Brien,67,24-Sep-14,"Two-Way , Not Divided",Dry,Daylight,Clear,Not a Collision Between Two Motor Vehicles in Transport,No,Traffic Control Signal,2,1,Complains Of Pain,,41.83372,-71.42187
253043,2014-00094812,2014-09-23,8:37:00 AM,Pedestrian,1,,,,1,WESTMINSTER ST,CAHIR ST ,Jesse Ferrell,428,24-Sep-14,"Two-Way , Not Divided",Dry,Daylight,Clear,Other,No,Traffic Control Signal,3,1,Complains Of Pain,,41.81822,-71.42018
253224,2014-00095230,2014-09-24,2:00:00 PM,Pedestrian,1,,,,1,Pine St,PAGE ST ,Gary Slater,365,25-Sep-14,One-Way Trafficway,Dry,Daylight,Clear,Other,No,No Controls,2,1,Complains Of Pain,,41.82114,-71.41129
253196,2014-00095456,2014-09-25,9:25:00 AM,Pedestrian,1,,,,1,141 WEYBOSSET STREET,DORRANCE STREET,Joseph Madeira,552,25-Sep-14,"Two-Way , Not Divided",Dry,Daylight,Cloudy,Other,"Yes, M/V and Driver Left Scene",No Controls,4,1,Non-Incapacitating,2,41.83349,-71.41682
253214,2014-00095504,2014-09-25,12:23:00 PM,Pedestrian,1,,,,1,6TH AVENUE,COLLEGE ROAD,Joseph Madeira,552,25-Sep-14,"Two-Way , Not Divided",Dry,Daylight,Cloudy,Other,"Yes, M/V and Driver Left Scene",No Controls,1,0,Unknown,2,41.83578,-71.4154
253384,2014-00096261,2014-09-27,1:35:00 PM,Bicycle,,1,,,1,CHALKSTONE AVE,CLEMATIS ST ,Merrick Cook,280,27-Sep-14,"Two-Way , Not Divided",Dry,Daylight,Clear,Not a Collision Between Two Motor Vehicles in Transport,No,No Controls,5,1,Non-Incapacitating,2,41.83263,-71.44591
253441,2014-00096266,2014-09-27,2:00:00 PM,Bicycle,,1,,,1,Broadway,GREENMAN LN ,George Pereira,421,28-Sep-14,One-Way Trafficway,Dry,Daylight,Clear,Angle (Front - to - Side) Opposite Direction,No,Traffic Control Signal,3,1,Complains Of Pain,,41.82232,-71.41867
253447,2014-00096270,2014-09-27,2:05:00 PM,Bicycle,,1,,,1,BROAD ST,SUMTER ST ,Michael Camardo,515,28-Sep-14,"Two-Way , Not Divided",Dry,Daylight,Clear,Not a Collision Between Two Motor Vehicles in Transport,No,No Controls,2,1,Complains Of Pain,,41.79772,-71.41409
254047,2014-00097163,2014-09-29,4:01:00 PM,Pedestrian,1,,,,1,TOBEY ST,RING ST ,Luis Pelaez,336,4-Oct-14,Unknown,Dry,Daylight,Clear,Not a Collision Between Two Motor Vehicles in Transport,No,No Controls,3,1,Complains Of Pain,2,41.81992,-71.43566
253593,2014-00097400,2014-09-30,9:35:00 AM,Bicycle,,1,,,1,Cranston St.,POTTERS AVE ,John Henderson,148,30-Sep-14,"Two-Way , Not Divided",Wet,Daylight,Rain,"Sideswipe, Same Direction","Yes, M/V and Driver Left Scene",No Controls,2,1,Complains Of Pain,2,41.80505,-71.43778
253764,2014-00097851,2014-10-01,6:45:00 PM,Pedestrian,1,,,,1,HOPE ST,BOWEN ST ,Robert Heaton,539,1-Oct-14,"Two-Way , Not Divided",Wet,Dark - Lighted,Rain,Other,"Yes, M/V and Driver Left Scene",No Controls,2,1,Complains Of Pain,2,41.83091,-71.39923
253977,2014-00097680,2014-10-01,12:41:00 AM,Pedestrian,1,,,,1,CRANSTON ST,HUNTINGTON AVE ,David Harrington,276,3-Oct-14,"Two-Way , Not Divided",Dry,Daylight,Clear,Not a Collision Between Two Motor Vehicles in Transport,No,No Controls,3,1,Complains Of Pain,,41.80391,-71.43904
253872,2014-00098376,2014-10-03,10:00:00 AM,Bicycle,,1,,,1,SOUTH WATER ST,BRIDGE ST ,Thomas Rose,465,3-Oct-14,One-Way Trafficway,Dry,Daylight,Clear,Angle (Front - to - Side) Right Angle (Includes Broadside),No,Traffic Control Signal,2,1,Complains Of Pain,,41.81833,-71.40139
254097,2014-00099228,2014-10-05,2:34:00 PM,Bicycle,,1,,,1,Manton Avenue,DELAINE ST ,Joseph Sarrasin,561,5-Oct-14,"Two-Way , Not Divided",Dry,Daylight,Clear,Angle (Front - to - Side) Opposite Direction,"Yes, M/V and Driver Left Scene",No Controls,1,1,Complains Of Pain,,41.81801,-71.44473
254109,2014-00099284,2014-10-05,5:51:00 PM,Bicycle,,1,,,1,CLADRASH'S AVE,MAPLE AVE ,Ptlm. Chin,516,5-Oct-14,"Two-Way , Not Divided",Dry,Daylight,Clear,Not a Collision Between Two Motor Vehicles in Transport,No,No Controls,5,0,No Injury,2,41.78423,-71.4109
254476,2014-00088451,2014-10-06,9:45:00 AM,Pedestrian,1,,,,1,SABIN ST,SABIN ST ,Joseph Amoroso,613,9-Oct-14,One-Way Trafficway,Dry,Daylight,Clear,Not a Collision Between Two Motor Vehicles in Transport,"Yes, M/V and Driver Left Scene",Traffic Control Signal,1,1,Complains Of Pain,,41.82462,-71.41556
254213,2014-00099725,2014-10-07,7:45:00 AM,Pedestrian,1,,,,1,HOPE STREET,ONLEY STREET,Joseph Madeira,552,7-Oct-14,"Two-Way , Not Divided",Dry,Daylight,Clear,Other,No,Traffic Control Signal,2,0,No Injury,2,41.8331,-71.41676
254362,2014-00100110,2014-10-08,9:39:00 AM,Pedestrian,1,,,,1,CULVER ST,DUDLEY ST ,Edwin Kemble,364,8-Oct-14,"Two-Way , Not Divided",Dry,Daylight,Clear,Other,No,Stop Signs,5,1,Complains Of Pain,,41.81056,-71.40865
254436,2014-00100256,2014-10-08,4:40:00 PM,Bicycle,,1,,,1,CHARLES ST,MARIETTA ST ,Michael Pattie,316,8-Oct-14,"Two-Way, Divided, Unprotected (painted>4feet) Medium",Dry,Daylight,Cloudy,Other,No,Stop Signs,2,1,Complains Of Pain,,41.85177,-71.42021
254482,2014-00100446,2014-10-09,8:11:00 AM,Bicycle,,1,,,1,SMITH ST,HOLDEN ST,Merrick Cook,280,9-Oct-14,"Two-Way , Not Divided",Dry,Daylight,Clear,Angle (Front - to - Side) Right Angle (Includes Broadside),No,No Controls,2,0,No Injury,2,41.83225,-71.41816
254558,2014-00100724,2014-10-09,10:08:00 PM,Bicycle,,1,,,1,CHALKSTONE AVE,CAMDEN AVE ,Andrew Mignanelli,361,9-Oct-14,"Two-Way , Not Divided",Dry,Dark - Lighted,Clear,Other,No,No Controls,2,1,Incapacitating,,41.83529,-71.42536
254767,2014-00101170,2014-10-11,1:57:00 AM,Bicycle,,1,,,2,WASHINGTON ST,MATHEWSON ST ,Jason Cotugno,173,12-Oct-14,"Two-Way , Not Divided",Dry,Dark - Lighted,Cloudy,"Sideswipe, Same Direction","Yes, M/V and Driver Left Scene",No Controls,4,0,No Injury,,41.82296,-71.41492
254979,2014-00102209,2014-10-14,7:53:00 AM,Pedestrian,1,,,,1,BROAD STREET,SERVICE ROAD 7,Joseph Madeira,552,14-Oct-14,"Two-Way , Not Divided",Dry,Daylight,Clear,Unknown,No,Traffic Control Signal,2,1,Complains Of Pain,2,41.82933,-71.41804
255078,2014-00102726,2014-10-15,11:49:00 AM,Bicycle,,1,,,1,ALLENS AVE,ERNEST ST,Joseph Amoroso,613,15-Oct-14,"Two-Way , Not Divided",Dry,Daylight,Clear,Not a Collision Between Two Motor Vehicles in Transport,No,No Controls,3,1,Non-Incapacitating,,41.79481,-71.39793
255100,2014-00102931,2014-10-15,9:11:00 PM,Pedestrian,1,,,,1,DEAN ST,PROMENADE ST ,Nicholas Froncillo,163,15-Oct-14,"Two-Way, Divided, Positive Median Barrier",Wet,Dark - Lighted,Rain,Not a Collision Between Two Motor Vehicles in Transport,No,Traffic Control Signal,4,1,Incapacitating,,41.82905,-71.42666
255125,2014-00102750,2014-10-15,1:01:00 PM,Pedestrian,1,,,,1,IVES ST,WICKENDEN ST ,Frank Moody,328,16-Oct-14,"Two-Way , Not Divided",Dry,Daylight,Clear,Other,"Yes, Driver Left Scene",Stop Signs,1,1,Incapacitating,,41.82027,-71.3918
255218,2014-00103232,2014-10-16,4:45:00 PM,Pedestrian,1,,,,1,PRAIRIE AVE,OXFORD ST ,Harrison Northup,232,16-Oct-14,"Two-Way , Not Divided",Wet,Dusk,Rain,Not a Collision Between Two Motor Vehicles in Transport,No,No Controls,2,1,Complains Of Pain,,41.80164,-71.41315
255272,2014-00103358,2014-10-16,11:30:00 PM,Pedestrian,1,,,,1,Elmwood Avenue,Princeton Avenue ,Raymond Majeau,275,17-Oct-14,"Two-Way , Not Divided",Wet,Dark - Lighted,Clear,Not a Collision Between Two Motor Vehicles in Transport,"Yes, M/V and Driver Left Scene",No Controls,3,1,Complains Of Pain,,41.8053,-71.42524
255450,2014-00103766,2014-10-17,9:50:00 PM,Bicycle,,1,,,1,CAMBRIDGE ST,Academy Ave,Robert Foley,242,18-Oct-14,"Two-Way , Not Divided",Dry,Dusk,Clear,Not a Collision Between Two Motor Vehicles in Transport,No,No Controls,4,1,Complains Of Pain,,41.82553,-71.44404
255373,2014-00103885,2014-10-18,12:58:00 AM,Bicycle,,1,,,1,WATERMAN ST,IVES ST ,Ptlm Cascione,225,18-Oct-14,One-Way Trafficway,Dry,Dark - Lighted,Clear,Angle (Front - to - Side) Right Angle (Includes Broadside),No,No Controls,3,1,Complains Of Pain,,41.82778,-71.39291
255906,2014-00104100,2014-10-18,1:44:00 PM,Pedestrian,1,,,,1,150 STAMFORD AVE,PARKING LOT,Michael Cileli,567,23-Oct-14,Unknown,Dry,Daylight,Clear,Not a Collision Between Two Motor Vehicles in Transport,No,No Controls,5,1,Complains Of Pain,,41.77731,-71.41966
255625,2014-00104934,2014-10-20,12:03:00 PM,Bicycle,,1,,,1,BRIDGHAM ST,CRANSTON ST ,Eugene Craven,517,20-Oct-14,"Two-Way , Not Divided",Dry,Daylight,Clear,Not a Collision Between Two Motor Vehicles in Transport,"Yes, M/V and Driver Left Scene",Traffic Control Signal,1,1,Complains Of Pain,,41.81398,-71.42695
255787,2014-00105224,2014-10-21,8:17:00 AM,Pedestrian,1,,,,1,CHARLES ST,GILLEN ST,Joseph Amoroso,613,22-Oct-14,"Two-Way , Not Divided",Dry,Daylight,Clear,Not a Collision Between Two Motor Vehicles in Transport,No,No Controls,4,0,No Injury,,41.85245,-71.42032
255809,2014-00105407,2014-10-21,6:17:00 PM,Pedestrian,1,,,,1,BROADWAY,SUTTON ST ,Brittany Boudreau,236,22-Oct-14,"Two-Way, Divided, Unprotected (painted>4feet) Medium",Dry,Dawn,Clear,Not a Collision Between Two Motor Vehicles in Transport,No,No Controls,4,1,Non-Incapacitating,2,41.82019,-71.42767
255852,2014-00105766,2014-10-22,9:00:00 PM,Pedestrian,1,,,,1,DOUGLAS AVE,DOUGLAS AVE ,Brian Auclair,166,22-Oct-14,"Two-Way , Not Divided",Wet,Dark - Not Lighted,Rain,Not a Collision Between Two Motor Vehicles in Transport,No,Stop Signs,3,1,Complains Of Pain,,41.84762,-71.43084
255858,2014-00105803,2014-10-22,8:00:00 PM,Pedestrian,1,,,,1,N MAIN ST,RANDALL ST ,Ryan Moroney,324,22-Oct-14,"Two-Way, Divided, Positive Median Barrier",Wet,Dark - Lighted,Rain,Not a Collision Between Two Motor Vehicles in Transport,No,No Controls,3,1,Incapacitating,4,41.83815,-71.40958
256195,2014-00106598,2014-10-24,7:05:00 PM,Pedestrian,1,,,,1,PARK ST,SMITH ST ,Robert Foley,242,25-Oct-14,"Two-Way , Not Divided",Dry,Dusk,Clear,Not a Collision Between Two Motor Vehicles in Transport,"Yes, M/V and Driver Left Scene",No Controls,1,0,Unknown,,41.83185,-71.4169
256155,2014-00106820,2014-10-25,3:23:00 AM,Bicycle,,1,,,1,GROVE ST,KNIGHT ST ,David Harrington,276,25-Oct-14,"Two-Way , Not Divided",Dry,Dark - Lighted,Clear,Not a Collision Between Two Motor Vehicles in Transport,No,Stop Signs,5,1,Complains Of Pain,,41.82039,-71.43003
256430,2014-00107906,2014-10-27,6:15:00 PM,Bicycle,,1,,,1,PRESCOTT ST,WOLCOTT ST ,Michael Gammino,491,27-Oct-14,"Two-Way, Divided, Unprotected (painted>4feet) Medium",Dry,Dark - Not Lighted,Clear,Head-On (Front - to - Front),No,No Controls,3,1,Complains Of Pain,,41.82999,-71.43421
256450,2014-00107935,2014-10-27,8:01:00 PM,Pedestrian,1,,,,1,WASHINGTON ST,DORRANCE ST ,Harrison Northup,232,27-Oct-14,"Two-Way , Not Divided",Dry,Dark - Lighted,Clear,Not a Collision Between Two Motor Vehicles in Transport,No,Traffic Control Signal,3,1,Complains Of Pain,2,41.82445,-71.41277
256581,2014-00108450,2014-10-29,6:53:00 AM,Pedestrian,1,,,,1,338 Hartford Ave,LAUREL HILL AVE ,Jimmy Gutierrez,246,29-Oct-14,"Two-Way, Divided, Unprotected (painted>4feet) Medium",Wet,Daylight,Clear,Head-On (Front - to - Front),No,No Controls,3,2,Complains Of Pain,2,41.81777,-71.45442
256729,2014-00108755,2014-10-29,10:15:00 PM,Bicycle,,1,,,1,119 Atwells Ave,BRADFORD ST ,Michael Barrera,249,29-Oct-14,"Two-Way , Not Divided",Wet,Dark - Lighted,Rain,Not a Collision Between Two Motor Vehicles in Transport,"Yes, M/V and Driver Left Scene",No Controls,1,1,Non-Incapacitating,,41.82324,-71.42193
257142,2014-00109842,2014-11-01,3:41:00 PM,Pedestrian,1,,,,1,2 Tobey Street,PENN ST ,Michele Rudolph,512,1-Nov-14,One-Way Trafficway,Wet,Daylight,Rain,Not a Collision Between Two Motor Vehicles in Transport,No,No Controls,3,1,Complains Of Pain,,41.82037,-71.43582
257269,2014-00110057,2014-11-02,1:52:00 AM,Pedestrian,1,,,,1,MORRIS AVE,CYPRESS ST,MICHAEL R. TROIA / TRAFFIC BUREAU,331,2-Nov-14,"Two-Way , Not Divided",Dry,Dark - Lighted,Clear,Not a Collision Between Two Motor Vehicles in Transport,No,Stop Signs,2,1,Complains Of Pain,2,41.84058,-71.39733
258311,2014-00111942,2014-11-07,7:47:00 AM,Bicycle,,1,,,1,MOUNT HOPE AVE,HOPE ST ,Jose Deschamps,419,7-Nov-14,"Two-Way, Divided, Unprotected (painted>4feet) Medium",Dry,Daylight,Clear,Angle (Front - to - Side) Right Angle (Includes Broadside),No,No Controls,3,2,Complains Of Pain,,41.84036,-71.39931
258452,2014-00112024,2014-11-07,1:06:00 PM,Bicycle,,1,,,1,FRANCIS STREET,FINANCE WAY,Joseph Madeira,552,7-Nov-14,"Two-Way , Not Divided",Dry,Daylight,Clear,Other,No,No Controls,5,1,Non-Incapacitating,4,41.82955,-71.41802
258945,2014-00112807,2014-11-09,12:28:00 PM,Bicycle,,1,,,1,STEEPLE STREET,MEMORIAL BLVD.,Joseph Madeira,552,9-Nov-14,"Two-Way , Not Divided",Dry,Daylight,Clear,Other,No,Traffic Control Signal,4,1,Non-Incapacitating,4,41.8317,-71.41732
260452,2014-00113064,2014-11-10,8:43:00 AM,Pedestrian,1,,,,1,ANGELL ST,S ANGELL ST ,Joseph Amoroso,613,17-Nov-14,One-Way Trafficway,Dry,Daylight,Clear,Not a Collision Between Two Motor Vehicles in Transport,No,Traffic Control Signal,7,1,Non-Incapacitating,,41.83008,-71.38825
259757,2014-00113576,2014-11-11,4:03:00 PM,Pedestrian,1,,,,1,HARTFORD AVE,HARTFORD AVE ,Michael Luke,245,13-Nov-14,"Two-Way, Divided, Unprotected (painted>4feet) Medium",Dry,Daylight,Clear,Other,"Yes, M/V and Driver Left Scene",No Controls,1,1,Complains Of Pain,,41.81755,-71.45283
259876,2014-00113613,2014-11-11,5:22:00 PM,Bicycle,,1,,,1,BLACKSTONE BLVD,HOPE ST ,Glen Morgan,558,11-Nov-14,"Two-Way, Divided, Unprotected (painted>4feet) Medium",Dry,Dark - Lighted,Clear,Angle (Front - to - Side) Right Angle (Includes Broadside),No,No Controls,3,0,No Injury,,41.85622,-71.39145
259622,2014-00114041,2014-11-12,7:00:00 PM,Pedestrian,1,,,,1,CHALKSTONE AVENUE,HOME AVENUE ,Giuseppe Scarcello,485,12-Nov-14,"Two-Way , Not Divided",Dry,Dark - Lighted,Clear,Not a Collision Between Two Motor Vehicles in Transport,No,No Controls,2,1,Non-Incapacitating,2,41.81513,-71.41188
259797,2014-00114392,2014-11-13,6:32:00 PM,Pedestrian,1,,,,1,CLAVERICK ST,BROAD ST ,MICHAEL R. TROIA / TRAFFIC BUREAU,331,13-Nov-14,One-Way Trafficway,Dry,Dark - Not Lighted,Clear,Not a Collision Between Two Motor Vehicles in Transport,No,Traffic Control Signal,4,1,Complains Of Pain,,41.81936,-71.41492
259916,2014-00114630,2014-11-14,1:44:00 PM,Pedestrian,1,,,,1,BRANCH AVE,DRYDEN LN ,John Almeida,386,14-Nov-14,Unknown,Dry,Daylight,Clear,Not a Collision Between Two Motor Vehicles in Transport,No,No Controls,2,1,Complains Of Pain,,41.84341,-71.40865
260188,2014-00115141,2014-11-15,5:33:00 PM,Pedestrian,1,,,,1,Amherst Street,FLORENCE ST ,Gabriel Morales,273,15-Nov-14,"Two-Way , Not Divided",Dry,Dark - Lighted,Clear,Angle (Front - to - Side) Same Direction,No,Stop Signs,4,1,Complains Of Pain,,41.82327,-71.44575
260487,2014-00115846,2014-11-17,2:15:00 PM,Pedestrian,1,,,,1,100 HARTFORD AVE,EDNA ST ,Jose Deschamps,419,17-Nov-14,"Two-Way, Divided, Unprotected (painted>4feet) Medium",Wet,Daylight,Rain,Other,No,No Controls,5,1,Complains Of Pain,,41.81688,-71.44587
260499,2014-00115910,2014-11-17,5:34:00 PM,Pedestrian,1,,,,1,CANDACE ST,ORMS ST ,Joseph Lopes,227,17-Nov-14,"Two-Way , Not Divided",Wet,Dark - Unknown Lighting,Rain,Angle (Front - to - Side) Right Angle (Includes Broadside),No,Traffic Control Signal,2,1,Complains Of Pain,,41.8338,-71.4219
260507,2014-00115921,2014-11-17,5:48:00 PM,Pedestrian,1,,,,1,122 BATH ST,ORMS ST ,Vincent Pazzetta,641,17-Nov-14,"Two-Way , Not Divided",Wet,Dark - Lighted,Rain,Not a Collision Between Two Motor Vehicles in Transport,No,No Controls,3,1,Complains Of Pain,,41.83354,-71.42555
260619,2014-00116246,2014-11-18,5:03:00 PM,Pedestrian,1,,,,1,CHALKSTONE AVENUE,CANTON STREET,Giuseppe Scarcello,485,18-Nov-14,"Two-Way , Not Divided",Dry,Dark - Lighted,Clear,Not a Collision Between Two Motor Vehicles in Transport,"Yes, M/V and Driver Left Scene",No Controls,2,0,Unknown,2,41.82937,-71.41803
261044,2014-00117088,2014-11-21,12:31:00 AM,Bicycle,,1,,,1,WASHINGTON ST,EMPIRE ST ,Alberto DaCruz,205,21-Nov-14,"Two-Way , Not Divided",Dry,Dark - Lighted,Clear,Not a Collision Between Two Motor Vehicles in Transport,No,Traffic Control Signal,2,1,Incapacitating,,41.82182,-71.41645
261424,2014-00117641,2014-11-22,1:07:00 PM,Pedestrian,1,,,,1,871 ELMWOOD AVE,ROGER WILLIAMS CT ,Jose Deschamps,419,22-Nov-14,"Two-Way , Not Divided",Dry,Daylight,Clear,Other,"Yes, M/V and Driver Left Scene",No Controls,3,1,Complains Of Pain,,41.78885,-71.4212
261631,2014-00118446,2014-11-24,5:08:00 PM,Pedestrian,1,,,,1,WEYBOSSET ST,SNOW ST ,Ralph Abenante,511,24-Nov-14,"Two-Way, Divided, Unprotected (painted>4feet) Medium",Wet,Dark - Lighted,Cloudy,Not a Collision Between Two Motor Vehicles in Transport,No,Other,3,0,No Injury,,41.82068,-71.41328
261597,2014-00118378,2014-11-24,1:54:00 PM,Pedestrian,1,,,,1,HOPE ST,WICKENDEN ST ,Jose Deschamps,419,24-Nov-14,"Two-Way , Not Divided",Wet,Daylight,Rain,Other,No,No Controls,2,1,Complains Of Pain,,41.81982,-71.39543
261608,2014-00118358,2014-11-24,12:57:00 PM,Bicycle,,1,,,1,WATERMAN ST,PROSPECT ST ,Jose Deschamps,419,24-Nov-14,"Two-Way , Not Divided",Wet,Daylight,Rain,Angle (Front - to - Side) Right Angle (Includes Broadside),No,Stop Signs,2,0,No Injury,,41.82691,-71.40472
262032,2014-00119153,2014-11-26,4:24:00 PM,Pedestrian,1,,,,1,WAVERLY ST,CRANSTON ST ,Jose Deschamps,419,26-Nov-14,"Two-Way , Not Divided",Wet,Dark - Not Lighted,"Sleet, Hail (Freezing Rain or Drizzle)",Other,"Yes, M/V and Driver Left Scene",No Controls,1,1,Complains Of Pain,,41.80834,-71.43458
262445,2014-00119015,2014-11-26,9:39:00 AM,Pedestrian,1,,,,1,PLAINFIELD ST,DIKE ST ,Anthony Hampton,681,30-Nov-14,"Two-Way , Not Divided",Dry,Daylight,Clear,Other,"Yes, M/V and Driver Left Scene",No Controls,3,1,Complains Of Pain,,41.81643,-71.44431