CrashReportId,ReportNumber,CrashDate,CrashTime,Collision Type,CountPedestrian,CountBicycle,Scooter,Wheel Chair,NumberofVehicles,StreetOrHighway,NearestIntersection,Officer,Badge,ReportDate,TypeOfRoadway,RoadSurfaceCondition,LightCondition,WeatherCondition,MannerofImpact,HitAndRun,TrafficControl,PersonCount,InjuryCount,MostSeriousInjury,NumberOfLanes,Latitude,Longitude
262259,2014-00119769,2014-11-28,6:30:00 PM,Pedestrian,2,,,,1,POCASSET AVE,PLAINFIELD ST ,Daryl Pfeiffer,241,28-Nov-14,"Two-Way , Not Divided",Dry,Dark - Lighted,Clear,Other,"Yes, Driver Left Scene",No Controls,2,1,Complains Of Pain,,41.8137,-71.44794
262408,2014-00120288,2014-11-30,2:53:00 AM,Pedestrian,1,,,,1,PINE ST,RICHMOND ST ,Shaun Marmas,216,30-Nov-14,One-Way Trafficway,Dry,Dark - Lighted,Clear,Unknown,"Yes, M/V and Driver Left Scene",No Controls,6,1,Non-Incapacitating,,41.82027,-71.41213
262587,2014-00120633,2014-12-01,12:00:00 PM,Bicycle,,1,,,2,ORMS ST,CHARLES ST ,David Morgan,474,1-Dec-14,"Two-Way , Not Divided",Dry,Daylight,Clear,Head-On (Front - to - Front),No,Pavement Markings,6,3,Incapacitating,,41.83489,-71.41223
263058,2014-00121712,2014-12-04,1:30:00 PM,Pedestrian,1,,,,1,Washington St,GREENE ST ,Gary Slater,365,4-Dec-14,"Two-Way , Not Divided",Dry,Daylight,Clear,Other,No,Traffic Control Signal,2,1,Non-Incapacitating,,41.82126,-71.4172
263431,2014-00122005,2014-12-05,7:53:00 AM,Pedestrian,1,,,,1,ORMS ST,SMITH ST ,Jose Deschamps,419,6-Dec-14,"Two-Way, Divided, Unprotected (painted>4feet) Medium",Dry,Daylight,Clear,Head-On (Front - to - Front),No,Traffic Control Signal,2,2,Complains Of Pain,,41.83377,-71.42198
264368,2014-00123461,2014-12-09,4:57:00 PM,Bicycle,,1,,,1,Broadway ,KNIGHT ST ,Ptlm. Chin,516,9-Dec-14,"Two-Way , Not Divided",Wet,Dark - Lighted,Rain,Not a Collision Between Two Motor Vehicles in Transport,No,No Controls,3,1,Complains Of Pain,2,41.8197,-71.42975
264553,2014-00123622,2014-12-10,8:09:00 AM,Pedestrian,1,,,,1,STATE ST,ORMS ST EXIT 23 ,David Morgan,474,10-Dec-14,"Two-Way , Not Divided",Wet,Daylight,Cloudy,Angle (Front - to - Side) Same Direction,No,Pavement Markings,3,1,Complains Of Pain,,41.83475,-71.41433
264694,2014-00123792,2014-12-10,5:18:00 PM,Pedestrian,1,,,,1,HOPE ST,ANGELL ST ,Fausto Garcia,109,10-Dec-14,"Two-Way , Not Divided",Wet,Dark - Lighted,Rain,Not a Collision Between Two Motor Vehicles in Transport,No,Pavement Markings,2,1,Complains Of Pain,,41.82881,-71.39779
264746,2014-00123755,2014-12-10,3:47:00 PM,Pedestrian,2,,,,1,Hayward St,PEARL ST ,Noel Field,260,10-Dec-14,"Two-Way , Not Divided",Wet,Dusk,Rain,Not a Collision Between Two Motor Vehicles in Transport,"Yes, M/V and Driver Left Scene",Stop Signs,2,2,Complains Of Pain,2,41.8142,-71.41992
264780,2014-00123880,2014-12-10,9:21:00 PM,Pedestrian,1,,,,1,WATERMAN ST,HOPE ST ,Steffan Rasch,315,10-Dec-14,"Two-Way , Not Divided",Wet,Dark - Lighted,Rain,Not a Collision Between Two Motor Vehicles in Transport,No,Traffic Control Signal,2,1,Complains Of Pain,2,41.82758,-71.39723
265143,2014-00124517,2014-12-12,6:48:00 PM,Pedestrian,1,,,,1,MEMORIAL BOULEVARD,COLLEGE ST ,Joseph Amoroso,613,12-Dec-14,"Two-Way , Not Divided",Dry,Dark - Lighted,Clear,Not a Collision Between Two Motor Vehicles in Transport,No,Traffic Control Signal,4,1,Complains Of Pain,,41.82529,-71.40895
265254,2014-00124816,2014-12-13,3:17:00 PM,Bicycle,,1,,,1,BROADWAY,KNIGHT ST ,Harrison Northup,232,13-Dec-14,"Two-Way , Not Divided",Dry,Daylight,Clear,Not a Collision Between Two Motor Vehicles in Transport,No,Traffic Control Signal,3,0,No Injury,2,41.8198,-71.42936
265317,2014-00124996,2014-12-14,1:33:00 AM,Pedestrian,1,,,,1,ELMWOOD AVE,RESERVOIR AVE ,Thomas Connetta,374,14-Dec-14,"Two-Way, Divided, Positive Median Barrier",Dry,Dark - Lighted,Clear,Head-On (Front - to - Front),"Yes, M/V and Driver Left Scene",Traffic Control Signal,3,1,Fatal,,41.79785,-71.42611
265481,2014-00125541,2014-12-15,7:48:00 PM,Pedestrian,1,,,,1,POINT ST,RICHMOND ST,Ibrahim Yousif,196,15-Dec-14,"Two-Way, Divided, Unprotected (painted>4feet) Medium",Dry,Dark - Lighted,Clear,Not a Collision Between Two Motor Vehicles in Transport,No,Traffic Control Signal,2,1,Complains Of Pain,,41.81655,-71.40729
265560,2014-00125657,2014-12-16,8:25:00 AM,Pedestrian,1,,,,1,DOUGLAS AVE,DOUGLAS AVE ,Jose Deschamps,419,16-Dec-14,"Two-Way , Not Divided",Dry,Daylight,Clear,Not a Collision Between Two Motor Vehicles in Transport,No,No Controls,2,1,Complains Of Pain,,41.84762,-71.43084
265641,2014-00125912,2014-12-16,8:04:00 PM,Pedestrian,1,,,,1,Francis St,AMERICAN EXPRESS PLZ ,David Impagliazzo,223,16-Dec-14,"Two-Way , Not Divided",Dry,Dark - Lighted,Clear,Not a Collision Between Two Motor Vehicles in Transport,No,Traffic Control Signal,7,1,Incapacitating,,41.82753,-71.41539
265755,2014-00126207,2014-12-17,4:47:00 PM,Pedestrian,1,,,,1,ATWELLS AVE,ACADEMY AVE ,Eduardo Curi,294,17-Dec-14,"Two-Way , Not Divided",Dry,Dark - Lighted,Clear,Not a Collision Between Two Motor Vehicles in Transport,No,Traffic Control Signal,2,1,Complains Of Pain,,41.82478,-71.4434
266142,2014-00127219,2014-12-20,12:40:00 PM,Pedestrian,1,,,,1,100 FRANCIS STREET,,Joseph Madeira,552,20-Dec-14,"Two-Way , Not Divided",Dry,Daylight,Clear,Other,No,No Controls,5,1,Non-Incapacitating,4,41.82955,-71.41802
266150,2014-00127288,2014-12-20,4:28:00 PM,Bicycle,,1,,,1,Valley St,DELAINE ST ,Juan Rodrigues,194,20-Dec-14,"Two-Way , Not Divided",Wet,Daylight,Clear,Angle (Front - to - Side) Right Angle (Includes Broadside),No,Flashing Traffic Control Signal,3,0,No Injury,,41.81951,-71.4405
266280,2014-00127310,2014-12-20,5:35:00 PM,Pedestrian,1,,,,1,CRANSTON ST,HOLLIS ST ,Luis Pelaez,336,21-Dec-14,"Two-Way , Not Divided",Snow,Dark - Lighted,Snow,Not a Collision Between Two Motor Vehicles in Transport,No,No Controls,2,1,Complains Of Pain,2,41.81099,-71.43206
266641,2014-00128251,2014-12-23,3:45:00 PM,Pedestrian,1,,,,1,Francis Street,MEMORIAL BLVD ,Daryl Pfeiffer,241,23-Dec-14,"Two-Way , Not Divided",Dry,Daylight,Clear,Not a Collision Between Two Motor Vehicles in Transport,"Yes, M/V and Driver Left Scene",No Controls,1,1,Complains Of Pain,,41.82657,-71.41551
266645,2014-00128278,2014-12-23,5:43:00 PM,Pedestrian,1,,,,1,HOPE ST,LAURISTON ST ,John Sigillo,590,23-Dec-14,"Two-Way , Not Divided",Wet,Dark - Lighted,Rain,Head-On (Front - to - Front),No,Stop Signs,5,1,Non-Incapacitating,,41.84865,-71.39519
266950,2014-00128834,2014-12-25,2:21:00 PM,Pedestrian,1,,,,1,ROCHAMBEAU AVENUE,HOPE STREET,Joseph Madeira,552,26-Dec-14,"Two-Way , Not Divided",Dry,Daylight,Clear,Unknown,"Yes, M/V and Driver Left Scene",Traffic Control Signal,2,0,No Injury,2,41.83349,-71.41682
267074,2014-00129395,2014-12-26,4:24:00 PM,Bicycle,,1,,,1,Sprague St,HARRISON ST ,Troy Lambert,413,27-Dec-14,"Two-Way , Not Divided",Dry,Daylight,Clear,Not a Collision Between Two Motor Vehicles in Transport,"Yes, M/V and Driver Left Scene",No Controls,1,1,Complains Of Pain,,41.80968,-71.42746
267234,2014-00129867,2014-12-29,8:06:00 AM,Pedestrian,1,,,,1,HOMER ST,BROAD ST ,Jose Deschamps,419,29-Dec-14,"Two-Way, Divided, Unprotected (painted>4feet) Medium",Dry,Daylight,Clear,Not a Collision Between Two Motor Vehicles in Transport,"Yes, M/V and Driver Left Scene",No Controls,1,1,Complains Of Pain,,41.78884,-71.40402
267258,2014-00129900,2014-12-29,9:59:00 AM,Pedestrian,1,,,,1,206 Elmwood Avenue,PLENTY STREET,Michele Rudolph,512,29-Dec-14,"Two-Way , Not Divided",Dry,Daylight,Clear,Not a Collision Between Two Motor Vehicles in Transport,No,Traffic Control Signal,4,1,Complains Of Pain,,41.80723,-71.42485
267275,2014-00129938,2014-12-29,12:27:00 PM,Bicycle,,1,,,1,CHALKSTONE AVE,LISBON ST ,Wayne Mann,563,29-Dec-14,"Two-Way , Not Divided",Dry,Daylight,Cloudy,Other,No,Pavement Markings,3,0,No Injury,2,41.83366,-71.43561
268346,2015-00001349,2015-01-05,11:30:00 AM,Pedestrian,1,,,,1,BROADWAY,ALMY ST ,Michael Caraccia,624,5-Jan-15,"Two-Way , Not Divided",Dry,Daylight,Clear,Other,"Yes, M/V and Driver Left Scene",Traffic Control Signal,2,1,Complains Of Pain,,41.81896,-71.43294
269440,2015-00003890,2015-01-13,3:17:00 PM,Pedestrian,1,,,,1,VALLEY ST,RILL ST ,Michael Gammino,491,13-Jan-15,"Two-Way, Divided, Unprotected (painted>4feet) Medium",Dry,Daylight,Clear,Not a Collision Between Two Motor Vehicles in Transport,No,No Controls,3,1,Complains Of Pain,,41.82661,-71.43815
269721,2015-00004570,2015-01-15,5:45:00 PM,Pedestrian,1,,,,1,North Main street,N MAIN ST ,Daryl Pfeiffer,241,15-Jan-15,"Two-Way, Divided, Positive Median Barrier",Wet,Dark - Lighted,Clear,Not a Collision Between Two Motor Vehicles in Transport,No,Traffic Control Signal,4,1,Complains Of Pain,,41.84199,-71.40798
270710,2015-00006448,2015-01-21,4:04:00 PM,Pedestrian,2,,,,1,Atwells Avenue,MONGENAIS ST ,Donald Castigliego,287,21-Jan-15,"Two-Way , Not Divided",Dry,Daylight,Clear,Not a Collision Between Two Motor Vehicles in Transport,No,Other,3,2,Complains Of Pain,2,41.82502,-71.44786
270730,2015-00006568,2015-01-21,11:45:00 PM,Pedestrian,1,,,,1,MASHAPAUG ST,HUNTINGTON AVE ,Vincent Lopez,219,22-Jan-15,"Two-Way , Not Divided",Dry,Dark - Lighted,Clear,Other,"Yes, M/V and Driver Left Scene",No Controls,2,1,Non-Incapacitating,,41.80044,-71.42927
270880,2015-00006960,2015-01-23,9:35:00 AM,Pedestrian,1,,,,1,WATERMAN AVENUE,IVES STREET,Joseph Madeira,552,23-Jan-15,"Two-Way , Not Divided",Dry,Daylight,Clear,Other,No,Stop Signs,4,1,Non-Incapacitating,2,41.83285,-71.41687
271002,2015-00007279,2015-01-24,2:14:00 AM,Pedestrian,1,,,,1,Memorial Blvd,FRANCIS ST ,Robert Heaton,539,24-Jan-15,"Two-Way, Divided, Positive Median Barrier",Dry,Dark - Lighted,Cloudy,Other,"Yes, M/V and Driver Left Scene",Traffic Control Signal,2,1,Incapacitating,6,41.82595,-71.41517
271010,2015-00007239,2015-01-24,12:07:00 AM,Pedestrian,1,,,,1,UNION ST,WASHINGTON ST ,Robert Savage,238,24-Jan-15,One-Way Trafficway,Dry,Dark - Lighted,Clear,Not a Collision Between Two Motor Vehicles in Transport,"Yes, M/V and Driver Left Scene",No Controls,2,1,Complains Of Pain,,41.82373,-71.41417
271231,2015-00007536,2015-01-24,11:36:00 PM,Pedestrian,1,,,,1,CHALKSTONE AVE,ROSEBANK AVE ,Riggins Jones,542,25-Jan-15,"Two-Way , Not Divided",Slush,Dark - Lighted,Cloudy,Not a Collision Between Two Motor Vehicles in Transport,No,No Controls,3,1,Incapacitating,,41.83397,-71.43384
271575,2015-00008373,2015-01-28,10:26:00 AM,Pedestrian,1,,,,1,70 HAROLD ST,ALLSTON ST ,Jose Deschamps,419,28-Jan-15,"Two-Way , Not Divided",Snow,Daylight,Clear,Other,No,No Controls,3,0,No Injury,,41.8289,-71.43851
272202,2015-00009023,2015-01-30,2:51:00 AM,Pedestrian,1,,,,1,71 bridgham street,KENDALL ST ,Patrick Hourahan,243,30-Jan-15,Unknown,Wet,Dark - Lighted,Snow,Not a Collision Between Two Motor Vehicles in Transport,"Yes, M/V and Driver Left Scene",No Controls,1,0,No Injury,,41.81297,-71.42611
272461,2015-00009261,2015-01-30,5:36:00 PM,Pedestrian,1,,,,1,HAWKINS ST,YORKSHIRE ST ,Edwardo Curi,294,30-Jan-15,"Two-Way , Not Divided",Snow,Daylight,Snow,Not a Collision Between Two Motor Vehicles in Transport,"Yes, M/V and Driver Left Scene",No Controls,1,1,Complains Of Pain,,41.8489,-71.42552
272866,2015-00010068,2015-02-02,1:10:00 AM,Pedestrian,1,,,,1,EUTAW ST,ATWELLS AVE ,Robert Heaton,539,2-Feb-15,One-Way Trafficway,Dry,Dark - Lighted,Cloudy,Other,"Yes, M/V and Driver Left Scene",No Controls,3,1,Complains Of Pain,1,41.82379,-71.42545
273294,2015-00010859,2015-02-04,1:03:00 PM,Pedestrian,1,,,,1,PENNSYLVANIA AVE,broad st ,Albert Deschamps,527,4-Feb-15,"Two-Way , Not Divided",Snow,Daylight,Clear,Not a Collision Between Two Motor Vehicles in Transport,"Yes, M/V and Driver Left Scene",No Controls,2,1,Complains Of Pain,,41.79747,-71.41358
273321,2015-00010855,2015-02-04,12:53:00 PM,Pedestrian,1,,,,1,N MAIN ST,N MAIN ST ,Jose Deschamps,419,4-Feb-15,"Two-Way, Divided, Positive Median Barrier",Snow,Daylight,Clear,Other,No,No Controls,2,1,Complains Of Pain,,41.85566,-71.39994
273698,2015-00011591,2015-02-06,2:20:00 PM,Pedestrian,2,,,,1,35 Camp St.,TERNAY GARDEN ,Frank Moody,328,7-Feb-15,One-Way Trafficway,Dry,Daylight,Clear,Not a Collision Between Two Motor Vehicles in Transport,No,No Controls,4,0,No Injury,,41.83737,-71.40436
274220,2015-00012707,2015-02-09,4:45:00 PM,Pedestrian,1,,,,1,CROWNINSHIELD ST,IDA ST ,Donald Castigliego,287,9-Feb-15,"Two-Way , Not Divided",Snow,Dusk,Snow,Not a Collision Between Two Motor Vehicles in Transport,No,No Controls,3,1,Non-Incapacitating,2,41.81774,-71.45765
276090,2015-00015516,2015-02-17,7:15:00 AM,Pedestrian,1,,,,1,hope street ,OVERHILL RD ,David Schiavulli,651,17-Feb-15,"Two-Way , Not Divided",Slush,Daylight,Clear,Not a Collision Between Two Motor Vehicles in Transport,"Yes, M/V and Driver Left Scene",No Controls,4,1,Complains Of Pain,2,41.8512,-71.39396
276724,2015-00016418,2015-02-19,3:22:00 PM,Pedestrian,1,,,,1,CHARLES ST,CHARLES ST ,Jessica Leone,258,19-Feb-15,"Two-Way , Not Divided",Slush,Daylight,Clear,Not a Collision Between Two Motor Vehicles in Transport,No,No Controls,2,1,Complains Of Pain,,41.85359,-71.42049
277949,2015-00018205,2015-02-24,12:56:00 PM,Pedestrian,1,,,,1,RESERVOIR AVE,RESERVOIR AVE EXIT ,Michael Cileli,567,24-Feb-15,"Two-Way , Not Divided",Wet,Daylight,Clear,Not a Collision Between Two Motor Vehicles in Transport,No,No Controls,4,1,Complains Of Pain,,41.78642,-71.43404
278168,2015-00018390,2015-02-24,10:16:00 PM,Pedestrian,1,,,,1,Union Ave,POCASSET AVE ,Robert Heaton,539,25-Feb-15,"Two-Way , Not Divided",Dry,Dark - Lighted,Cloudy,Other,No,Traffic Control Signal,3,1,Complains Of Pain,2,41.80639,-71.45716
279215,2015-00019162,2015-02-27,8:18:00 AM,Pedestrian,1,,,,1,CUSTOM HOUSE ST,DYER ST ,Jose Deschamps,419,28-Feb-15,"Two-Way, Divided, Positive Median Barrier",Ice/Frost,Daylight,Clear,Not a Collision Between Two Motor Vehicles in Transport,No,Traffic Control Signal,3,1,Complains Of Pain,,41.8242,-71.40843
279552,2015-00019485,2015-02-27,10:46:00 PM,Pedestrian,1,,,,1,Pine St,CHESTNUT ST ,Robert Heaton,539,2-Mar-15,One-Way Trafficway,Dry,Dark - Lighted,Clear,Other,No,Flashing Traffic Control Signal,2,1,Non-Incapacitating,1,41.81944,-71.41294
279021,2015-00019184,2015-02-27,9:43:00 AM,Pedestrian,1,,,,1,HOPE ST,BURLINGTON ST ,Fernando Lopez,156,27-Feb-15,"Two-Way , Not Divided",Dry,Daylight,Clear,Other,No,No Controls,2,1,Complains Of Pain,,41.84798,-71.39552
279029,2015-00019242,2015-02-27,12:30:00 PM,Bicycle,,1,,,1,SMITH ST,SMITH ST ,Fernando Lopez,156,27-Feb-15,"Two-Way , Not Divided",Dry,Daylight,Clear,Not a Collision Between Two Motor Vehicles in Transport,No,No Controls,3,0,No Injury,,41.83266,-71.4192
279145,2015-00019728,2015-02-28,5:08:00 PM,Pedestrian,2,,,,1,Point Street Bridge,POINT ST ,Donald Castigliego,287,28-Feb-15,"Two-Way , Not Divided",Ice/Frost,Dusk,Clear,Not a Collision Between Two Motor Vehicles in Transport,No,No Controls,3,2,Complains Of Pain,2,41.81869,-71.40198
280569,2015-00019809,2015-02-28,9:35:00 PM,Pedestrian,1,,,,1,Chalkstone Ave,Geneva St,Michael Clary,269,6-Mar-15,"Two-Way , Not Divided",Dry,Dark - Lighted,Clear,Not a Collision Between Two Motor Vehicles in Transport,"Yes, M/V and Driver Left Scene",No Controls,1,1,Complains Of Pain,,41.83226,-71.44118
279448,2015-00020292,2015-03-02,12:14:00 PM,Pedestrian,1,,,,1,DEAN STREET,WASHINGTON STREET,Joseph Madeira,552,2-Mar-15,"Two-Way , Not Divided",Wet,Daylight,Clear,Other,No,Stop Signs,2,1,Complains Of Pain,2,41.83438,-71.41621
281069,2015-00022657,2015-03-08,7:12:00 PM,Pedestrian,1,,,,1,POINT ST,PLAIN ST ,Ptlm. Chin,516,8-Mar-15,One-Way Trafficway,Wet,Dark - Lighted,Clear,Not a Collision Between Two Motor Vehicles in Transport,"Yes, M/V and Driver Left Scene",Stop Signs,1,1,Complains Of Pain,3,41.81489,-71.41371
281554,2015-00023579,2015-03-11,3:11:00 PM,Pedestrian,1,,,,1,Bellevue Ave,CRANSTON ST ,Ptlm. Chin,516,11-Mar-15,"Two-Way , Not Divided",Wet,Daylight,Clear,Not a Collision Between Two Motor Vehicles in Transport,No,No Controls,2,1,Complains Of Pain,2,41.80888,-71.43403
282357,2015-00024955,2015-03-15,12:38:00 PM,Pedestrian,1,,,,1,WESTMINSTER ST,STOKES ST ,Fernando Lopez,156,15-Mar-15,"Two-Way , Not Divided",Dry,Daylight,Clear,Not a Collision Between Two Motor Vehicles in Transport,No,No Controls,4,1,Complains Of Pain,,41.81669,-71.44252
282514,2015-00025298,2015-03-16,3:45:00 PM,Bicycle,,1,,,1,30 Hartford Ave,OLNEYVILLE SQ ,Ptlm. Chin,516,16-Mar-15,One-Way Trafficway,Dry,Daylight,Clear,Not a Collision Between Two Motor Vehicles in Transport,No,No Controls,2,1,Complains Of Pain,1,41.81673,-71.44431
282868,2015-00025934,2015-03-18,1:24:00 PM,Bicycle,,1,,,1,ANGELL ST,BROOK ST ,Jose Deschamps,419,18-Mar-15,One-Way Trafficway,Dry,Daylight,Clear,"Sideswipe, Same Direction","Yes, M/V and Driver Left Scene",No Controls,2,1,Complains Of Pain,,41.82823,-71.39929
282968,2015-00026184,2015-03-19,6:59:00 AM,Pedestrian,1,,,,1,BENEFIT STREET,POWER STREET,Joseph Madeira,552,19-Mar-15,"Two-Way , Not Divided",Dry,Daylight,Clear,Other,No,Stop Signs,4,1,Non-Incapacitating,2,41.83651,-71.4149
283751,2015-00027635,2015-03-23,3:20:00 PM,Pedestrian,1,,,,1,Jillson St ,EDDY ST ,OR PROCTOR ,627,23-Mar-15,"Two-Way, Divided, Unprotected (painted>4feet) Medium",Dry,Daylight,Clear,Not a Collision Between Two Motor Vehicles in Transport,"Yes, M/V and Driver Left Scene",Stop Signs,6,1,Complains Of Pain,,41.79133,-71.40391
283806,2015-00027843,2015-03-24,10:07:00 AM,Bicycle,,1,,,1,575 WICKENDEN STREET,,Joseph Madeira,552,24-Mar-15,"Two-Way , Not Divided",Dry,Daylight,Clear,Other,"Yes, M/V and Driver Left Scene",No Controls,1,0,No Injury,2,41.83618,-71.41545
284120,2015-00028483,2015-03-26,8:41:00 AM,Pedestrian,1,,,,1,201 SMITH STREET,FRAN CONWAY PLACE,Joseph Madeira,552,26-Mar-15,"Two-Way , Not Divided",Dry,Daylight,Cloudy,Other,No,No Controls,6,2,Fatal,,41.83476,-71.41637
284250,2015-00028664,2015-03-26,6:14:00 PM,Pedestrian,1,,,,1,51 Silver Spring St,CHATHAM ST ,Ptlm. Chin,516,26-Mar-15,"Two-Way , Not Divided",Wet,Dark - Lighted,Rain,Not a Collision Between Two Motor Vehicles in Transport,"Yes, M/V and Driver Left Scene",No Controls,1,1,Complains Of Pain,2,41.84618,-71.41688
288241,2015-00029353,2015-03-28,8:07:00 PM,Pedestrian,1,,,,1,BOWDOIN ST,ATWELLS AVE ,Robert Foley,242,21-Apr-15,"Two-Way , Not Divided",Dry,Dark - Lighted,Clear,Not a Collision Between Two Motor Vehicles in Transport,"Yes, M/V and Driver Left Scene",No Controls,3,1,Complains Of Pain,,41.82476,-71.44292
284565,2015-00029440,2015-03-29,1:29:00 AM,Pedestrian,1,,,,1,OAKLAND AVE,DICKENS ST ,Kyle Richards,209,29-Mar-15,"Two-Way , Not Divided",Wet,Dark - Lighted,Snow,Not a Collision Between Two Motor Vehicles in Transport,No,No Controls,2,1,Complains Of Pain,,41.83775,-71.42984
285119,2015-00030586,2015-04-01,12:10:00 PM,Pedestrian,1,1,,,2,1901 WESTMINSTER ST,BOUGH ST ,Patrolman D. Hull,598,1-Apr-15,"Two-Way, Divided, Unprotected (painted>4feet) Medium",Dry,Daylight,Clear,Angle (Front - to - Side) Right Angle (Includes Broadside),No,Pavement Markings,6,1,Complains Of Pain,3,41.8166,-71.44189
285327,2015-00031036,2015-04-02,7:11:00 PM,Bicycle,,1,X,,1,DAVE GAVIT WAY,BASSETT ST ,Matthew Goddard,171,2-Apr-15,One-Way Trafficway,Dry,Dark - Lighted,Clear,Not a Collision Between Two Motor Vehicles in Transport,No,Stop Signs,2,1,Complains Of Pain,3,41.81603,-71.41286
285661,2015-00030691,2015-04-02,5:42:00 PM,Pedestrian,1,,,,1,LENOX AVE,EMERSON ST ,Thomas Richards,162,5-Apr-15,"Two-Way , Not Divided",Dry,Daylight,Clear,Other,"Yes, M/V and Driver Left Scene",Stop Signs,1,1,Non-Incapacitating,,41.7979,-71.41604
285445,2015-00031395,2015-04-03,6:18:00 PM,Bicycle,,1,,,1,PITMAN ST,IVES ST ,Steffan Rasch,315,3-Apr-15,"Two-Way , Not Divided",Wet,Daylight,Rain,Angle (Front - to - Side) Right Angle (Includes Broadside),No,Stop Signs,2,1,Complains Of Pain,2,41.82635,-71.39276
285754,2015-00032208,2015-04-06,11:01:00 AM,Bicycle,,1,,,1,404 VALLEY STR,EAGLE ST ,Jose Deschamps,419,6-Apr-15,"Two-Way , Not Divided",Dry,Daylight,Clear,Not a Collision Between Two Motor Vehicles in Transport,No,No Controls,2,1,Complains Of Pain,,41.82761,-71.43594
285760,2015-00032163,2015-04-06,7:15:00 AM,Pedestrian,1,,,,1,EXCHANGE ST,Fulton ST ,Gary Slater,365,6-Apr-15,"Two-Way , Not Divided",Dry,Daylight,Clear,Not a Collision Between Two Motor Vehicles in Transport,No,Traffic Control Signal,3,0,No Injury,,41.82503,-71.4101
285780,2015-00032358,2015-04-06,5:30:00 PM,Pedestrian,1,,,,1,Westminster Street,MANTON AVE ,Robert Foley,242,6-Apr-15,"Two-Way , Not Divided",Dry,Daylight,Clear,Not a Collision Between Two Motor Vehicles in Transport,No,No Controls,3,1,Complains Of Pain,,41.81676,-71.44314
285817,2015-00032422,2015-04-06,8:44:00 PM,Pedestrian,1,,,,1,BROAD ST,EDDY ST ,Daryl Pfeiffer,241,6-Apr-15,"Two-Way , Not Divided",Dry,Dark - Lighted,Clear,Not a Collision Between Two Motor Vehicles in Transport,No,No Controls,3,1,Complains Of Pain,,41.78674,-71.40225
285992,2015-00032665,2015-04-07,4:03:00 PM,Bicycle,,1,,,1,S MAIN ST,COLLEGE ST ,Ptlm R Caraccia,360,7-Apr-15,One-Way Trafficway,Wet,Daylight,Rain,Other,No,Pavement Markings,2,1,Complains Of Pain,2,41.82624,-71.4083
286115,2015-00032603,2015-04-07,12:28:00 PM,Bicycle,,,,,2,BROAD ST,CAHIR ST ,Michael Camardo,515,8-Apr-15,"Two-Way , Not Divided",Wet,Daylight,Rain,Not a Collision Between Two Motor Vehicles in Transport,"Yes, M/V and Driver Left Scene",Traffic Control Signal,1,0,No Injury,2,41.81692,-71.41795
286083,2015-00032851,2015-04-08,7:56:00 AM,Pedestrian,1,,,,1,WASHINGTON STREET,MATHEWSON STREET,Joseph Madeira,552,8-Apr-15,"Two-Way , Not Divided",Dry,Daylight,Cloudy,Unknown,"Yes, M/V and Driver Left Scene",No Controls,2,0,No Injury,2,41.83713,-71.41435
286428,2015-00033970,2015-04-11,1:08:00 PM,Pedestrian,1,,,,1,15 CAROLINA AVENUE,,Joseph Madeira,552,11-Apr-15,"Two-Way , Not Divided",Dry,Daylight,Clear,Unknown,"Yes, M/V and Driver Left Scene",No Controls,1,1,Non-Incapacitating,2,41.83203,-71.41752
287457,2015-00035311,2015-04-15,7:23:00 AM,Pedestrian,1,,,,1,BROAD ST,THURBERS AVE ,Jose Deschamps,419,15-Apr-15,"Two-Way, Divided, Unprotected (painted>4feet) Medium",Dry,Daylight,Clear,Not a Collision Between Two Motor Vehicles in Transport,No,Traffic Control Signal,5,1,Complains Of Pain,,41.7982,-71.41467
287502,2015-00035391,2015-04-15,12:35:00 PM,Bicycle,,1,,,1,ASHBURTON ST,CHARLES ST ,Jose Deschamps,419,15-Apr-15,One-Way Trafficway,Dry,Daylight,Clear,Not a Collision Between Two Motor Vehicles in Transport,No,No Controls,2,1,Complains Of Pain,,41.83897,-71.41564
287878,2015-00036871,2015-04-18,11:37:00 PM,Pedestrian,1,,,,1,MEETING ST,THAYER ST ,Michael Duffy,354,19-Apr-15,One-Way Trafficway,Dry,Dark - Lighted,Clear,Other,"Yes, Driver Left Scene",No Controls,1,1,Complains Of Pain,,41.82916,-71.40084
288816,2015-00039539,2015-04-26,3:17:00 PM,Pedestrian,1,,,,1,555 CHALKSTONE AVE,,MICHAEL R. TROIA / TRAFFIC BUREAU,331,26-Apr-15,Unknown,Dry,Daylight,Clear,Not a Collision Between Two Motor Vehicles in Transport,"Yes, M/V and Driver Left Scene",No Controls,3,1,Complains Of Pain,,41.83553,-71.42446
288925,2015-00039810,2015-04-27,2:42:00 PM,Pedestrian,1,,,,1,ASHBURTON ST,,MICHAEL R. TROIA / TRAFFIC BUREAU,331,27-Apr-15,One-Way Trafficway,Dry,Daylight,Clear,Not a Collision Between Two Motor Vehicles in Transport,No,No Controls,5,1,Complains Of Pain,,41.83657,-71.41397
289008,2015-00039997,2015-04-28,8:44:00 AM,Pedestrian,1,,,,1,BROADWAY,KNIGHT ST ,Fernando Lopez,156,28-Apr-15,"Two-Way , Not Divided",Dry,Daylight,Cloudy,Not a Collision Between Two Motor Vehicles in Transport,No,Traffic Control Signal,6,1,Complains Of Pain,,41.81982,-71.42926