CrashReportId,ReportNumber,CrashDate,CrashTime,Collision Type,CountPedestrian,CountBicycle,Scooter,Wheel Chair,NumberofVehicles,StreetOrHighway,NearestIntersection,Officer,Badge,ReportDate,TypeOfRoadway,RoadSurfaceCondition,LightCondition,WeatherCondition,MannerofImpact,HitAndRun,TrafficControl,PersonCount,InjuryCount,MostSeriousInjury,NumberOfLanes,Latitude,Longitude
301745,2015-00070327,2015-07-16,1:55:00 PM,Pedestrian,1,,,,1,193 ELMWOOD AVENUE,,Joseph Madeira,552,17-Jul-15,"Two-Way , Not Divided",Dry,Daylight,Clear,Other,No,Traffic Control Signal,3,1,Complains Of Pain,4,41.82489,-71.41943
302206,2015-00071632,2015-07-19,2:50:00 PM,Pedestrian,1,,,,1,177 WEBSTER AVENUE,,Joseph Madeira,552,19-Jul-15,Unknown,Dry,Daylight,Clear,Other,"Yes, M/V and Driver Left Scene",No Controls,1,1,Non-Incapacitating,,41.83435,-71.41622
302555,2015-00072485,2015-07-21,8:54:00 PM,Pedestrian,1,,,,1,Westminster St,Barton St,Michael Clary,269,21-Jul-15,"Two-Way , Not Divided",Wet,Dark - Lighted,Rain,Not a Collision Between Two Motor Vehicles in Transport,No,Traffic Control Signal,2,1,Complains Of Pain,,41.81592,-71.43653
302606,2015-00072607,2015-07-22,8:20:00 AM,Bicycle,,1,,,1,Traverse St,Rosary Access Rd,Richard Mills,424,22-Jul-15,"Two-Way , Not Divided",Dry,Daylight,Clear,Angle (Front - to - Side) Opposite Direction,No,Stop Signs,2,1,Complains Of Pain,,41.81857,-71.39916
302634,2015-00072647,2015-07-22,10:12:00 AM,Pedestrian,2,,,,1,ROCHAMBEAU AVENUE,COLE ROAD,Joseph Madeira,552,22-Jul-15,"Two-Way , Not Divided",Dry,Daylight,Clear,Other,No,Stop Signs,5,0,No Injury,2,41.83457,-71.41612
303318,2015-00073966,2015-07-25,6:32:00 PM,Bicycle,,1,,,1,BRANCH AVE,OPPER ST ,Jessica Leone,258,25-Jul-15,"Two-Way , Not Divided",Dry,Daylight,Clear,Not a Collision Between Two Motor Vehicles in Transport,No,Traffic Control Signal,2,1,Complains Of Pain,,41.85173,-71.42336
303420,2015-00074385,2015-07-26,4:02:00 PM,Pedestrian,1,,,,1,775 Potters Ave,HOMESTEAD AVE ,Ptlm. Chin,516,26-Jul-15,"Two-Way , Not Divided",Dry,Daylight,Cloudy,Not a Collision Between Two Motor Vehicles in Transport,No,No Controls,7,1,Complains Of Pain,2,41.80416,-71.43537
303687,2015-00075184,2015-07-28,9:57:00 PM,Bicycle,,1,,,2,EMPIRE ST,WASHINGTON ST ,Robert Heaton,539,28-Jul-15,"Two-Way , Not Divided",Dry,Dark - Lighted,Clear,Other,No,Traffic Control Signal,3,1,Incapacitating,4,41.82178,-71.41639
303946,2015-00075771,2015-07-30,1:52:00 PM,Pedestrian,1,,,,1,LYNN ST,SACKETT ST ,Ryan Moroney,324,30-Jul-15,"Two-Way , Not Divided",Dry,Daylight,Clear,Not a Collision Between Two Motor Vehicles in Transport,"Yes, M/V and Driver Left Scene",No Controls,2,1,Complains Of Pain,2,41.79538,-71.41297
303976,2015-00075825,2015-07-30,4:47:00 PM,Bicycle,,1,,,1,BLACKSTONE BLVD,LLOYD AVE,Fausto Garcia,109,30-Jul-15,One-Way Trafficway,Dry,Daylight,Cloudy,Not a Collision Between Two Motor Vehicles in Transport,No,Stop Signs,4,1,Complains Of Pain,2,41.83534,-71.38462
304042,2015-00075893,2015-07-30,8:07:00 PM,Pedestrian,3,,,,1,SMITH ST,DANFORTH ST ,Robert Heaton,539,30-Jul-15,"Two-Way , Not Divided",Wet,Dark - Lighted,Rain,Other,No,No Controls,7,2,Incapacitating,2,41.83564,-71.4267
304260,2015-00076205,2015-07-31,6:50:00 PM,Bicycle,,1,,,1,21 FELIX ST,CHALKSTONE AVE ,Shawn Murnighan,253,31-Jul-15,"Two-Way , Not Divided",Dry,Daylight,Clear,Not a Collision Between Two Motor Vehicles in Transport,"Yes, M/V and Driver Left Scene",No Controls,1,0,No Injury,,41.83276,-71.4279
304271,2015-00076311,2015-07-31,11:17:00 PM,Pedestrian,1,,,,1,MEMORIAL BLVD,FRANCIS ST ,Jason Cotugno,173,1-Aug-15,"Two-Way, Divided, Positive Median Barrier",Dry,Dark - Lighted,Clear,Not a Collision Between Two Motor Vehicles in Transport,No,Traffic Control Signal,5,1,Non-Incapacitating,,41.8259,-71.41535
304549,2015-00076091,2015-07-31,1:28:00 PM,Pedestrian,1,,,,1,RESERVOIR AVE,ELMWOOD AVE ,James Annis,454,2-Aug-15,Unknown,Dry,Daylight,Clear,Other,No,No Controls,2,1,Complains Of Pain,,41.79782,-71.42611
304397,2015-00076654,2015-08-01,7:07:00 PM,Pedestrian,1,,,,1,Smith St,HOLDEN ST ,Ptlm. Chin,516,1-Aug-15,"Two-Way , Not Divided",Dry,Dusk,Clear,Not a Collision Between Two Motor Vehicles in Transport,No,No Controls,4,1,Complains Of Pain,2,41.83219,-71.41798
304577,2015-00077034,2015-08-02,4:40:00 PM,Bicycle,1,,,,1,Kenwood St,MESSER ST ,Ptlm. Chin,516,2-Aug-15,"Two-Way , Not Divided",Dry,Daylight,Clear,Not a Collision Between Two Motor Vehicles in Transport,"Yes, M/V and Driver Left Scene",No Controls,1,0,No Injury,2,41.80992,-71.43438
304799,2015-00077425,2015-08-03,6:33:00 PM,Pedestrian,1,,,,1,16 BARRY ROAD,BARRY RD ,Donald Castigliego,287,3-Aug-15,"Two-Way , Not Divided",Dry,Daylight,Clear,Not a Collision Between Two Motor Vehicles in Transport,No,No Controls,3,1,Non-Incapacitating,,41.81821,-71.4504
306183,2015-00077299,2015-08-03,12:56:00 PM,Bicycle,,1,,,1,ELMWOOD AVE,ELMWOOD AVE ,Eugene Craven,517,11-Aug-15,"Two-Way, Divided, Unprotected (painted>4feet) Medium",Dry,Daylight,Clear,Angle (Front - to - Side) Same Direction,No,No Controls,2,1,Complains Of Pain,,41.80736,-71.42484
305204,2015-00078147,2015-08-05,4:03:00 PM,Bicycle,,1,,,1,North Main St,FROST ST ,Ptlm. Chin,516,5-Aug-15,"Two-Way, Divided, Positive Median Barrier",Dry,Daylight,Clear,Not a Collision Between Two Motor Vehicles in Transport,No,No Controls,2,1,Complains Of Pain,4,41.85138,-71.40235
305294,2015-00078138,2015-08-05,3:30:00 PM,Bicycle,,1,,,1,MOORE ST,UPDIKE ST ,Shawn Murnighan,253,5-Aug-15,Unknown,Dry,Daylight,Clear,Not a Collision Between Two Motor Vehicles in Transport,No,No Controls,3,1,Complains Of Pain,,41.80482,-71.422
305473,2015-00078626,2015-08-06,8:19:00 PM,Bicycle,,1,,,1,Grand St,POTTERS AVE ,Ptlm. Chin,516,6-Aug-15,"Two-Way , Not Divided",Dry,Unknown,Clear,Not a Collision Between Two Motor Vehicles in Transport,"Yes, M/V and Driver Left Scene",No Controls,1,1,Complains Of Pain,2,41.80245,-71.4322
305839,2015-00079437,2015-08-08,9:31:00 PM,Bicycle,,1,,,1,MANTON AVE,RUSHMORE AVE ,Donald Castigliego,287,8-Aug-15,"Two-Way , Not Divided",Dry,Dark - Lighted,Clear,Not a Collision Between Two Motor Vehicles in Transport,No,No Controls,2,1,Incapacitating,2,41.82576,-71.45701
306079,2015-00080149,2015-08-10,1:18:00 PM,Pedestrian,1,,,,1,THAYER ST,POWER ST ,Jose Deschamps,419,10-Aug-15,"Two-Way, Divided, Unprotected (painted>4feet) Medium",Dry,Daylight,Clear,Not a Collision Between Two Motor Vehicles in Transport,No,No Controls,3,1,Non-Incapacitating,,41.82324,-71.40007
306111,2015-00079795,2015-08-10,5:00:00 PM,Pedestrian,1,,,,1,Nye St,ALVERSON AVE ,Juan Rodrigues,194,10-Aug-15,"Two-Way , Not Divided",Dry,Daylight,Clear,Not a Collision Between Two Motor Vehicles in Transport,"Yes, M/V and Driver Left Scene",No Controls,2,1,Non-Incapacitating,,41.81697,-71.45941
306128,2015-00080281,2015-08-10,7:36:00 PM,Bicycle,,1,,,1,500 Cranston St,,Michael Clary,269,10-Aug-15,"Two-Way , Not Divided",Dry,Dusk,Clear,Not a Collision Between Two Motor Vehicles in Transport,No,No Controls,2,0,No Injury,,41.80947,-71.43356
306246,2015-00080585,2015-08-11,4:48:00 PM,Pedestrian,1,,,,1,ELM ST,HOSPITAL ST ,KEN MATSUMOTO,348,11-Aug-15,"Two-Way , Not Divided",Wet,Daylight,Rain,Not a Collision Between Two Motor Vehicles in Transport,No,Stop Signs,3,1,Complains Of Pain,,41.81705,-71.4105
306407,2015-00080884,2015-08-12,12:55:00 PM,Pedestrian,1,,,,1,DORRANCE STREET,WESTMINISTER STREET,Joseph Madeira,552,12-Aug-15,"Two-Way , Not Divided",Dry,Daylight,Clear,Other,No,Traffic Control Signal,3,0,No Injury,2,41.82953,-71.41802
306427,2015-00080997,2015-08-12,6:01:00 PM,Pedestrian,1,,,X,1,W EXCHANGE ST,EXCHANGE TER ,Ralph Abenante,511,12-Aug-15,One-Way Trafficway,Dry,Daylight,Clear,Angle (Front - to - Side) Same Direction,No,No Controls,2,0,No Injury,,41.82484,-71.41534
306552,2015-00081350,2015-08-13,4:49:00 PM,Bicycle,,1,,,1,WENDELL ST,SUPERIOR ST ,Donald Castigliego,287,13-Aug-15,One-Way Trafficway,Dry,Daylight,Clear,Not a Collision Between Two Motor Vehicles in Transport,"Yes, M/V and Driver Left Scene",No Controls,1,1,Complains Of Pain,,41.811,-71.43428
306569,2015-00081359,2015-08-13,5:06:00 PM,Bicycle,,1,,,1,CLIFFORD ST,DORRANCE ST ,Donald Castigliego,287,13-Aug-15,One-Way Trafficway,Dry,Daylight,Clear,Not a Collision Between Two Motor Vehicles in Transport,No,Traffic Control Signal,4,1,Non-Incapacitating,,41.82153,-71.40884
306647,2015-00081483,2015-08-13,10:30:00 PM,Bicycle,,1,,,2,1314 BROAD STREET,BROAD ST ,Jimmy Gutierrez,246,13-Aug-15,"Two-Way, Divided, Unprotected (painted>4feet) Medium",Dry,Dark - Lighted,Clear,Not a Collision Between Two Motor Vehicles in Transport,No,No Controls,3,1,Complains Of Pain,,41.791,-71.40586
306806,2015-00081595,2015-08-14,9:28:00 AM,Pedestrian,1,,,,1,MANTON AVE,PELHAM ST ,Jose Deschamps,419,14-Aug-15,"Two-Way, Divided, Unprotected (painted>4feet) Medium",Dry,Daylight,Clear,Not a Collision Between Two Motor Vehicles in Transport,No,No Controls,5,1,Complains Of Pain,,41.82092,-71.44779
306887,2015-00082526,2015-08-16,5:21:00 PM,Bicycle,,1,,,1,CRANSTON ST,DEXTER ST ,Donald Castigliego,287,16-Aug-15,"Two-Way , Not Divided",Dry,Daylight,Clear,Not a Collision Between Two Motor Vehicles in Transport,No,Traffic Control Signal,2,1,Complains Of Pain,,41.8126,-71.42959
306962,2015-00082429,2015-08-16,11:48:00 AM,Pedestrian,1,,,,1,BROAD ST,FRANCIS GREEN MEMORIAL BLVD,Jose Deschamps,419,17-Aug-15,"Two-Way , Not Divided",Dry,Daylight,Clear,Other,No,No Controls,3,2,Complains Of Pain,,41.79341,-71.40871
307519,2015-00083896,2015-08-20,5:14:00 PM,Bicycle,,1,,,1,CHARLES ST,ORMS ST ,Donald Castigliego,287,20-Aug-15,"Two-Way , Not Divided",Dry,Daylight,Clear,Not a Collision Between Two Motor Vehicles in Transport,No,No Controls,2,1,Complains Of Pain,,41.83515,-71.41153
307645,2015-00084225,2015-08-21,3:26:00 PM,Pedestrian,1,,,,1,UNION AVE,MESSER ST ,Brian Murphy,231,21-Aug-15,"Two-Way , Not Divided",Dry,Daylight,Clear,Not a Collision Between Two Motor Vehicles in Transport,"Yes, M/V and Driver Left Scene",No Controls,1,1,Complains Of Pain,,41.81013,-71.43513
307882,2015-00085138,2015-08-23,6:45:00 PM,Pedestrian,1,,,,1,CROWNINSHIELD ST,MERINO ST ,Graig Sion,254,23-Aug-15,"Two-Way, Divided, Unprotected (painted>4feet) Medium",Dry,Daylight,Clear,Not a Collision Between Two Motor Vehicles in Transport,No,No Controls,5,1,Complains Of Pain,,41.81741,-71.45831
308601,2015-00086718,2015-08-27,6:03:00 PM,Pedestrian,1,,,,1,Broad Street,ALDRICH ST ,Nicholas Froncillo,163,27-Aug-15,"Two-Way , Not Divided",Dry,Daylight,Clear,Angle (Front - to - Side) Same Direction,"Yes, M/V and Driver Left Scene",No Controls,1,1,Complains Of Pain,,41.7936,-71.40895
308903,2015-00087447,2015-08-29,12:18:00 PM,Pedestrian,1,,,,1,1215 N. MAIN STREET,7TH ST ,Darren Hull,598,29-Aug-15,"Two-Way, Divided, Positive Median Barrier",Dry,Daylight,Clear,Not a Collision Between Two Motor Vehicles in Transport,No,Traffic Control Signal,5,1,Complains Of Pain,2,41.85336,-71.40101
308978,2015-00087639,2015-08-29,8:39:00 PM,Bicycle,,1,,,1,Cranston St,DODGE ST ,Ptlm. Chin,516,29-Aug-15,"Two-Way , Not Divided",Unknown,Dark - Lighted,Clear,Unknown,"Yes, M/V and Driver Left Scene",Unknown,1,1,Complains Of Pain,,41.81439,-71.42613
309691,2015-00089112,2015-09-02,2:41:00 PM,Pedestrian,1,,,,1,VALLEY ST,EAGLE ST ,Jose Deschamps,419,2-Sep-15,"Two-Way, Divided, Unprotected (painted>4feet) Medium",Dry,Daylight,Clear,Not a Collision Between Two Motor Vehicles in Transport,No,Traffic Control Signal,4,2,Complains Of Pain,,41.82741,-71.4364
309725,2015-00089236,2015-09-02,8:22:00 PM,Pedestrian,2,,,,1,Francis St,Memorial Blvd,Michael Clary,269,3-Sep-15,"Two-Way , Not Divided",Dry,Dark - Lighted,Clear,Not a Collision Between Two Motor Vehicles in Transport,No,Traffic Control Signal,4,2,Complains Of Pain,,41.82616,-71.41545
310057,2015-00089869,2015-09-04,1:40:00 PM,Pedestrian,1,,,,1,462 MANTON AVE,SISSON ST ,Jin O,147,4-Sep-15,"Two-Way , Not Divided",Dry,Daylight,Clear,Not a Collision Between Two Motor Vehicles in Transport,No,No Controls,2,1,Complains Of Pain,2,41.82552,-71.45564
310144,2015-00089961,2015-09-04,5:20:00 PM,Pedestrian,1,,,,1,100 Broad St,FENNER ST ,Ptlm. Chin,516,4-Sep-15,"Two-Way , Not Divided",Dry,Daylight,Clear,Not a Collision Between Two Motor Vehicles in Transport,No,No Controls,4,1,Complains Of Pain,2,41.81826,-71.41598
310158,2015-00090014,2015-09-04,7:01:00 PM,Bicycle,,1,,,1,WESTMINSTER ST,ABORN ST ,KEN MATSUMOTO,348,4-Sep-15,One-Way Trafficway,Dry,Daylight,Clear,Not a Collision Between Two Motor Vehicles in Transport,No,No Controls,3,1,Complains Of Pain,,41.82127,-71.41489
314312,2015-00089842,2015-09-04,12:18:00 PM,Bicycle,,1,,,1,CHARLES ST,ORMS ST ,Anthony Hampton,681,21-Sep-15,"Two-Way, Divided, Positive Median Barrier",Dry,Daylight,Clear,Not a Collision Between Two Motor Vehicles in Transport,No,Traffic Control Signal,2,1,Complains Of Pain,,41.83492,-71.41147
310918,2015-00090774,2015-09-06,12:15:00 PM,Pedestrian,1,,,,1,BORDEN ST, Eddy St,Frank Newton,594,8-Sep-15,One-Way Trafficway,Dry,Daylight,Clear,Other,No,No Controls,2,1,Complains Of Pain,2,41.81342,-71.4084
310769,2015-00091272,2015-09-07,4:23:00 PM,Pedestrian,1,,,,1,100 Francis Street,GASPEE ST ,Anthony Doucette,475,7-Sep-15,"Two-Way , Not Divided",Dry,Daylight,Clear,Head-On (Front - to - Front),"Yes, M/V and Driver Left Scene",No Controls,3,1,Complains Of Pain,,41.82875,-71.41534
310982,2015-00091635,2015-09-08,4:30:00 PM,Pedestrian,1,,,,1,386 Broad Street,BROAD ST ,Edwardo Curi,294,8-Sep-15,"Two-Way, Divided, Positive Median Barrier",Dry,Daylight,Clear,Not a Collision Between Two Motor Vehicles in Transport,No,No Controls,2,1,Complains Of Pain,,41.81339,-71.42161
311076,2015-00091744,2015-09-08,8:46:00 PM,Pedestrian,1,,,,1,ELMWOOD AVE,RUTLAND ST ,Robert Heaton,539,9-Sep-15,"Two-Way, Divided, Unprotected (painted>4feet) Medium",Dry,Dark - Lighted,Clear,Other,No,No Controls,2,1,Complains Of Pain,2,41.799,-71.4264
311291,2015-00092077,2015-09-09,6:09:00 PM,Pedestrian,1,,,,1,342 orms st,ESTEN ST ,Louy Marroquin,218,9-Sep-15,"Two-Way , Not Divided",Dry,Daylight,Clear,Other,No,No Controls,8,1,Complains Of Pain,,41.83353,-71.42355
311396,2015-00091944,2015-09-10,1:29:00 PM,Bicycle,,1,,,1,SILVER SPRING STREET,,Joseph Madeira,552,10-Sep-15,"Two-Way , Not Divided",Dry,Daylight,Clear,Other,No,Stop Signs,2,1,Non-Incapacitating,2,41.83396,-71.41663
311526,2015-00092475,2015-09-10,8:23:00 PM,Bicycle,,1,,,2,252 Thayer St,Olive St,Ptlm. Chin,516,10-Sep-15,One-Way Trafficway,Wet,Daylight,Clear,Not a Collision Between Two Motor Vehicles in Transport,No,Pavement Markings,3,1,Complains Of Pain,1,41.8287,-71.40073
313461,2015-00092328,2015-09-10,12:41:00 PM,Pedestrian,1,,,,1,WESTMINSTER ST,DEXTER ST ,Jesse Ferrell,428,17-Sep-15,"Two-Way , Not Divided",Dry,Dawn,Clear,Other,No,No Controls,3,1,Complains Of Pain,,41.81658,-71.4314
311688,2015-00092679,2015-09-11,1:31:00 PM,Bicycle,,1,,,1,WESTMINSTER ST,BATTEY ST ,Baez Jr,687,11-Sep-15,"Two-Way, Divided, Unprotected (painted>4feet) Medium",Dry,Daylight,Clear,Angle (Front - to - Side) Same Direction,No,Stop Signs,2,1,Complains Of Pain,2,41.81724,-71.42464
311838,2015-00092806,2015-09-11,7:52:00 PM,Pedestrian,1,,,,1,460 ALLENS AVE,,MICHAEL R. TROIA / TRAFFIC BUREAU,331,11-Sep-15,"Two-Way , Not Divided",Dry,Dark - Not Lighted,Clear,Not a Collision Between Two Motor Vehicles in Transport,No,No Controls,7,1,Incapacitating,4,41.80107,-71.40055
311904,2015-00093103,2015-09-12,12:41:00 PM,Pedestrian,1,,,,1,Manton Avenue,ATWELLS AVE ,Joseph Kane,544,12-Sep-15,"Two-Way, Divided, Unprotected (painted>4feet) Medium",Dry,Daylight,Clear,Head-On (Front - to - Front),No,Traffic Control Signal,3,1,Incapacitating,,41.82537,-71.45464
312047,2015-00093387,2015-09-13,12:28:00 AM,Pedestrian,1,,,,1,BRANCH AVE,CHARLES ST ,MICHAEL R. TROIA / TRAFFIC BUREAU,331,13-Sep-15,"Two-Way , Not Divided",Wet,Dark - Lighted,Rain,Not a Collision Between Two Motor Vehicles in Transport,"Yes, M/V and Driver Left Scene",No Controls,1,1,Complains Of Pain,,41.85024,-71.41993
312651,2015-00093774,2015-09-14,10:02:00 AM,Bicycle,,1,,,1,Thayer St,WATERMAN ST ,Ptlm. Chin,516,14-Sep-15,One-Way Trafficway,Dry,Daylight,Clear,Not a Collision Between Two Motor Vehicles in Transport,No,Traffic Control Signal,2,0,No Injury,1,41.82734,-71.40055
312833,2015-00094034,2015-09-15,12:32:00 AM,Bicycle,,1,,,1,TELL ST,KNIGHT ST ,Robert Heaton,539,15-Sep-15,"Two-Way , Not Divided",Dry,Dark - Lighted,Clear,Other,No,Stop Signs,3,1,Complains Of Pain,2,41.82215,-71.43137
312873,2015-00094094,2015-09-15,8:15:00 AM,Bicycle,,1,,,1,BUCKLIN STREET,CARTER STREET,Joseph Madeira,552,15-Sep-15,"Two-Way , Not Divided",Dry,Daylight,Clear,Other,No,Stop Signs,2,1,Complains Of Pain,2,41.83616,-71.41597
313267,2015-00094653,2015-09-16,5:29:00 PM,Pedestrian,2,,,,1,Broadway,COURTLAND ST ,Ptlm. Chin,516,16-Sep-15,"Two-Way , Not Divided",Dry,Daylight,Clear,Not a Collision Between Two Motor Vehicles in Transport,No,Pavement Markings,4,1,Complains Of Pain,2,41.81937,-71.43119
313497,2015-00094973,2015-09-17,3:40:00 PM,Bicycle,,1,,,1,POWER ST,GOVERNOR ST ,Ptlm. Chin,516,17-Sep-15,"Two-Way , Not Divided",Dry,Daylight,Clear,Not a Collision Between Two Motor Vehicles in Transport,No,Stop Signs,3,1,Complains Of Pain,2,41.82353,-71.39414
313849,2015-00095356,2015-09-18,3:30:00 PM,Bicycle,,1,,,3,Charles St,CHRISTOPHER ST ,Ptlm. Chin,516,18-Sep-15,"Two-Way , Not Divided",Dry,Daylight,Clear,Not a Collision Between Two Motor Vehicles in Transport,No,Stop Signs,5,2,Complains Of Pain,2,41.85861,-71.4216
313852,2015-00095410,2015-09-18,5:36:00 PM,Pedestrian,1,,,,1,99 Kennedy Plaza,ARCADE ST ,Ptlm. Chin,516,18-Sep-15,"Two-Way , Not Divided",Dry,Daylight,Clear,Not a Collision Between Two Motor Vehicles in Transport,No,No Controls,3,1,Complains Of Pain,2,41.82449,-71.41189
314132,2015-00095876,2015-09-19,6:17:00 PM,Bicycle,,1,,,1,WESTMINSTER ST,DEXTER ST ,Ptlm. Chin,516,19-Sep-15,"Two-Way , Not Divided",Dry,Daylight,Clear,Not a Collision Between Two Motor Vehicles in Transport,No,No Controls,2,1,Complains Of Pain,2,41.81661,-71.43111
314627,2015-00096911,2015-09-19,5:10:00 PM,Pedestrian,1,,,,1,PLYMOUTH ST,POTTERS AVE ,Thiago Gomes,532,22-Sep-15,"Two-Way , Not Divided",Dry,Daylight,Clear,Angle (Front - to - Side) Opposite Direction,"Yes, M/V and Driver Left Scene",No Controls,1,1,Complains Of Pain,2,41.80271,-71.43123
319683,2015-00096954,2015-09-22,12:05:00 PM,Pedestrian,1,,,,1,CRANSTON ST,DEXTER ST ,Jesse Ferrell,428,11-Oct-15,"Two-Way , Not Divided",Dry,Daylight,Clear,Not a Collision Between Two Motor Vehicles in Transport,"Yes, M/V and Driver Left Scene",No Controls,1,0,No Injury,,41.8126,-71.42959
315548,2015-00097840,2015-09-24,7:04:00 PM,Bicycle,,1,,,1,SPRAGUE ST,DEXTER ST ,Donald Castigliego,287,24-Sep-15,"Two-Way , Not Divided",Dry,Dark - Lighted,Clear,Not a Collision Between Two Motor Vehicles in Transport,No,Stop Signs,2,1,Complains Of Pain,2,41.80974,-71.42832
315598,2015-00097999,2015-09-25,7:59:00 AM,Bicycle,,1,,,1,DEXTER ST,POTTERS AVE ,Jose Deschamps,419,25-Sep-15,"Two-Way, Divided, Unprotected (painted>4feet) Medium",Dry,Daylight,Clear,Other,No,No Controls,2,1,Incapacitating,,41.80249,-71.43059
315705,2015-00098148,2015-09-25,3:42:00 PM,Pedestrian,1,,,,1,S WATER ST,BRIDGE ST ,Ptlm. Chin,516,25-Sep-15,"Two-Way , Not Divided",Dry,Daylight,Clear,Not a Collision Between Two Motor Vehicles in Transport,"Yes, M/V and Driver Left Scene",No Controls,7,1,Complains Of Pain,2,41.81863,-71.40169
315774,2015-00098240,2015-09-25,7:10:00 PM,Pedestrian,1,,,,1,CORINTH ST,SAVINGS ST ,Richard Mendez,288,25-Sep-15,"Two-Way , Not Divided",Dry,Dark - Lighted,Clear,Not a Collision Between Two Motor Vehicles in Transport,No,No Controls,2,1,Complains Of Pain,,41.79398,-71.41219
316285,2015-00098727,2015-09-26,10:33:00 PM,Pedestrian,1,,,,1,Broad St,Parkview Ave,Michael Clary,269,27-Sep-15,"Two-Way , Not Divided",Dry,Dark - Lighted,Clear,Not a Collision Between Two Motor Vehicles in Transport,No,No Controls,2,1,Complains Of Pain,,41.79193,-71.40688
316770,2015-00099613,2015-09-29,12:33:00 PM,Pedestrian,1,,,,1,69 EMPIRE STREET,WESTMINISTER STREET,Joseph Madeira,552,29-Sep-15,"Two-Way , Not Divided",Dry,Daylight,Clear,Other,No,No Controls,2,1,Complains Of Pain,2,41.83349,-71.41682
316908,2015-00099736,2015-09-29,5:53:00 PM,Bicycle,,1,,,1,CHARLES ST,ORMS ST ,Brian Murphy,231,29-Sep-15,"Two-Way , Not Divided",Dry,Daylight,Clear,Not a Collision Between Two Motor Vehicles in Transport,No,No Controls,2,0,No Injury,,41.83499,-71.41149
317024,2015-00099910,2015-09-30,7:57:00 AM,Pedestrian,1,,,,1,KEENE ST,HOPE ST ,Derrek Edmonds,550,30-Sep-15,"Two-Way , Not Divided",Wet,Daylight,Rain,Angle (Front - to - Side) Right Angle (Includes Broadside),No,No Controls,2,1,Complains Of Pain,,41.83225,-71.40036
317656,2015-00100586,2015-10-02,7:59:00 AM,Bicycle,,1,,,1,CHALKSTONE AVE,ACADEMY AVE ,Jose Deschamps,419,2-Oct-15,"Two-Way, Divided, Unprotected (painted>4feet) Medium",Wet,Daylight,"Sleet, Hail (Freezing Rain or Drizzle)",Head-On (Front - to - Front),No,Traffic Control Signal,5,1,Non-Incapacitating,,41.83245,-71.44453
318291,2015-00101336,2015-10-04,2:00:00 AM,Pedestrian,1,,,,1,Atwells ave,EUTAW ST ,Mitchell Guerra,217,4-Oct-15,"Two-Way , Not Divided",Dry,Dark - Lighted,Clear,Not a Collision Between Two Motor Vehicles in Transport,"Yes, M/V and Driver Left Scene",No Controls,5,1,Non-Incapacitating,,41.82354,-71.42619
318450,2015-00101658,2015-10-05,12:43:00 AM,Pedestrian,1,,,,1,58 Prudence Ave,SILVER LAKE AVE ,Ptlm Silva,252,5-Oct-15,"Two-Way , Not Divided",Dry,Dark - Lighted,Clear,Not a Collision Between Two Motor Vehicles in Transport,No,No Controls,3,1,Complains Of Pain,,41.80712,-71.46165
319378,2015-00103333,2015-10-09,6:53:00 PM,Pedestrian,1,,,,1,HARTFORD AVE,HARTFORD AVE ,Brittany Boudreau,236,9-Oct-15,"Two-Way, Divided, Unprotected (painted>4feet) Medium",Wet,Dark - Lighted,Rain,Not a Collision Between Two Motor Vehicles in Transport,No,No Controls,3,1,Complains Of Pain,,41.81742,-71.4515
319423,2015-00103369,2015-10-09,9:08:00 PM,Pedestrian,1,,,,1,WARRINGTON ST,BROAD STREET,Donald Castigliego,287,9-Oct-15,"Two-Way , Not Divided",Wet,Dark - Lighted,Cloudy,Not a Collision Between Two Motor Vehicles in Transport,No,No Controls,3,1,Complains Of Pain,,41.79667,-71.41277
368053,2015-00103755,2015-10-10,9:20:00 PM,Pedestrian,1,,,,1,ADELAIDE AVE,BROAD ST ,Jared Stanzione,193,11-Oct-15,Unknown,Dry,Dark - Lighted,Clear,Not a Collision Between Two Motor Vehicles in Transport,"Yes, M/V and Driver Left Scene",No Controls,1,1,Complains Of Pain,,41.79885,-71.41547
320485,2015-00104699,2015-10-13,4:07:00 PM,Bicycle,,1,,,1,STATE ST,EXIT 23 ,Ptlm. Chin,516,13-Oct-15,"Two-Way , Not Divided",Dry,Daylight,Clear,Not a Collision Between Two Motor Vehicles in Transport,No,Traffic Control Signal,3,1,Complains Of Pain,3,41.83478,-71.41433
368056,2015-00105441,2015-10-15,4:37:00 PM,Pedestrian,1,,,,1,Bridgham St,,Michael Clary,269,18-Oct-15,"Two-Way , Not Divided",Dry,Daylight,Clear,Not a Collision Between Two Motor Vehicles in Transport,"Yes, M/V and Driver Left Scene",No Controls,1,1,Complains Of Pain,,41.81275,-71.42455
321222,2015-00105704,2015-10-16,11:14:00 AM,Bicycle,,1,,,1,GEORGE ST,THAYER ST ,John Almeida,386,16-Oct-15,"Two-Way , Not Divided",Dry,Daylight,Clear,Not a Collision Between Two Motor Vehicles in Transport,No,No Controls,3,0,No Injury,,41.82546,-71.40136