CrashReportId,ReportNumber,CrashDate,CrashTime,Collision Type,CountPedestrian,CountBicycle,Scooter,Wheel Chair,NumberofVehicles,StreetOrHighway,NearestIntersection,Officer,Badge,ReportDate,TypeOfRoadway,RoadSurfaceCondition,LightCondition,WeatherCondition,MannerofImpact,HitAndRun,TrafficControl,PersonCount,InjuryCount,MostSeriousInjury,NumberOfLanes,Latitude,Longitude
321461,2015-00106095,2015-10-17,12:04:00 PM,Bicycle,,1,,,1,CAMP ST,DOYLE AVE ,Anthony Hampton,681,17-Oct-15,"Two-Way , Not Divided",Dry,Daylight,Clear,Not a Collision Between Two Motor Vehicles in Transport,No,Stop Signs,2,0,No Injury,,41.8388,-71.40419
321536,2015-00106202,2015-10-17,5:21:00 PM,Bicycle,,1,,,1,Washington St,WINTER ST ,Ptlm. Chin,516,17-Oct-15,"Two-Way , Not Divided",Dry,Daylight,Clear,Not a Collision Between Two Motor Vehicles in Transport,No,Stop Signs,4,1,Complains Of Pain,2,41.81809,-71.4225
322977,2015-00106695,2015-10-19,9:33:00 AM,Pedestrian,1,,,,1,DEAN ST,KINSLEY AVE ,Raymond King,633,19-Oct-15,"Two-Way, Divided, Positive Median Barrier",Dry,Daylight,Clear,Not a Collision Between Two Motor Vehicles in Transport,No,No Controls,3,1,Complains Of Pain,4,41.82884,-71.42646
324195,2015-00106882,2015-10-19,6:55:00 PM,Pedestrian,2,,,,1,WESTMINSTER ST,MATHEWSON ST ,Graig Sion,254,19-Oct-15,One-Way Trafficway,Dry,Dark - Lighted,Clear,Other,No,No Controls,3,1,Complains Of Pain,,41.82217,-71.41364
322653,2015-00107039,2015-10-20,9:15:00 AM,Pedestrian,1,,,,1,SILVER SPRING ST,BRANCH AVE ,Juan Robles,643,20-Oct-15,"Two-Way , Not Divided",Dry,Daylight,Clear,Not a Collision Between Two Motor Vehicles in Transport,No,Traffic Control Signal,2,0,No Injury,,41.84782,-71.41474
322836,2015-00107240,2015-10-20,7:07:00 PM,Pedestrian,1,,,,1,CAROLINA AVE,ALLENS AVE ,Robert Heaton,539,20-Oct-15,"Two-Way , Not Divided",Dry,Other,Clear,Other,No,No Controls,2,1,Non-Incapacitating,2,41.79169,-71.39623
323390,2015-00107555,2015-10-21,7:57:00 PM,Bicycle,,1,,,1,LIBRARY COURT,WESTMINSTER ST,Robert Heaton,539,21-Oct-15,"Two-Way , Not Divided",Dry,Dark - Lighted,Clear,Angle - Direction Not Specified,No,Traffic Control Signal,3,1,Complains Of Pain,2,41.81668,-71.44355
323454,2015-00107597,2015-10-21,10:13:00 PM,Pedestrian,1,,,,1,MEMORIAL BLVD,WASHINGTON ST ,Robert Heaton,539,22-Oct-15,"Two-Way, Divided, Positive Median Barrier",Dry,Dark - Lighted,Cloudy,Other,No,Traffic Control Signal,6,1,Non-Incapacitating,4,41.82627,-71.41006
325752,2015-00109405,2015-10-26,7:10:00 PM,Pedestrian,1,,,,1,38 LANCASHIRE ST,GLASGOW ST ,Erik Breault,226,26-Oct-15,"Two-Way , Not Divided",Dry,Dark - Lighted,Clear,Unknown,"Yes, M/V and Driver Left Scene",No Controls,1,1,Complains Of Pain,,41.84971,-71.43102
326227,2015-00109821,2015-10-28,12:51:00 AM,Pedestrian,1,,,,1,STATE HWY 146,I 95 ,Brian Muldoon,182,28-Oct-15,"Two-Way, Divided, Positive Median Barrier",Dry,Dark - Lighted,Clear,Not a Collision Between Two Motor Vehicles in Transport,"Yes, M/V and Driver Left Scene",No Controls,4,1,Complains Of Pain,2,41.83688,-71.41572
326320,2015-00109909,2015-10-28,11:38:00 AM,Pedestrian,1,,,,1,Chalkstone Ave,ACADEMY Ave,"Ptlm., Chin",516,28-Oct-15,"Two-Way , Not Divided",Dry,Daylight,Clear,Not a Collision Between Two Motor Vehicles in Transport,"Yes, M/V and Driver Left Scene",Traffic Control Signal,1,1,Complains Of Pain,2,41.83245,-71.44453
326550,2015-00110081,2015-10-28,9:03:00 PM,Pedestrian,1,,,,1,ADMIRAL ST,DOUGLAS AVE ,KEN MATSUMOTO,348,28-Oct-15,"Two-Way , Not Divided",Wet,Dark - Lighted,Rain,Not a Collision Between Two Motor Vehicles in Transport,No,Traffic Control Signal,3,1,Complains Of Pain,,41.84605,-71.429
326998,2015-00110399,2015-10-29,6:09:00 PM,Pedestrian,1,,,,1,N MAIN ST,N MAIN ST ,David Preston,251,29-Oct-15,"Two-Way , Not Divided",Dry,Dark - Lighted,Clear,Not a Collision Between Two Motor Vehicles in Transport,"Yes, M/V and Driver Left Scene",No Controls,1,1,Non-Incapacitating,,41.83924,-71.40903
327090,2015-00110606,2015-10-30,8:39:00 AM,Pedestrian,2,,,,1,CRANSTON ST,BRIDGHAM ST ,Jose Deschamps,419,30-Oct-15,"Two-Way, Divided, Unprotected (painted>4feet) Medium",Dry,Daylight,Clear,Not a Collision Between Two Motor Vehicles in Transport,No,Traffic Control Signal,5,2,Complains Of Pain,,41.81396,-71.42694
327156,2015-00110707,2015-10-30,1:34:00 PM,Bicycle,,1,,,1,Broadway,KNIGHT ST ,Ptlm. Chin,516,30-Oct-15,"Two-Way , Not Divided",Dry,Daylight,Clear,Not a Collision Between Two Motor Vehicles in Transport,"Yes, M/V and Driver Left Scene",Traffic Control Signal,2,1,Complains Of Pain,2,41.8198,-71.42936
327416,2015-00110721,2015-10-31,2:08:00 PM,Pedestrian,1,,,,1,10 LEAH ST,ATWELLS AVE ,Jin O,147,31-Oct-15,"Two-Way , Not Divided",Dry,Daylight,Clear,Not a Collision Between Two Motor Vehicles in Transport,No,No Controls,3,1,Complains Of Pain,2,41.82559,-71.45148
327547,2015-00111310,2015-10-31,10:01:00 PM,Bicycle,,1,,,1,GORDON AVE,OXFORD ST ,Donald Castigliego,287,31-Oct-15,"Two-Way , Not Divided",Dry,Dark - Lighted,Clear,Not a Collision Between Two Motor Vehicles in Transport,"Yes, M/V and Driver Left Scene",No Controls,1,1,Non-Incapacitating,2,41.80116,-71.41466
328278,2015-00112133,2015-11-02,9:32:00 PM,Pedestrian,1,,,,1,295 ACADEMY AVE,CHALKSTONE AVE ,Robert Heaton,539,2-Nov-15,"Two-Way , Not Divided",Dry,Dark - Lighted,Clear,Other,No,No Controls,3,0,No Injury,,41.83277,-71.44449
328418,2015-00112235,2015-11-03,8:19:00 AM,Pedestrian,1,,,,1,1481 BROAD ST,FRICKER ST ,Roland Reed,505,3-Nov-15,One-Way Trafficway,Dry,Daylight,Clear,Head-On (Front - to - Front),No,No Controls,2,1,Complains Of Pain,,41.81528,-71.42066
328542,2015-00112464,2015-11-03,6:15:00 PM,Bicycle,,1,,,1,RESERVOIR AVE,ELMWOOD AVE ,Nicholas Froncillo,163,3-Nov-15,Unknown,Dry,Dark - Lighted,Clear,Angle (Front - to - Side) Right Angle (Includes Broadside),No,Traffic Control Signal,3,0,No Injury,,41.79765,-71.42608
329258,2015-00113032,2015-11-04,8:00:00 PM,Pedestrian,1,,,,1,200 UNION AVENUE,CUMERFORD ST ,Louis Salinaro,592,5-Nov-15,"Two-Way , Not Divided",Dry,Dark - Lighted,Clear,Angle (Front - to - Side) Same Direction,No,No Controls,2,1,Complains Of Pain,,41.8079,-71.44345
329218,2015-00113006,2015-11-05,8:15:00 AM,Pedestrian,1,,,,1,EXCHANGE TER,FRANCIS ST ,Jose Deschamps,419,5-Nov-15,One-Way Trafficway,Dry,Daylight,Clear,Not a Collision Between Two Motor Vehicles in Transport,No,No Controls,2,1,Complains Of Pain,,41.82502,-71.41483
329255,2015-00112996,2015-11-05,7:08:00 AM,Pedestrian,1,,,,1,COMMON STREET,SMITH ST ,Raymond King,633,5-Nov-15,One-Way Trafficway,Dry,Daylight,Clear,Not a Collision Between Two Motor Vehicles in Transport,No,Stop Signs,2,1,Complains Of Pain,1,41.83266,-71.4192
329485,2015-00113223,2015-11-05,6:42:00 PM,Pedestrian,1,,,,1,POTTERS AVE,BROAD ST ,Donald Castigliego,287,5-Nov-15,"Two-Way , Not Divided",Dry,Dark - Lighted,Cloudy,Not a Collision Between Two Motor Vehicles in Transport,No,No Controls,2,1,Complains Of Pain,,41.80302,-71.4187
329620,2015-00113400,2015-11-06,9:48:00 AM,Pedestrian,1,,,,1,FRANCIS ST,MEMORIAL BLVD ,Jose Deschamps,419,6-Nov-15,"Two-Way, Divided, Unprotected (painted>4feet) Medium",Wet,Daylight,Clear,Not a Collision Between Two Motor Vehicles in Transport,No,No Controls,1,1,Complains Of Pain,,41.82609,-71.41543
329633,2015-00113477,2015-11-06,2:49:00 PM,Pedestrian,1,,,,1,BRANCH AVE,W RIVER ST ,KEN MATSUMOTO,348,6-Nov-15,Unknown,Dry,Daylight,Clear,Not a Collision Between Two Motor Vehicles in Transport,No,No Controls,3,1,Complains Of Pain,,41.84704,-71.41299
329688,2015-00113567,2015-11-06,6:01:00 PM,Pedestrian,1,,,,1,CANTON ST,CHALKSTONE AVE ,KEN MATSUMOTO,348,6-Nov-15,"Two-Way , Not Divided",Dry,Dark - Lighted,Clear,Not a Collision Between Two Motor Vehicles in Transport,No,No Controls,2,1,Incapacitating,,41.83213,-71.44247
330284,2015-00114680,2015-11-09,5:53:00 PM,Bicycle,,1,,,1,BROAD ST,CENTRAL ST ,Thomas Richards,162,9-Nov-15,"Two-Way , Not Divided",Dry,Dusk,Clear,Not a Collision Between Two Motor Vehicles in Transport,No,No Controls,3,0,No Injury,,41.81319,-71.42192
330374,2015-00114921,2015-11-10,3:18:00 PM,Pedestrian,1,,,,1,GEORGE ST,BROOK ST ,Donald Castigliego,287,10-Nov-15,"Two-Way , Not Divided",Wet,Daylight,Rain,Not a Collision Between Two Motor Vehicles in Transport,"Yes, M/V and Driver Left Scene",Stop Signs,1,0,No Injury,2,41.82561,-71.39906
330544,2015-00115259,2015-11-11,3:40:00 PM,Bicycle,,1,,,1,DOUGLAS AVE,LANCASHIRE ST ,KEN MATSUMOTO,348,11-Nov-15,"Two-Way, Divided, Unprotected (painted>4feet) Medium",Wet,Daylight,Rain,Not a Collision Between Two Motor Vehicles in Transport,No,No Controls,2,0,No Injury,,41.8488,-71.43218
330650,2015-00115443,2015-11-12,9:45:00 AM,Bicycle,,1,,,1,WATERMAN ST,HOPE ST ,Jose Deschamps,419,12-Nov-15,"Two-Way, Divided, Unprotected (painted>4feet) Medium",Dry,Daylight,Clear,Rear End(Front-to-Rear),No,No Controls,3,1,Complains Of Pain,,41.82758,-71.39723
330759,2015-00115547,2015-11-12,4:17:00 PM,Pedestrian,4,,,,1,ANGELL ST,ARLINGTON AVE ,Fausto Garcia,109,12-Nov-15,One-Way Trafficway,Wet,Dusk,Rain,Not a Collision Between Two Motor Vehicles in Transport,"Yes, M/V and Driver Left Scene",Stop Signs,7,4,Non-Incapacitating,,41.82937,-71.39217
330967,2015-00115929,2015-11-13,5:35:00 PM,Pedestrian,1,,,,1,BROAD ST,EARLY ST ,Richard Mendez,288,13-Nov-15,"Two-Way , Not Divided",Dry,Dark - Lighted,Cloudy,Not a Collision Between Two Motor Vehicles in Transport,No,No Controls,4,1,Complains Of Pain,,41.79533,-71.41111
332449,2015-00115845,2015-11-13,1:33:00 PM,Bicycle,,1,,,1,Hartford Ave,Plainfield St,Francisco Furtado,635,18-Nov-15,Unknown,Dry,Daylight,Clear,Other,No,No Controls,2,1,Complains Of Pain,,41.8168,-71.44494
375280,2015-00115754,2015-11-13,8:16:00 AM,Pedestrian,1,,,,1,BRANCH AVE,CHARLES ST ,Juan Robles,643,4-Apr-16,"Two-Way, Divided, Unprotected (painted>4feet) Medium",Dry,Daylight,Clear,Other,"Yes, M/V and Driver Left Scene",Traffic Control Signal,1,1,Complains Of Pain,,41.85029,-71.42004
331337,2015-00116620,2015-11-15,4:34:00 PM,Pedestrian,1,,,,1,593 EDDY ST,,Donald Castigliego,287,15-Nov-15,"Two-Way , Not Divided",Dry,Dark - Lighted,Clear,Not a Collision Between Two Motor Vehicles in Transport,No,No Controls,4,1,Complains Of Pain,,41.81124,-71.40713
331477,2015-00116790,2015-11-16,9:38:00 AM,Bicycle,,1,,,1,ROCHAMBEAU AVE,HOPE ST ,John Almeida,386,16-Nov-15,"Two-Way , Not Divided",Dry,Daylight,Clear,Not a Collision Between Two Motor Vehicles in Transport,No,Traffic Control Signal,4,1,Complains Of Pain,,41.84691,-71.39603
332082,2015-00117034,2015-11-16,8:29:00 PM,Pedestrian,1,,,,1,WESTMINSTER ST,BRIDGHAM ST ,MICHAEL R. TROIA / TRAFFIC BUREAU,331,16-Nov-15,"Two-Way , Not Divided",Dry,Dark - Lighted,Clear,Not a Collision Between Two Motor Vehicles in Transport,No,Traffic Control Signal,6,1,Complains Of Pain,2,41.8169,-71.42854
332085,2015-00116978,2015-11-16,6:14:00 PM,Pedestrian,1,,,,1,ALLENS AVE,CHAPMAN ST ,Alexa Levesque,248,16-Nov-15,"Two-Way , Not Divided",Dry,Dark - Lighted,Clear,Other,No,No Controls,2,1,Complains Of Pain,,41.7934,-71.39745
332315,2015-00117262,2015-11-17,3:00:00 PM,Pedestrian,1,,,,1,ADMIRAL ST,ADMIRAL ST ,KEN MATSUMOTO,348,17-Nov-15,One-Way Trafficway,Dry,Daylight,Clear,Not a Collision Between Two Motor Vehicles in Transport,No,No Controls,3,0,No Injury,,41.84083,-71.41768
332626,2015-00117862,2015-11-19,1:43:00 PM,Bicycle,,1,,,1,SMITH ST ,PINEHURST AVE ,Jose Deschamps,419,19-Nov-15,"Two-Way, Divided, Unprotected (painted>4feet) Medium",Dry,Daylight,Clear,Not a Collision Between Two Motor Vehicles in Transport,"Yes, M/V and Driver Left Scene",No Controls,1,1,Complains Of Pain,,41.83711,-71.43247
332632,2015-00117883,2015-11-19,2:40:00 PM,Bicycle,,1,,,1,VALLEY ST,DELAINE ST ,Jose Deschamps,419,19-Nov-15,"Two-Way, Divided, Unprotected (painted>4feet) Medium",Wet,Daylight,"Sleet, Hail (Freezing Rain or Drizzle)",Not a Collision Between Two Motor Vehicles in Transport,No,No Controls,3,1,Complains Of Pain,,41.81951,-71.4405
333017,2015-00118377,2015-11-20,6:28:00 PM,Pedestrian,2,,,,1,649 ADMIRAL ST,GLOUCESTER ST ,Erik Breault,226,20-Nov-15,"Two-Way, Divided, Unprotected (painted>4feet) Medium",Dry,Dark - Lighted,Clear,Not a Collision Between Two Motor Vehicles in Transport,No,No Controls,4,2,Incapacitating,,41.8489,-71.43822
333400,2015-00118657,2015-11-21,2:36:00 PM,Pedestrian,2,,,,1,SERVICE ROAD 7,BROADWAY ,Jesse Ferrell,428,22-Nov-15,One-Way Trafficway,Dry,Daylight,Clear,Other,No,Traffic Control Signal,7,2,Complains Of Pain,,41.82178,-71.4208
333434,2015-00119060,2015-11-22,7:02:00 PM,Pedestrian,1,,,,1,71 Putnam St,KOSSUTH ST ,Juan Rodrigues,194,22-Nov-15,"Two-Way, Divided, Unprotected (painted>4feet) Medium",Wet,Dark - Lighted,Clear,Not a Collision Between Two Motor Vehicles in Transport,"Yes, M/V and Driver Left Scene",No Controls,2,1,Non-Incapacitating,,41.82266,-71.44404
333533,2015-00119195,2015-11-23,10:13:00 AM,Pedestrian,1,,,,1,14 Pleasant Valley Pkwy,Kinsley St,Ryan Moroney,324,23-Nov-15,Unknown,Dry,Daylight,Clear,Not a Collision Between Two Motor Vehicles in Transport,No,No Controls,3,1,Complains Of Pain,,41.82977,-71.4271
333629,2015-00119273,2015-11-23,2:55:00 PM,Bicycle,,1,,,1,MESSER ST,CRANSTON ST ,KEN MATSUMOTO,348,23-Nov-15,"Two-Way, Divided, Unprotected (painted>4feet) Medium",Dry,Daylight,Clear,Not a Collision Between Two Motor Vehicles in Transport,"Yes, M/V and Driver Left Scene",Stop Signs,1,0,No Injury,,41.80963,-71.43345
333710,2015-00119267,2015-11-23,2:17:00 PM,Pedestrian,1,,,,1,117 BYFIELD ST,OCEAN ST ,Jose Deschamps,419,23-Nov-15,"Two-Way , Not Divided",Dry,Daylight,Clear,Not a Collision Between Two Motor Vehicles in Transport,"Yes, M/V and Driver Left Scene",No Controls,1,1,Complains Of Pain,,41.79565,-71.4075
334042,2015-00119323,2015-11-23,4:52:00 PM,Pedestrian,1,,,,1,1196 ELMWOOD AVE,SAWYER ST ,Adrian Francis,239,24-Nov-15,"Two-Way , Not Divided",Dry,Dusk,Clear,Not a Collision Between Two Motor Vehicles in Transport,No,No Controls,3,1,Complains Of Pain,,41.77906,-71.4205
333996,2015-00119518,2015-11-24,11:33:00 AM,Pedestrian,1,,,,1,BROAD ST,HASKINS ST ,Jose Deschamps,419,24-Nov-15,"Two-Way , Not Divided",Dry,Daylight,Clear,Not a Collision Between Two Motor Vehicles in Transport,No,Stop Signs,2,1,Complains Of Pain,,41.81617,-71.41963
333998,2015-00119529,2015-11-24,12:06:00 PM,Pedestrian,1,,,,1,MATHEWSON ST,WASHINGTON ST ,Jose Deschamps,419,24-Nov-15,One-Way Trafficway,Dry,Daylight,Clear,Not a Collision Between Two Motor Vehicles in Transport,No,No Controls,3,1,Complains Of Pain,,41.82317,-71.41495
334335,2015-00119890,2015-11-25,1:48:00 PM,Pedestrian,1,,,,1,SILVER SPRING ST,TOURO ST ,Jose Deschamps,419,25-Nov-15,"Two-Way , Not Divided",Dry,Daylight,Clear,Not a Collision Between Two Motor Vehicles in Transport,No,No Controls,3,1,Complains Of Pain,,41.84509,-71.41832
334471,2015-00119938,2015-11-25,3:55:00 PM,Pedestrian,1,,,,1,262 CHARLES ST,CHARLES ST EXIT 23 ,Michael Clary,269,26-Nov-15,One-Way Trafficway,Dry,Daylight,Clear,Not a Collision Between Two Motor Vehicles in Transport,No,Stop Signs,3,1,Complains Of Pain,,41.83785,-71.41427
334622,2015-00120588,2015-11-27,8:42:00 PM,Pedestrian,1,,,,1,BRANCH AVE,SILVER SPRING ST ,MICHAEL R. TROIA / TRAFFIC BUREAU,331,27-Nov-15,"Two-Way, Not Divided With a Continuous Left Turn Lane",Dry,Dark - Lighted,Clear,Not a Collision Between Two Motor Vehicles in Transport,No,Traffic Control Signal,5,1,Complains Of Pain,3,41.84783,-71.41469
334836,2015-00120919,2015-11-27,10:07:00 PM,Pedestrian,1,,,,1,FOUNTAIN ST,EMPIRE ST ,Stephen Sage,353,29-Nov-15,"Two-Way, Divided, Unprotected (painted>4feet) Medium",Dry,Dark - Lighted,Clear,Other,No,Traffic Control Signal,4,1,Non-Incapacitating,,41.82234,-71.41712
334960,2015-00121178,2015-11-29,5:05:00 PM,Pedestrian,2,,,,1,BROADWAY,MARSHALL ST ,Joseph Amoroso,613,29-Nov-15,"Two-Way , Not Divided",Dry,Dark - Lighted,Clear,Not a Collision Between Two Motor Vehicles in Transport,"Yes, M/V and Driver Left Scene",No Controls,6,2,Fatal,,41.81912,-71.43223
334971,2015-00121220,2015-11-29,8:03:00 PM,Pedestrian,1,,,,1,RIVER AVE,ADMIRAL ST ,Jimmy Gutierrez,246,29-Nov-15,"Two-Way, Divided, Unprotected (painted>4feet) Medium",Dry,Dark - Lighted,Clear,Not a Collision Between Two Motor Vehicles in Transport,No,Pavement Markings,2,1,Complains Of Pain,,41.8492,-71.43894
335175,2015-00121359,2015-11-30,12:04:00 PM,Pedestrian,1,,,,1,SMITHFIELD AVE,COLLYER ST ,Jose Deschamps,419,30-Nov-15,"Two-Way , Not Divided",Dry,Daylight,Clear,Not a Collision Between Two Motor Vehicles in Transport,No,No Controls,2,1,Complains Of Pain,,41.85428,-71.40363
335641,2015-00121850,2015-12-01,7:41:00 PM,Pedestrian,1,,,,1,ELMGROVE AVE,HUMBOLDT AVE ,Robert Heaton,539,2-Dec-15,"Two-Way , Not Divided",Wet,Dark - Lighted,Rain,Other,"Yes, M/V and Driver Left Scene",No Controls,3,1,Complains Of Pain,2,41.83144,-71.38987
336074,2015-00122267,2015-12-03,6:22:00 AM,Bicycle,,1,,,1,BRANCH AVE,MOY ST ,Jason Bibeault,344,3-Dec-15,"Two-Way , Not Divided",Wet,Dawn,Clear,Not a Collision Between Two Motor Vehicles in Transport,"Yes, M/V and Driver Left Scene",No Controls,2,1,Non-Incapacitating,2,41.85488,-71.43627
336139,2015-00122314,2015-12-03,10:12:00 AM,Pedestrian,1,,,,1,RHODE ISLAND COLL,RHODE ISLAND COLL ,Merrick Cook,280,3-Dec-15,"Two-Way , Not Divided",Dry,Daylight,Clear,Other,No,No Controls,3,1,Non-Incapacitating,,41.84085,-71.46635
336415,2015-00122660,2015-12-04,10:08:00 AM,Pedestrian,1,,,,1,EATON STREET,HUXLEY AVENUE,Joseph Madeira,552,4-Dec-15,"Two-Way , Not Divided",Dry,Daylight,Clear,Other,No,Traffic Control Signal,3,1,Complains Of Pain,2,41.83141,-71.41769
336607,2015-00122883,2015-12-04,8:34:00 PM,Pedestrian,1,,,,1,KENNEDY PLZ,,Donald Castigliego,287,4-Dec-15,One-Way Trafficway,Dry,Dark - Lighted,Clear,Not a Collision Between Two Motor Vehicles in Transport,No,No Controls,5,1,Non-Incapacitating,,41.82436,-71.41206
336719,2015-00123033,2015-12-05,8:14:00 AM,Pedestrian,1,,,,1,ELMWOOD AVE,LENOX AVE ,Albert Deschamps,527,5-Dec-15,"Two-Way, Divided, Positive Median Barrier",Dry,Daylight,Clear,Other,No,No Controls,3,1,Non-Incapacitating,,41.79524,-71.42464
337774,2015-00124123,2015-12-09,1:30:00 PM,Bicycle,,1,,,1,SILVER SPRING ST,LEDGE ST ,Juan Robles,643,9-Dec-15,"Two-Way , Not Divided",Dry,Daylight,Clear,Other,No,No Controls,3,0,No Injury,,41.85319,-71.41263
337902,2015-00124490,2015-12-09,5:08:00 PM,Pedestrian,1,,,,1,MOUNT PLEASANT AVE,CATHEDRAL AVE ,Donald Castigliego,287,9-Dec-15,"Two-Way , Not Divided",Dry,Dark - Lighted,Cloudy,Not a Collision Between Two Motor Vehicles in Transport,No,School Zone Signs,5,1,Incapacitating,2,41.83978,-71.45202
338546,2015-00125053,2015-12-11,2:12:00 PM,Bicycle,,1,,,1,WAVERLY ST,DEXTER ST ,Luis Fernandez,531,11-Dec-15,"Two-Way , Not Divided",Dry,Daylight,Clear,Not a Collision Between Two Motor Vehicles in Transport,No,Stop Signs,3,1,Complains Of Pain,,41.80681,-71.42896
338595,2015-00125115,2015-12-11,5:05:00 PM,Bicycle,,,,,2,IRVING AVE,BLACKSTONE BLVD ,Donald Castigliego,287,11-Dec-15,"Two-Way, Divided, Positive Median Barrier",Dry,Dark - Lighted,Clear,"Sideswipe, Same Direction",No,No Controls,7,0,No Injury,,41.83413,-71.38419
338663,2015-00125224,2015-12-11,11:05:00 PM,Pedestrian,1,,,,1,SMITH ST,Richter Street,Daniel Hernandez,255,12-Dec-15,"Two-Way , Not Divided",Dry,Dark - Lighted,Clear,Head-On (Front - to - Front),"Yes, M/V and Driver Left Scene",No Controls,1,1,Complains Of Pain,,41.83608,-71.42961
338957,2015-00125479,2015-12-12,7:14:00 PM,Pedestrian,1,,,,1,WEYBOSSET ST,MATHEWSON ST ,KEN MATSUMOTO,348,12-Dec-15,One-Way Trafficway,Dry,Dark - Lighted,Clear,Not a Collision Between Two Motor Vehicles in Transport,No,No Controls,3,1,Complains Of Pain,,41.82133,-71.4127
339269,2015-00126077,2015-12-14,2:57:00 PM,Pedestrian,1,,,,1,Carpenter St,KNIGHT ST ,Robert Foley,242,14-Dec-15,"Two-Way , Not Divided",Dry,Daylight,Clear,Not a Collision Between Two Motor Vehicles in Transport,No,Stop Signs,2,1,Complains Of Pain,,41.81825,-71.42749
339450,2015-00126296,2015-12-15,8:26:00 AM,Bicycle,,1,,,1,MANTON AVE,RIDGEWAY AVE ,Jin O,147,15-Dec-15,"Two-Way , Not Divided",Dry,Daylight,Clear,Not a Collision Between Two Motor Vehicles in Transport,No,No Controls,4,1,Non-Incapacitating,2,41.82742,-71.46112
339896,2015-00126656,2015-12-16,10:55:00 AM,Pedestrian,1,,,,1,FRIENDSHIP,PLAIN ST ,Fausto Garcia,109,16-Dec-15,One-Way Trafficway,Dry,Daylight,Clear,Not a Collision Between Two Motor Vehicles in Transport,No,Traffic Control Signal,3,1,Complains Of Pain,2,41.81586,-71.41531
340273,2015-00127162,2015-12-17,8:28:00 PM,Pedestrian,1,,,,1,ELMWOOD AVE,CARTER ST ,KEN MATSUMOTO,348,17-Dec-15,"Two-Way, Divided, Unprotected (painted>4feet) Medium",Wet,Dark - Lighted,Rain,Not a Collision Between Two Motor Vehicles in Transport,"Yes, M/V and Driver Left Scene",No Controls,3,1,Complains Of Pain,,41.79946,-71.42651
340687,2015-00127469,2015-12-18,6:00:00 PM,Bicycle,,1,,,1,PRATT ST,JENCKES ST ,Fausto Garcia,109,18-Dec-15,"Two-Way , Not Divided",Wet,Dawn,Cloudy,Not a Collision Between Two Motor Vehicles in Transport,No,Stop Signs,3,0,No Injury,,41.83268,-71.40828
340770,2015-00127740,2015-12-19,2:53:00 PM,Pedestrian,1,,,,1,Atwells Ave,DE PASQUALE AVE ,Robert Foley,242,19-Dec-15,"Two-Way , Not Divided",Dry,Daylight,Clear,Not a Collision Between Two Motor Vehicles in Transport,No,Traffic Control Signal,2,1,Complains Of Pain,,41.82359,-71.42694
340941,2015-00127931,2015-12-20,2:25:00 AM,Pedestrian,1,,,,1,EDDY ST,ELM ST ,KEN MATSUMOTO,348,20-Dec-15,"Two-Way, Divided, Unprotected (painted>4feet) Medium",Dry,Dark - Lighted,Clear,Not a Collision Between Two Motor Vehicles in Transport,No,No Controls,4,0,No Injury,,41.81844,-71.40761
341489,2015-00128628,2015-12-22,1:30:00 PM,Pedestrian,1,,,,1,ORMS ST,DOUGLAS AVE ,Patrolman D. Hull Car-183,598,22-Dec-15,"Two-Way, Divided, Unprotected (painted>4feet) Medium",Wet,Daylight,Rain,Angle (Front - to - Side) Right Angle (Includes Broadside),No,No Controls,4,1,Complains Of Pain,,41.83469,-71.41611
341673,2015-00128951,2015-12-23,1:00:00 PM,Pedestrian,1,,,,1,40 Point Street,EDDY ST ,Michele Rudolph,512,23-Dec-15,"Two-Way, Divided, Positive Median Barrier",Dry,Daylight,Cloudy,Not a Collision Between Two Motor Vehicles in Transport,No,No Controls,3,1,Complains Of Pain,,41.81713,-71.40589
341718,2015-00129031,2015-12-23,5:15:00 PM,Pedestrian,1,,,,1,ELMWOOD AVE,SPRAGUE ST ,Donald Castigliego,287,23-Dec-15,"Two-Way , Not Divided",Wet,Dark - Lighted,Rain,Not a Collision Between Two Motor Vehicles in Transport,No,No Controls,2,0,No Injury,,41.80948,-71.42433
341967,2015-00129082,2015-12-23,7:30:00 PM,Pedestrian,1,,,,1,CHALKSTONE AVE,ACADEMY AVE ,KEN MATSUMOTO,348,24-Dec-15,"Two-Way, Divided, Unprotected (painted>4feet) Medium",Wet,Dark - Lighted,Rain,Not a Collision Between Two Motor Vehicles in Transport,No,Traffic Control Signal,3,1,Complains Of Pain,,41.83245,-71.44453
341841,2015-00129162,2015-12-24,12:03:00 AM,Pedestrian,1,,,,1,WASHINGTON ST,SERVICE ROAD 7,Donald Castigliego,287,24-Dec-15,"Two-Way , Not Divided",Wet,Dark - Lighted,Rain,Not a Collision Between Two Motor Vehicles in Transport,No,Traffic Control Signal,2,1,Complains Of Pain,,41.81964,-71.41979
341940,2015-00129029,2015-12-24,5:09:00 PM,Pedestrian,1,,,,1,387 Charles St,SILVER SPRING ST ,Erik Breault,226,24-Dec-15,Unknown,Wet,Dark - Lighted,Rain,Not a Collision Between Two Motor Vehicles in Transport,No,No Controls,2,1,Complains Of Pain,,41.84402,-71.41846