CrashReportId,ReportNumber,CrashDate,CrashTime,Collision Type,CountPedestrian,CountBicycle,Scooter,Wheel Chair,NumberofVehicles,StreetOrHighway,NearestIntersection,Officer,Badge,ReportDate,TypeOfRoadway,RoadSurfaceCondition,LightCondition,WeatherCondition,MannerofImpact,HitAndRun,TrafficControl,PersonCount,InjuryCount,MostSeriousInjury,NumberOfLanes,Latitude,Longitude
341951,2015-00129403,2015-12-24,6:46:00 PM,Bicycle,,1,,,1,PROMENADE ST,PARK ST ,Alexa Levesque,248,24-Dec-15,"Two-Way , Not Divided",Wet,Dark - Lighted,Clear,Not a Collision Between Two Motor Vehicles in Transport,"Yes, M/V and Driver Left Scene",Traffic Control Signal,2,1,Complains Of Pain,,41.82761,-71.41674
342379,2015-00130040,2015-12-26,10:14:00 PM,Pedestrian,1,,,,1,WASHINGTON ST,SNOW ST ,KEN MATSUMOTO,348,26-Dec-15,"Two-Way, Divided, Unprotected (painted>4feet) Medium",Dry,Dark - Lighted,Clear,Not a Collision Between Two Motor Vehicles in Transport,No,No Controls,2,1,Complains Of Pain,,41.82254,-71.41547
342727,2015-00130557,2015-12-28,5:17:00 PM,Pedestrian,1,,,,1,Manton Ave,Sheridan Street,Joseph Kane,544,28-Dec-15,"Two-Way, Divided, Unprotected (painted>4feet) Medium",Dry,Dark - Lighted,Cloudy,Other,No,No Controls,2,1,Complains Of Pain,,41.82364,-71.4515
343199,2015-00131066,2015-12-30,4:20:00 PM,Pedestrian,1,,,,1,Waterman St,Butler Ave,Noel Field,260,30-Dec-15,One-Way Trafficway,Dry,Dusk,Cloudy,Not a Collision Between Two Motor Vehicles in Transport,No,Traffic Control Signal,8,1,Incapacitating,2,41.82807,-71.38545
343476,2016-00000115,2016-01-01,4:15:00 AM,Pedestrian,1,,,,1,104 Knight Street ,PENN ST ,Mitchell Guerra,217,1-Jan-16,One-Way Trafficway,Dry,Dark - Lighted,Clear,Not a Collision Between Two Motor Vehicles in Transport,"Yes, M/V and Driver Left Scene",Stop Signs,2,1,Complains Of Pain,,41.82166,-71.43101
343651,2016-00000437,2016-01-02,12:31:00 PM,Pedestrian,2,,,,1,BUTLER AVE,MEDWAY ST ,John Almeida,386,2-Jan-16,"Two-Way , Not Divided",Dry,Daylight,Clear,Not a Collision Between Two Motor Vehicles in Transport,No,Stop Signs,4,2,Complains Of Pain,,41.82876,-71.38528
343774,2016-00000689,2016-01-03,11:16:00 AM,Pedestrian,1,,,,1,473 CHARLES ST,LORETO ST ,Donald Castigliego,287,3-Jan-16,"Two-Way , Not Divided",Dry,Daylight,Clear,Not a Collision Between Two Motor Vehicles in Transport,No,No Controls,4,1,Complains Of Pain,,41.84816,-71.41965
515066,2017-00001867,2016-01-06,7:31:00 PM,Pedestrian,1,,,,1,Exchange St,Memorial Blvd,Michael Clary,269,7-Jan-17,"Two-Way , Not Divided",Dry,Dark - Not Lighted,Clear,Not a Collision Between Two Motor Vehicles in Transport,No,Pavement Markings,2,1,Complains Of Pain,,41.82696,-71.41217
344923,2016-00001958,2016-01-07,3:30:00 PM,Bicycle,,1,,,1,WAYLAND AVE,S ANGELL ST ,KEN MATSUMOTO,348,7-Jan-16,"Two-Way, Divided, Unprotected (painted>4feet) Medium",Dry,Daylight,Clear,Not a Collision Between Two Motor Vehicles in Transport,No,Other,3,1,Complains Of Pain,,41.82969,-71.38806
345161,2016-00002305,2016-01-08,4:23:00 PM,Bicycle,,1,,,1,PARK ROW WEST,EXCHANGE ST ,Donald Castigliego,287,8-Jan-16,"Two-Way , Not Divided",Dry,Dark - Lighted,Clear,Not a Collision Between Two Motor Vehicles in Transport,No,Stop Signs,5,0,No Injury,,41.82834,-71.41319
345710,2016-00003158,2016-01-11,8:47:00 AM,Pedestrian,1,,,,1,MOUNT PLEASANT AVE,CHALKSTONE AVE ,Jose Deschamps,419,11-Jan-16,"Two-Way, Divided, Unprotected (painted>4feet) Medium",Dry,Daylight,Clear,Not a Collision Between Two Motor Vehicles in Transport,No,Traffic Control Signal,3,1,Non-Incapacitating,,41.8327,-71.44975
345868,2016-00003258,2016-01-11,3:40:00 PM,Pedestrian,1,,,,1,CRANSTON ST,DEXTER ST ,KEN MATSUMOTO,348,11-Jan-16,"Two-Way, Divided, Unprotected (painted>4feet) Medium",Dry,Daylight,Clear,Not a Collision Between Two Motor Vehicles in Transport,No,Traffic Control Signal,3,1,Non-Incapacitating,,41.8126,-71.42959
346156,2016-00003621,2016-01-12,5:47:00 PM,Pedestrian,1,,,,1,Elmwood Avenue,PRINCETON AVE ,Daryl Pfeiffer,241,12-Jan-16,"Two-Way , Not Divided",Wet,Dark - Lighted,Rain,Not a Collision Between Two Motor Vehicles in Transport,No,No Controls,4,1,Complains Of Pain,,41.80547,-71.4252
346298,2016-00003627,2016-01-12,6:00:00 PM,Pedestrian,1,,,X,1,Kennedy Plz.,Dorrance St.,Harrison Northup,232,12-Jan-16,"Two-Way , Not Divided",Wet,Dark - Lighted,Rain,Not a Collision Between Two Motor Vehicles in Transport,"Yes, M/V and Driver Left Scene",No Controls,3,1,Non-Incapacitating,,41.82426,-71.41219
346855,2016-00004297,2016-01-14,5:11:00 PM,Bicycle,,2,,,1,BROADWAY,HARRIS AVE ,Donald Castigliego,287,14-Jan-16,"Two-Way , Not Divided",Dry,Daylight,Clear,Not a Collision Between Two Motor Vehicles in Transport,No,No Controls,3,2,Complains Of Pain,,41.81705,-71.44029
348154,2016-00005718,2016-01-19,7:56:00 AM,Pedestrian,1,,,,1,DOUGLAS AVE,FILMORE ST,Jose Deschamps,419,19-Jan-16,"Two-Way, Divided, Unprotected (painted>4feet) Medium",Dry,Daylight,Clear,Not a Collision Between Two Motor Vehicles in Transport,No,Person,4,2,Complains Of Pain,,41.83718,-71.42232
348938,2016-00006101,2016-01-20,12:58:00 PM,Bicycle,,1,,,1,Chad Brown St,CAMDEN AVE ,Ptlm. Chin,516,20-Jan-16,"Two-Way , Not Divided",Dry,Daylight,Clear,Not a Collision Between Two Motor Vehicles in Transport,No,Pavement Markings,6,1,Complains Of Pain,2,41.83925,-71.42583
348976,2016-00006134,2016-01-20,3:03:00 PM,Pedestrian,1,,,,1,LINDEN AVE,ELMWOOD AVE ,Nicholas Froncillo,163,20-Jan-16,Unknown,Dry,Daylight,Clear,Other,No,No Controls,3,1,Incapacitating,,41.78618,-71.41931
349949,2016-00007583,2016-01-25,9:53:00 AM,Bicycle,,1,,,1,N DAVIS ST,CHALKSTONE AVE ,Jose Deschamps,419,25-Jan-16,"Two-Way , Not Divided",Wet,Daylight,Clear,Not a Collision Between Two Motor Vehicles in Transport,No,No Controls,2,1,Complains Of Pain,,41.83548,-71.41712
349955,2016-00007620,2016-01-25,11:51:00 AM,Pedestrian,2,,,,1,RIVER AVE,VALLEY ST ,Jose Deschamps,419,25-Jan-16,"Two-Way, Divided, Unprotected (painted>4feet) Medium",Wet,Daylight,Clear,Not a Collision Between Two Motor Vehicles in Transport,No,Traffic Control Signal,4,2,Complains Of Pain,,41.82798,-71.43517
350197,2016-00008026,2016-01-26,4:13:00 PM,Pedestrian,1,,,,1,MEDWAY ST,WAYLAND AVE ,Donald Castigliego,287,26-Jan-16,"Two-Way , Not Divided",Wet,Daylight,Clear,Not a Collision Between Two Motor Vehicles in Transport,No,Pavement Markings,4,1,Complains Of Pain,,41.82931,-71.38819
350265,2016-00008066,2016-01-26,5:52:00 PM,Pedestrian,1,,,,1,RIVER AVE,DOUGLAS AVE ,Donald Castigliego,287,26-Jan-16,"Two-Way , Not Divided",Wet,Dark - Lighted,Clear,Not a Collision Between Two Motor Vehicles in Transport,"Yes, M/V and Driver Left Scene",No Controls,1,0,No Injury,,41.85274,-71.43716
350774,2016-00008576,2016-01-28,9:04:00 AM,Pedestrian,1,,,,1,BROAD ST,FENNER ST ,Jose Deschamps,419,28-Jan-16,"Two-Way, Divided, Unprotected (painted>4feet) Medium",Dry,Daylight,Clear,Not a Collision Between Two Motor Vehicles in Transport,"Yes, M/V and Driver Left Scene",Traffic Control Signal,4,1,Complains Of Pain,,41.81834,-71.4159
351132,2016-00009036,2016-01-29,4:21:00 PM,Pedestrian,1,,,,1,CRIMEA ST,DOUGLAS AVE ,Jeremy Doucette,482,29-Jan-16,"Two-Way , Not Divided",Dry,Daylight,Clear,Not a Collision Between Two Motor Vehicles in Transport,No,Stop Signs,3,1,Complains Of Pain,,41.83697,-71.42185
351677,2016-00009677,2016-01-31,2:46:00 PM,Pedestrian,1,,,,1,37 EXCHANGE TERR,,MICHAEL R. TROIA / TRAFFIC BUREAU,331,31-Jan-16,"Two-Way , Not Divided",Dry,Daylight,Clear,Not a Collision Between Two Motor Vehicles in Transport,No,No Controls,2,1,Complains Of Pain,3,41.82534,-71.41381
351862,2016-00009974,2016-02-01,1:10:00 PM,Pedestrian,1,,,,1,CHARLES ST,SILVER SPRING ST ,Ptlm. Chin,516,1-Feb-16,"Two-Way , Not Divided",Dry,Daylight,Clear,Not a Collision Between Two Motor Vehicles in Transport,No,No Controls,2,1,Complains Of Pain,2,41.84417,-71.4185
352004,2016-00010349,2016-02-02,1:19:00 PM,Pedestrian,1,,,,1,WEEDEN ST,ATWELLS AVE ,Ptlm. Chin,516,2-Feb-16,"Two-Way , Not Divided",Dry,Daylight,Clear,Not a Collision Between Two Motor Vehicles in Transport,No,No Controls,6,1,Complains Of Pain,2,41.8234,-71.4244
352373,2016-00010737,2016-02-03,4:30:00 PM,Pedestrian,1,,,,1,WEYBOSSET ST,SNOW ST ,Donald Castigliego,287,3-Feb-16,"Two-Way , Not Divided",Wet,Dark - Lighted,Rain,Not a Collision Between Two Motor Vehicles in Transport,No,No Controls,3,1,Incapacitating,,41.8207,-71.41326
352487,2016-00010769,2016-02-03,5:53:00 PM,Pedestrian,1,,,,1,41 Fricker st,CRANSTON ST ,Brian Murphy,239,3-Feb-16,"Two-Way , Not Divided",Wet,Dark - Not Lighted,Rain,Not a Collision Between Two Motor Vehicles in Transport,No,No Controls,5,1,Complains Of Pain,,41.81705,-71.42217
352529,2016-00010800,2016-02-03,8:05:00 PM,Pedestrian,1,,,,1,96 Waterman St,,Michael Clary,269,3-Feb-16,One-Way Trafficway,Wet,Dark - Lighted,Rain,Not a Collision Between Two Motor Vehicles in Transport,No,Traffic Control Signal,2,1,Complains Of Pain,,41.82712,-71.40222
353132,2016-00011071,2016-02-04,5:42:00 PM,Bicycle,,1,,,1,Hope St,George St,Michael Clary,269,5-Feb-16,"Two-Way , Not Divided",Dry,Dark - Lighted,Clear,Not a Collision Between Two Motor Vehicles in Transport,No,Stop Signs,3,0,No Injury,,41.82583,-71.39727
352949,2016-00011250,2016-02-05,8:47:00 AM,Pedestrian,1,,,,1,ATWELLS AVE,ACADEMY AVE ,Jose Deschamps,419,5-Feb-16,"Two-Way, Divided, Unprotected (painted>4feet) Medium",Snow,Daylight,Snow,Not a Collision Between Two Motor Vehicles in Transport,"Yes, M/V and Driver Left Scene",Traffic Control Signal,1,1,Complains Of Pain,,41.82478,-71.44343
365259,2016-00012080,2016-02-07,8:41:00 PM,Pedestrian,1,,,,1,CHARLES ST,BRANCH AVE ,Andrew Mignanelli,361,12-Mar-16,"Two-Way , Not Divided",Dry,Daylight,Clear,Not a Collision Between Two Motor Vehicles in Transport,No,No Controls,2,1,Complains Of Pain,,41.84933,-71.41983
354023,2016-00012512,2016-02-09,12:04:00 PM,Pedestrian,1,,,,1, WASHINGTON ST,EMPIRE ST,Brian Corcoran,562,9-Feb-16,"Two-Way , Not Divided",Wet,Daylight,Cloudy,Other,No,Traffic Control Signal,4,1,Complains Of Pain,,41.81989,-71.41935
354151,2016-00012611,2016-02-09,5:45:00 PM,Pedestrian,1,,,,1,Summer Street,,Edwardo Curi,294,9-Feb-16,"Two-Way , Not Divided",Slush,Dark - Lighted,Clear,Not a Collision Between Two Motor Vehicles in Transport,No,Stop Signs,3,1,Complains Of Pain,,41.81435,-71.41686
354444,2016-00012928,2016-02-10,5:34:00 PM,Bicycle,,1,,,1,BROADWAY,DE PASQUALE AVE ,Donald Castigliego,287,10-Feb-16,"Two-Way , Not Divided",Wet,Dark - Lighted,Clear,Not a Collision Between Two Motor Vehicles in Transport,"Yes, M/V and Driver Left Scene",Traffic Control Signal,1,0,No Injury,,41.82078,-71.42521
354730,2016-00013251,2016-02-11,7:44:00 PM,Pedestrian,2,,,,1,BROAD ST,DAVE GAVITT WAY,MICHAEL R. TROIA / TRAFFIC BUREAU,331,11-Feb-16,"Two-Way , Not Divided",Dry,Dark - Lighted,Clear,Not a Collision Between Two Motor Vehicles in Transport,No,Traffic Control Signal,4,2,Complains Of Pain,,41.81799,-71.41626
356290,2016-00014863,2016-02-16,3:45:00 PM,Pedestrian,1,,,,1,ELMWOOD AVE,ADELAIDE AVE ,Richard Mendez,288,16-Feb-16,"Two-Way, Divided, Positive Median Barrier",Wet,Daylight,Rain,Not a Collision Between Two Motor Vehicles in Transport,"Yes, M/V and Driver Left Scene",Traffic Control Signal,1,1,Complains Of Pain,,41.79589,-71.425
356322,2016-00014895,2016-02-16,5:22:00 PM,Pedestrian,1,,,,1,WEYBOSSET ST,CUSTOM HOUSE ST ,Michael Clary,269,16-Feb-16,"Two-Way , Not Divided",Wet,Dark - Lighted,Rain,Not a Collision Between Two Motor Vehicles in Transport,No,No Controls,2,1,Complains Of Pain,,41.82429,-71.4097
356336,2016-00014930,2016-02-16,6:43:00 PM,Pedestrian,1,,,,1,WESTMINSTER ST,EMPIRE ST ,William O'Donnell,150,16-Feb-16,"Two-Way , Not Divided",Wet,Dark - Lighted,Rain,Angle - Direction Not Specified,"Yes, M/V and Driver Left Scene",Traffic Control Signal,3,1,Complains Of Pain,,41.82097,-71.41532
356423,2016-00015005,2016-02-17,1:15:00 AM,Pedestrian,1,,,,1,UNION AVE,ETHAN ST ,Vincent Lopez,219,17-Feb-16,"Two-Way , Not Divided",Wet,Dark - Lighted,Rain,Head-On (Front - to - Front),"Yes, Driver Left Scene",No Controls,2,0,No Injury,,41.80715,-71.45905
357337,2016-00015783,2016-02-19,8:25:00 AM,Bicycle,,1,,,1,Battey St,WASHINGTON ST ,Ptlm. Chin,516,19-Feb-16,"Two-Way , Not Divided",Dry,Daylight,Clear,Not a Collision Between Two Motor Vehicles in Transport,No,Stop Signs,2,1,Complains Of Pain,2,41.81794,-71.42472
357756,2016-00016293,2016-02-20,6:24:00 PM,Pedestrian,1,,,,1,BRANCH AVE,DRYDEN LN ,Alexa Levesque,248,20-Feb-16,"Two-Way , Not Divided",Dry,Dark - Lighted,Clear,Not a Collision Between Two Motor Vehicles in Transport,No,No Controls,2,1,Complains Of Pain,,41.84246,-71.40827
358246,2016-00016571,2016-02-21,4:04:00 PM,Pedestrian,1,,,,1,740 BRANCH AVE,VANDEWATER ST ,Jeremy Doucette,482,21-Feb-16,"Two-Way , Not Divided",Dry,Daylight,Clear,Not a Collision Between Two Motor Vehicles in Transport,"Yes, M/V and Driver Left Scene",No Controls,1,1,Complains Of Pain,,41.85363,-71.42864
358949,2016-00017120,2016-02-23,1:00:00 PM,Pedestrian,1,,,X,1,Douglas Ave,WHIPPLE ST ,Ptlm. Chin,516,23-Feb-16,"Two-Way , Not Divided",Dry,Daylight,Clear,Not a Collision Between Two Motor Vehicles in Transport,No,Stop Signs,3,0,No Injury,2,41.8368,-71.42142
359505,2016-00017699,2016-02-25,8:06:00 AM,Pedestrian,1,,,,1,MOUNT PLEASANT AVE,CHALKSTONE AVE ,Jin O,147,25-Feb-16,"Two-Way , Not Divided",Wet,Daylight,Cloudy,Not a Collision Between Two Motor Vehicles in Transport,"Yes, M/V and Driver Left Scene",No Controls,1,1,Complains Of Pain,,41.83267,-71.44974
359617,2016-00017910,2016-02-25,6:11:00 PM,Pedestrian,1,,,,1,MOUNT PLEASANT AVE,CHALKSTONE AVE ,MICHAEL R. TROIA / TRAFFIC BUREAU,331,25-Feb-16,"Two-Way , Not Divided",Dry,Dark - Lighted,Clear,Not a Collision Between Two Motor Vehicles in Transport,"Yes, M/V and Driver Left Scene",No Controls,1,1,Complains Of Pain,2,41.8327,-71.44975
360271,2016-00018438,2016-02-27,8:59:00 AM,Pedestrian,1,,,X,1,N MAIN ST,PLEASANT ST,Jose Deschamps,419,27-Feb-16,"Two-Way, Divided, Positive Median Barrier",Dry,Daylight,Clear,Not a Collision Between Two Motor Vehicles in Transport,No,Other,3,1,Complains Of Pain,,41.83919,-71.40905
360386,2016-00018535,2016-02-27,3:39:00 PM,Bicycle,,1,,,1,HARRISON ST,WESTMINSTER ST ,Donald Castigliego,287,27-Feb-16,"Two-Way , Not Divided",Dry,Daylight,Clear,Not a Collision Between Two Motor Vehicles in Transport,No,No Controls,4,1,Complains Of Pain,2,41.81671,-71.43031
360823,2016-00019018,2016-02-29,7:39:00 AM,Pedestrian,1,,,,1,MOUNT PLEASANT AVE,CHALKSTONE AVE ,Jose Deschamps,419,29-Feb-16,"Two-Way, Divided, Unprotected (painted>4feet) Medium",Dry,Daylight,Clear,Not a Collision Between Two Motor Vehicles in Transport,No,Traffic Control Signal,2,2,Complains Of Pain,,41.8327,-71.44975
361123,2016-00019286,2016-02-29,10:15:00 AM,Pedestrian,1,,,,1,MANTON AVE,HERSCHEL ST ,Jared Sherman,292,29-Feb-16,Unknown,Dry,Dark - Lighted,Clear,Other,"Yes, M/V and Driver Left Scene",No Controls,1,0,No Injury,,41.83359,-71.469
361569,2016-00019735,2016-03-02,11:58:00 PM,Pedestrian,1,,,,1,Broadway,EXIT 21  (RT 1),George Pereira,421,2-Mar-16,One-Way Trafficway,Dry,Daylight,Cloudy,Not a Collision Between Two Motor Vehicles in Transport,"Yes, M/V and Driver Left Scene",Traffic Control Signal,1,1,Complains Of Pain,,41.82205,-71.41971
361799,2016-00019865,2016-03-02,7:00:00 PM,Pedestrian,1,,,,1,Broad Street,MASSACHUSETTS AVE ,Kenneth Demarco,176,2-Mar-16,"Two-Way , Not Divided",Dry,Dark - Lighted,Cloudy,Not a Collision Between Two Motor Vehicles in Transport,No,No Controls,3,1,Non-Incapacitating,,41.78635,-71.40193
362450,2016-00020125,2016-03-03,4:30:00 PM,Bicycle,,1,,,1,ONEIL ST,VEAZIE ST ,Shawn Murnighan,253,3-Mar-16,"Two-Way , Not Divided",Dry,Daylight,Clear,Not a Collision Between Two Motor Vehicles in Transport,No,No Controls,2,1,Non-Incapacitating,,41.85297,-71.43521
363031,2016-00020936,2016-03-06,3:30:00 AM,Pedestrian,1,,,,1,POTTERS AVE,BROAD ST ,Christopher Benoit,206,6-Mar-16,"Two-Way , Not Divided",Dry,Dark - Lighted,Clear,Not a Collision Between Two Motor Vehicles in Transport,"Yes, M/V and Driver Left Scene",Traffic Control Signal,1,1,Complains Of Pain,,41.80297,-71.41891
363955,2016-00021645,2016-03-08,1:37:00 PM,Bicycle,,1,,,1,BROADWAY,COURTLAND STREET,Joseph Madeira,552,9-Mar-16,"Two-Way , Not Divided",Dry,Daylight,Clear,Other,No,Stop Signs,3,1,Non-Incapacitating,2,41.83454,-71.41645
364804,2016-00022610,2016-03-11,7:38:00 AM,Pedestrian,1,,,,1,765 ATWELLS AVENUE,ACADEMY AVENUE,Joseph Madeira,552,11-Mar-16,"Two-Way , Not Divided",Wet,Daylight,Cloudy,Other,No,No Controls,2,1,Non-Incapacitating,2,41.83618,-71.41545
365537,2016-00022776,2016-03-11,3:44:00 PM,Bicycle,,1,,,1,Killingly St,Duxbury St,Michael Clary,269,14-Mar-16,"Two-Way , Not Divided",Dry,Daylight,Clear,Not a Collision Between Two Motor Vehicles in Transport,No,Pavement Markings,3,1,Complains Of Pain,,41.8138,-71.46091
367654,2016-00024281,2016-03-16,9:11:00 AM,Pedestrian,1,,,,1,EMPIRE ST,WESTMINSTER ST ,Jose Deschamps,419,16-Mar-16,"Two-Way, Divided, Unprotected (painted>4feet) Medium",Dry,Daylight,Clear,Not a Collision Between Two Motor Vehicles in Transport,No,No Controls,4,1,Complains Of Pain,,41.82111,-71.4155
367750,2016-00024424,2016-03-16,4:25:00 PM,Pedestrian,1,,,,1,CHALKSTONE AVE,PEKIN ST ,Donald Castigliego,287,16-Mar-16,"Two-Way , Not Divided",Dry,Daylight,Clear,Not a Collision Between Two Motor Vehicles in Transport,No,Other,4,0,No Injury,,41.83562,-71.42416
367811,2016-00024510,2016-03-16,9:16:00 PM,Pedestrian,1,,,,1,134 Atwells Ave,NEWTON ST ,Brittany Boudreau,236,16-Mar-16,"Two-Way, Divided, Unprotected (painted>4feet) Medium",Wet,Dark - Lighted,Rain,Not a Collision Between Two Motor Vehicles in Transport,No,No Controls,3,1,Complains Of Pain,,41.82327,-71.42229
368202,2016-00024687,2016-03-17,1:38:00 PM,Pedestrian,1,,,,1,HUNTINGTON AVE,DEXTER ST ,Joseph Amoroso,613,17-Mar-16,"Two-Way, Divided, Positive Median Barrier",Dry,Daylight,Clear,Not a Collision Between Two Motor Vehicles in Transport,No,No Controls,2,2,Fatal,,41.80102,-71.43181
368259,2016-00024973,2016-03-18,7:24:00 AM,Pedestrian,1,,,,1,163 PROGRESS AVE,WEBSTER AVE ,Ryan Moroney,324,18-Mar-16,Unknown,Dry,Daylight,Clear,Other,"Yes, M/V and Driver Left Scene",No Controls,1,1,Complains Of Pain,,41.80853,-71.44916
368595,2016-00025357,2016-03-19,2:43:00 AM,Pedestrian,1,,,,1,ELMWOOD AVE,ARCH ST ,Joshua Cascione,225,19-Mar-16,"Two-Way , Not Divided",Dry,Dark - Lighted,Clear,Not a Collision Between Two Motor Vehicles in Transport,"Yes, M/V and Driver Left Scene",No Controls,2,1,Incapacitating,2,41.81202,-71.42261
369868,2016-00026057,2016-03-21,2:56:00 PM,Pedestrian,1,,,,1,JOSLIN ST,ATWELLS AVE ,Trent Hastings,326,22-Mar-16,"Two-Way , Not Divided",Dry,Daylight,Clear,Not a Collision Between Two Motor Vehicles in Transport,No,No Controls,3,1,Complains Of Pain,,41.82496,-71.44666
370786,2016-00026149,2016-03-21,7:38:00 PM,Pedestrian,1,,,,1,12 POCASSET AVE,,MICHAEL R. TROIA / TRAFFIC BUREAU,331,24-Mar-16,"Two-Way , Not Divided",Dry,Dark - Lighted,Clear,Not a Collision Between Two Motor Vehicles in Transport,No,No Controls,5,1,Complains Of Pain,,41.81165,-71.45095
370521,2016-00026680,2016-03-23,3:20:00 PM,Pedestrian,1,,,,1,Bancroft Street,KELLEY ST ,Ptlm. Dalton,257,23-Mar-16,"Two-Way , Not Divided",Dry,Daylight,Clear,Not a Collision Between Two Motor Vehicles in Transport,No,No Controls,3,1,Complains Of Pain,,41.81309,-71.4481
370700,2016-00026967,2016-03-24,11:24:00 AM,Pedestrian,1,,,,1,DOYLE AVE,ELMGROVE AVE ,Jose Deschamps,419,24-Mar-16,"Two-Way , Not Divided",Dry,Daylight,Clear,Not a Collision Between Two Motor Vehicles in Transport,No,Stop Signs,4,1,Incapacitating,,41.839,-71.39234
372804,2016-00028537,2016-03-29,11:13:00 AM,Pedestrian,1,,,,1,55 BROADWAY,,Joseph Amoroso,613,29-Mar-16,"Two-Way , Not Divided",Dry,Daylight,Clear,Not a Collision Between Two Motor Vehicles in Transport,No,No Controls,4,1,Fatal,,41.82234,-71.4186
372939,2016-00028619,2016-03-29,3:50:00 PM,Bicycle,,2,,,1,ROANOKE ST,CARLETON ST ,Donald Castigliego,287,29-Mar-16,"Two-Way , Not Divided",Dry,Daylight,Clear,Not a Collision Between Two Motor Vehicles in Transport,"Yes, M/V and Driver Left Scene",Stop Signs,3,2,Non-Incapacitating,2,41.83139,-71.44787
373728,2016-00029129,2016-03-31,7:46:00 AM,Pedestrian,1,,,,1,VANDEWATER ST ,BRANCH AVE ,Michael Pattie,316,31-Mar-16,"Two-Way , Not Divided",Dry,Daylight,Clear,Other,No,Stop Signs,3,1,Complains Of Pain,,41.85367,-71.42883
373764,2016-00029274,2016-03-31,3:06:00 PM,Pedestrian,1,,,,1,CRANSTON ST,HANOVER ST ,MICHAEL R. TROIA / TRAFFIC BUREAU,331,31-Mar-16,"Two-Way , Not Divided",Dry,Daylight,Clear,Not a Collision Between Two Motor Vehicles in Transport,"Yes, M/V and Driver Left Scene",No Controls,2,1,Complains Of Pain,2,41.80945,-71.43357
375957,2016-00030674,2016-04-04,3:10:00 PM,Pedestrian,1,,,,1,Bucklin St,WHITMARSH ST ,Adrian Francis,239,4-Apr-16,"Two-Way , Not Divided",Slush,Daylight,Snow,Not a Collision Between Two Motor Vehicles in Transport,No,No Controls,2,1,Complains Of Pain,,41.8059,-71.42781
378087,2016-00031771,2016-04-08,7:22:00 AM,Pedestrian,1,,,,1,ANGELL ST,HOPE ST ,John Almeida,386,8-Apr-16,One-Way Trafficway,Dry,Daylight,Clear,Not a Collision Between Two Motor Vehicles in Transport,No,Traffic Control Signal,4,1,Complains Of Pain,,41.8284,-71.39754
379232,2016-00032674,2016-04-10,8:50:00 PM,Pedestrian,1,,,,1,Orms St,Bath St,Michael Clary,269,10-Apr-16,"Two-Way , Not Divided",Dry,Dark - Lighted,Clear,Not a Collision Between Two Motor Vehicles in Transport,No,No Controls,2,0,No Injury,,41.83325,-71.42531
379614,2016-00032838,2016-04-11,1:00:00 PM,Pedestrian,1,,,,1,HOLDEN ST,SMITH ST ,Cynthia Rodriguez,693,11-Apr-16,"Two-Way , Not Divided",Dry,Daylight,Clear,Not a Collision Between Two Motor Vehicles in Transport,No,No Controls,2,1,Complains Of Pain,,41.83221,-71.41802
380897,2016-00033363,2016-04-12,9:44:00 PM,Pedestrian,1,,,,1,244 UNION AVE,PRISCILLA AVE ,Jose Deschamps,419,12-Apr-16,"Two-Way, Divided, Unprotected (painted>4feet) Medium",Dry,Dark - Lighted,Clear,Not a Collision Between Two Motor Vehicles in Transport,No,No Controls,2,1,Complains Of Pain,,41.80753,-71.44486
380921,2016-00033367,2016-04-12,10:06:00 PM,Pedestrian,1,,,,1,BENEVOLENT ST,BENEFIT ST ,Robert Heaton,539,12-Apr-16,"Two-Way , Not Divided",Dry,Dark - Lighted,Cloudy,Other,No,No Controls,2,1,Non-Incapacitating,2,41.82453,-71.40549
382676,2016-00034085,2016-04-15,7:21:00 AM,Pedestrian,1,,,,1,HARTFORD AVENUE,BOWLETT STREET,Thomas Connetta,374,15-Apr-16,"Two-Way , Not Divided",Dry,Daylight,Clear,Angle - Direction Not Specified,"Yes, M/V and Driver Left Scene",Flashing Traffic Control Signal,3,1,Complains Of Pain,2,41.81907,-71.46225
384175,2016-00034750,2016-04-16,10:23:00 PM,Pedestrian,1,,,,1,176 Manton Ave,,Michael Clary,269,18-Apr-16,"Two-Way , Not Divided",Dry,Dark - Lighted,Clear,Not a Collision Between Two Motor Vehicles in Transport,"Yes, M/V and Driver Left Scene",No Controls,1,1,Complains Of Pain,,41.82017,-71.44693
384040,2016-00034962,2016-04-17,2:30:00 PM,Pedestrian,1,,,,1,OAKLAND AVE,CHALKSTONE AVE ,Jose Deschamps,419,17-Apr-16,"Two-Way, Divided, Unprotected (painted>4feet) Medium",Dry,Daylight,Clear,Rear End(Front-to-Rear),No,Traffic Control Signal,4,1,Complains Of Pain,,41.83421,-71.43024