CrashReportId,ReportNumber,CrashDate,CrashTime,Collision Type,CountPedestrian,CountBicycle,Scooter,Wheel Chair,NumberofVehicles,StreetOrHighway,NearestIntersection,Officer,Badge,ReportDate,TypeOfRoadway,RoadSurfaceCondition,LightCondition,WeatherCondition,MannerofImpact,HitAndRun,TrafficControl,PersonCount,InjuryCount,MostSeriousInjury,NumberOfLanes,Latitude,Longitude
429399,2016-00070601,2016-07-21,12:30:00 PM,Pedestrian,1,,,,1,HAWKINS ST,BRANCH AVE ,Jose Deschamps,419,21-Jul-16,"Two-Way, Divided, Unprotected (painted>4feet) Medium",Dry,Daylight,Clear,Not a Collision Between Two Motor Vehicles in Transport,No,Traffic Control Signal,4,1,Complains Of Pain,,41.8509,-71.42142
429438,2016-00070615,2016-07-21,1:40:00 PM,Pedestrian,1,,,,1,DUDLEY ST,CULVER ST ,Jose Deschamps,419,21-Jul-16,"Two-Way, Divided, Unprotected (painted>4feet) Medium",Dry,Daylight,Clear,Not a Collision Between Two Motor Vehicles in Transport,No,No Controls,3,0,No Injury,,41.81069,-71.40797
429439,2016-00070621,2016-07-21,2:02:00 PM,Pedestrian,1,,,,1,MEETING ST,THAYER ST ,Jose Deschamps,419,21-Jul-16,One-Way Trafficway,Dry,Daylight,Clear,Not a Collision Between Two Motor Vehicles in Transport,"Yes, M/V and Driver Left Scene",No Controls,1,1,Complains Of Pain,,41.82916,-71.40079
429720,2016-00070777,2016-07-21,9:26:00 PM,Bicycle,,1,,,1,WASHINGTON ST,SNOW ST ,Michael Sullivan,347,21-Jul-16,"Two-Way , Not Divided",Dry,Dark - Lighted,Clear,Not a Collision Between Two Motor Vehicles in Transport,No,No Controls,3,1,Complains Of Pain,2,41.82252,-71.4155
433523,2016-00073281,2016-07-28,9:50:00 AM,Bicycle,,1,,,1,WESTMINSTER ST EXIT,WESTMINSTER ST ,Jose Deschamps,419,28-Jul-16,One-Way Trafficway,Dry,Daylight,Clear,Not a Collision Between Two Motor Vehicles in Transport,No,Traffic Control Signal,2,1,Complains Of Pain,,41.81576,-71.43865
434140,2016-00073535,2016-07-28,10:30:00 PM,Pedestrian,1,,,,1,WHIPPLE ST,GEOFFREYS CT ,Andrew Mignanelli,361,29-Jul-16,"Two-Way , Not Divided",Dry,Dark - Lighted,Clear,Unknown,"Yes, M/V and Driver Left Scene",No Controls,1,1,Incapacitating,,41.83708,-71.42139
434240,2016-00073899,2016-07-29,9:32:00 PM,Bicycle,,1,,,1,River Ave,Pleasant Valley Prkwy,Michael Clary,269,30-Jul-16,"Two-Way , Not Divided",Dry,Dark - Lighted,Clear,Not a Collision Between Two Motor Vehicles in Transport,No,Stop Signs,3,1,Complains Of Pain,,41.83528,-71.43912
434313,2016-00074120,2016-07-30,11:26:00 AM,Bicycle,,1,,,1,CRANSTON ST,ALTHEA ST ,Thiago Gomes,532,30-Jul-16,"Two-Way , Not Divided",Dry,Daylight,Clear,"Sidwswipe, Opposite Direction",No,Traffic Control Signal,4,1,Complains Of Pain,,41.80773,-71.43508
435237,2016-00074863,2016-08-01,8:23:00 AM,Pedestrian,3,,,,1,CHALKSTONE AVE,FALLON AVE ,Fernando Lopez,156,1-Aug-16,"Two-Way , Not Divided",Dry,Daylight,Clear,Not a Collision Between Two Motor Vehicles in Transport,No,No Controls,7,1,Non-Incapacitating,,41.83235,-71.44388
436672,2016-00075654,2016-08-03,2:23:00 PM,Bicycle,,1,,,1,BROAD ST,EARLY ST ,Jose Deschamps,419,3-Aug-16,"Two-Way, Divided, Unprotected (painted>4feet) Medium",Dry,Daylight,Clear,Other,"Yes, M/V and Driver Left Scene",No Controls,1,1,Complains Of Pain,,41.79526,-71.41102
442363,2016-00075682,2016-08-03,2:09:00 PM,Pedestrian,2,,,,1,N MAIN ST,DOYLE AVE ,David Morgan,474,9-Aug-16,"Two-Way, Divided, Positive Median Barrier",Dry,Daylight,Clear,Not a Collision Between Two Motor Vehicles in Transport,"Yes, Driver Left Scene",Pavement Markings,2,0,No Injury,,41.83833,-71.40923
437609,2016-00076499,2016-08-05,5:08:00 PM,Bicycle,,1,,,1,WHITMARSH ST,BUCKLIN ST ,Stephen Sage,353,5-Aug-16,"Two-Way , Not Divided",Dry,Daylight,Clear,Other,No,No Controls,5,1,Complains Of Pain,,41.80593,-71.42659
437950,2016-00076938,2016-08-06,5:14:00 PM,Bicycle,,1,,,1,POCASSET AVE,BANCROFT ST ,David Preston,251,6-Aug-16,"Two-Way , Not Divided",Dry,Daylight,Clear,"Sidwswipe, Opposite Direction",No,Unknown,2,0,No Injury,,41.81334,-71.44837
438786,2016-00077650,2016-08-08,12:19:00 PM,Bicycle,,1,,,1,CRANSTON ST,ALTHEA ST ,Fernando Lopez,156,8-Aug-16,"Two-Way , Not Divided",Dry,Daylight,Clear,Not a Collision Between Two Motor Vehicles in Transport,No,No Controls,2,1,Complains Of Pain,,41.80766,-71.43514
441292,2016-00078918,2016-08-11,6:09:00 PM,Pedestrian,1,,,,1,BROAD ST,VERNDALE AVE ,Donald Castigliego,287,11-Aug-16,"Two-Way , Not Divided",Dry,Daylight,Clear,Not a Collision Between Two Motor Vehicles in Transport,No,Pavement Markings,4,1,Complains Of Pain,2,41.79177,-71.40668
442044,2016-00079490,2016-08-12,2:18:00 AM,Pedestrian,2,,,,1,115 Harris Ave,HARRIS AVE EXIT 22C ,Erik Breault,226,13-Aug-16,"Two-Way, Divided, Unprotected (painted>4feet) Medium",Dry,Dark - Lighted,Clear,Not a Collision Between Two Motor Vehicles in Transport,"Yes, M/V and Driver Left Scene",No Controls,2,2,Complains Of Pain,,41.82692,-71.4245
442208,2016-00079720,2016-08-13,5:21:00 PM,Pedestrian,1,,,,1,850 MANTON AVE,CHALKSTONE AVE ,Trent Hastings,326,13-Aug-16,"Two-Way , Not Divided",Dry,Daylight,Clear,Not a Collision Between Two Motor Vehicles in Transport,No,No Controls,6,1,Incapacitating,,41.83391,-71.46721
442221,2016-00079714,2016-08-13,4:54:00 PM,Bicycle,,1,,,1,North Main St.,Olney St.,Harrison Northup,232,13-Aug-16,One-Way Trafficway,Dry,Daylight,Clear,Not a Collision Between Two Motor Vehicles in Transport,No,No Controls,3,1,Complains Of Pain,,41.83522,-71.4098
442516,2016-00080285,2016-08-14,11:54:00 PM,Bicycle,,1,,,1,218 Dexter St,,Michael Clary,269,15-Aug-16,"Two-Way , Not Divided",Dry,Dark - Lighted,Clear,Not a Collision Between Two Motor Vehicles in Transport,No,Pavement Markings,2,1,Complains Of Pain,,41.81049,-71.42865
442589,2016-00080202,2016-08-14,7:33:00 PM,Pedestrian,1,,,,1,732 Plainfield St,,Michael Clary,269,15-Aug-16,"Two-Way , Not Divided",Dry,Daylight,Clear,Not a Collision Between Two Motor Vehicles in Transport,No,No Controls,3,1,Complains Of Pain,,41.81063,-71.46222
442992,2016-00080621,2016-08-15,7:18:00 PM,Pedestrian,1,,,,1,BROADWAY,GREENMAN LN ,Robert Heaton,539,16-Aug-16,"Two-Way , Not Divided",Dry,Daylight,Clear,Other,"Yes, M/V and Driver Left Scene",Traffic Control Signal,3,1,Non-Incapacitating,4,41.82232,-71.41867
443208,2016-00080899,2016-08-16,2:27:00 PM,Pedestrian,1,,,,1,WASHINGTON ST,EMPIRE ST ,Jose Deschamps,419,16-Aug-16,"Two-Way, Divided, Unprotected (painted>4feet) Medium",Wet,Daylight,"Sleet, Hail (Freezing Rain or Drizzle)",Not a Collision Between Two Motor Vehicles in Transport,No,Traffic Control Signal,2,1,Complains Of Pain,,41.82182,-71.41645
443932,2016-00081253,2016-08-17,1:55:00 PM,Pedestrian,1,,,,1,elmwood ave ,ELMWOOD AVE ,David Schiavulli,27,17-Aug-16,"Two-Way , Not Divided",Dry,Daylight,Clear,Not a Collision Between Two Motor Vehicles in Transport,No,No Controls,3,0,No Injury,,41.80861,-71.42467
444408,2016-00081621,2016-08-18,1:04:00 PM,Pedestrian,1,,,,1,EXCHANGE ST,EXCHANGE TER ,Fernando Lopez,156,18-Aug-16,"Two-Way , Not Divided",Dry,Daylight,Clear,Not a Collision Between Two Motor Vehicles in Transport,No,Stop Signs,4,1,Complains Of Pain,,41.82621,-71.41169
446247,2016-00083338,2016-08-22,5:44:00 PM,Pedestrian,1,,,,1,WEYBOSSET ST,DORRANCE ST ,MICHAEL R. TROIA / TRAFFIC BUREAU,331,22-Aug-16,"Two-Way , Not Divided",Dry,Daylight,Clear,Not a Collision Between Two Motor Vehicles in Transport,No,Traffic Control Signal,3,1,Complains Of Pain,,41.82307,-71.41098
446764,2016-00083582,2016-08-23,12:36:00 PM,Pedestrian,1,,,,1,Chalkstone Ave,ACADEMY AVE ,Ptlm. Chin,516,23-Aug-16,"Two-Way , Not Divided",Dry,Daylight,Clear,Not a Collision Between Two Motor Vehicles in Transport,No,No Controls,5,1,Complains Of Pain,2,41.83242,-71.44438
447187,2016-00084003,2016-08-24,1:28:00 PM,Pedestrian,1,,,,1,BOWDOIN ST,KOSSUTH ST ,Fernando Lopez,156,24-Aug-16,"Two-Way , Not Divided",Dry,Daylight,Clear,Not a Collision Between Two Motor Vehicles in Transport,No,No Controls,3,1,Complains Of Pain,,41.82252,-71.44316
447369,2016-00083911,2016-08-24,8:14:00 AM,Pedestrian,1,,,,1,WASHINGTON ST,EAST APPROACH,J. Amoroso/F. Furtado,613,24-Aug-16,One-Way Trafficway,Dry,Daylight,Clear,Not a Collision Between Two Motor Vehicles in Transport,No,No Controls,5,1,Fatal,,41.82465,-71.41247
447978,2016-00084744,2016-08-26,12:57:00 PM,Bicycle,,1,,,1,CANAL ST,SMITH ST ,Scott Keenan,546,26-Aug-16,One-Way Trafficway,Dry,Daylight,Clear,Angle (Front - to - Side) Right Angle (Includes Broadside),No,Traffic Control Signal,2,0,No Injury,,41.83142,-71.41134
449133,2016-00085282,2016-08-27,4:33:00 PM,Bicycle,,1,,,1,OXFORD ST,LOUISA ST ,Robert Heaton,539,27-Aug-16,"Two-Way , Not Divided",Dry,Daylight,Clear,Head-On (Front - to - Front),No,No Controls,3,0,No Injury,2,41.80243,-71.40951
449368,2016-00085768,2016-08-28,6:04:00 PM,Pedestrian,1,,,,1,Public St,GORDON AVE ,Peter Salmons,207,28-Aug-16,"Two-Way , Not Divided",Dry,Daylight,Clear,Not a Collision Between Two Motor Vehicles in Transport,"Yes, M/V and Driver Left Scene",No Controls,2,1,Incapacitating,,41.80517,-71.41646
449765,2016-00086331,2016-08-30,8:45:00 AM,Pedestrian,1,,,,1,STEEPLE ST,CANAL ST ,Ptlm. Chin,516,30-Aug-16,One-Way Trafficway,Dry,Daylight,Clear,Not a Collision Between Two Motor Vehicles in Transport,No,Traffic Control Signal,2,1,Complains Of Pain,3,41.82719,-71.40988
449809,2016-00086445,2016-08-30,3:27:00 PM,Bicycle,,1,,,1,WAITE ST,GENERAL ST ,David Harrington,276,30-Aug-16,"Two-Way , Not Divided",Dry,Daylight,Clear,Not a Collision Between Two Motor Vehicles in Transport,No,Stop Signs,3,0,No Injury,,41.85356,-71.4408
450145,2016-00086608,2016-08-30,11:09:00 PM,Pedestrian,1,,,,1,SOUTH WATER ST,WILLIAMS ST ,Robert Heaton,539,31-Aug-16,"Two-Way , Not Divided",Dry,Dark - Lighted,Clear,Other,"Yes, M/V and Driver Left Scene",No Controls,5,1,Incapacitating,2,41.82152,-71.40517
450264,2016-00086730,2016-08-31,10:43:00 AM,Pedestrian,1,,,,1,WASHINGTON ST,EMPIRE ST ,Jose Deschamps,419,31-Aug-16,"Two-Way, Divided, Unprotected (painted>4feet) Medium",Dry,Daylight,Clear,Not a Collision Between Two Motor Vehicles in Transport,No,No Controls,3,1,Complains Of Pain,,41.82182,-71.41645
450273,2016-00086776,2016-08-31,1:00:00 PM,Bicycle,,1,,,1,ABRAM ST,BRANCH AVE ,Fernando Lopez,156,31-Aug-16,"Two-Way , Not Divided",Dry,Daylight,Clear,Not a Collision Between Two Motor Vehicles in Transport,No,Other,2,1,Complains Of Pain,,41.85412,-71.4307
450504,2016-00086817,2016-08-31,3:33:00 PM,Bicycle,,1,,,1,broad st,FOSTER ST ,Alexa Levesque,248,31-Aug-16,"Two-Way , Not Divided",Dry,Daylight,Clear,Not a Collision Between Two Motor Vehicles in Transport,No,No Controls,3,1,Complains Of Pain,,41.81878,-71.41549
450509,2016-00086833,2016-08-31,4:07:00 PM,Bicycle,,1,,,1,157 WATERMAN STREET,,Donald Castigliego,287,31-Aug-16,One-Way Trafficway,Dry,Daylight,Clear,Not a Collision Between Two Motor Vehicles in Transport,No,No Controls,2,1,Complains Of Pain,,41.82762,-71.39503
450523,2016-00086856,2016-08-31,4:49:00 PM,Bicycle,,1,,,1,S WATER ST,POWER STREET,Donald Castigliego,287,31-Aug-16,One-Way Trafficway,Dry,Daylight,Clear,Not a Collision Between Two Motor Vehicles in Transport,No,Other,5,1,Non-Incapacitating,,41.82239,-71.40603
450852,2016-00087274,2016-09-01,8:28:00 PM,Bicycle,,1,,,1,CHALKSTONE AVE,CANTON ST ,KEN MATSUMOTO,348,1-Sep-16,"Two-Way , Not Divided",Dry,Dark - Lighted,Clear,Not a Collision Between Two Motor Vehicles in Transport,No,Stop Signs,3,1,Complains Of Pain,,41.8323,-71.4425
450909,2016-00087056,2016-09-01,8:33:00 AM,Bicycle,,1,,,1,ALEPPO ST,MANTON AVE ,Joseph Kane,544,2-Sep-16,"Two-Way, Divided, Unprotected (painted>4feet) Medium",Wet,Daylight,Rain,Angle (Front - to - Side) Right Angle (Includes Broadside),No,No Controls,3,1,Non-Incapacitating,,41.81968,-71.44739
451810,2016-00088053,2016-09-03,4:06:00 PM,Pedestrian,1,,,,1,ELMWOOD AVE,EXIT 17 ,Richard Mendez,288,3-Sep-16,One-Way Trafficway,Dry,Daylight,Clear,Not a Collision Between Two Motor Vehicles in Transport,"Yes, M/V and Driver Left Scene",Traffic Control Signal,2,1,Complains Of Pain,,41.78853,-71.42091
452267,2016-00088483,2016-09-04,4:02:00 PM,Other,,,,X,1,HARTFORD AV,IDA ST,Joseph Gallucci,503,4-Sep-16,"Two-Way , Not Divided",Dry,Daylight,Clear,Other,"Yes, M/V and Driver Left Scene",No Controls,3,1,Complains Of Pain,2,41.81835,-71.4574
452357,2016-00088627,2016-09-04,10:23:00 PM,Pedestrian,1,,,,1,MEMORIAL BLVD,FRANCIS ST,Robert Heaton,539,5-Sep-16,"Two-Way, Divided, Positive Median Barrier",Dry,Dark - Lighted,Clear,Other,"Yes, M/V and Driver Left Scene",Pavement Markings,5,1,Incapacitating,6,41.82582,-71.4151
453227,2016-00089285,2016-09-06,7:03:00 PM,Bicycle,,1,,,1,Dorrance st,PINE ST ,Alexa Levesque,248,6-Sep-16,"Two-Way , Not Divided",Wet,Daylight,Cloudy,Not a Collision Between Two Motor Vehicles in Transport,No,No Controls,3,1,Complains Of Pain,,41.82239,-71.4101
454138,2016-00089920,2016-09-08,4:16:00 PM,Pedestrian,1,,,,1,Hope St.,Cypress St.,Harrison Northup,232,8-Sep-16,"Two-Way , Not Divided",Dry,Daylight,Clear,Not a Collision Between Two Motor Vehicles in Transport,"Yes, M/V and Driver Left Scene",Traffic Control Signal,3,1,Non-Incapacitating,,41.84102,-71.39899
455626,2016-00091428,2016-09-12,7:37:00 AM,Pedestrian,1,,,,1,Hartford Ave,Bowlet Street,Joseph Kane,544,12-Sep-16,"Two-Way, Divided, Unprotected (painted>4feet) Medium",Dry,Daylight,Clear,Other,No,No Controls,4,1,Complains Of Pain,,41.81907,-71.46227
455693,2016-00091602,2016-09-12,4:06:00 PM,Bicycle,,1,,,1,POTTERS AVE,NINIGRET AVE ,Donald Castigliego,287,12-Sep-16,"Two-Way , Not Divided",Dry,Daylight,Clear,Not a Collision Between Two Motor Vehicles in Transport,No,No Controls,3,1,Complains Of Pain,,41.80466,-71.43675
455701,2016-00091634,2016-09-12,5:30:00 PM,Pedestrian,1,,,,1,Hartford Ave,HARTFORD AVE ,Louy Marroquin,218,12-Sep-16,"Two-Way , Not Divided",Dry,Daylight,Clear,Other,No,No Controls,4,1,Complains Of Pain,,41.81727,-71.44995
455890,2016-00091829,2016-09-13,8:53:00 AM,Bicycle,,1,,,1,FOUNTAIN ST,FRANCIS ST ,Fernando Lopez,156,13-Sep-16,One-Way Trafficway,Dry,Daylight,Clear,Not a Collision Between Two Motor Vehicles in Transport,No,Traffic Control Signal,5,1,Complains Of Pain,,41.82481,-71.41469
456214,2016-00092012,2016-09-13,4:54:00 PM,Pedestrian,1,,,,1,ANGELL ST,WAYLAND AVE ,Erik Breault,226,13-Sep-16,"Two-Way, Divided, Unprotected (painted>4feet) Medium",Dry,Daylight,Clear,Not a Collision Between Two Motor Vehicles in Transport,No,Traffic Control Signal,3,1,Incapacitating,,41.83015,-71.38792
456274,2016-00092170,2016-09-13,11:00:00 PM,Pedestrian,1,,,,1,webster ave,STERLING AVE ,Kristen Barth,247,14-Sep-16,"Two-Way , Not Divided",Dry,Dark - Lighted,Clear,Not a Collision Between Two Motor Vehicles in Transport,"Yes, M/V and Driver Left Scene",Stop Signs,1,1,Complains Of Pain,,41.81036,-71.44923
456353,2016-00092222,2016-09-14,8:54:00 AM,Pedestrian,1,,,,1,BROAD ST,JOHN PARTINGTON WAY,Alberto DaCruz,205,14-Sep-16,"Two-Way , Not Divided",Dry,Daylight,Clear,Not a Collision Between Two Motor Vehicles in Transport,No,Traffic Control Signal,2,0,No Injury,,41.81736,-71.41696
456508,2016-00092334,2016-09-14,2:59:00 PM,Pedestrian,1,,,,1,FRANCIS STREET,AMERICAN EXPRESS PLZ ,Leonel Pichs,615,14-Sep-16,"Two-Way, Divided, Unprotected (painted>4feet) Medium",Dry,Daylight,Clear,Angle (Front - to - Side) Right Angle (Includes Broadside),"Yes, M/V and Driver Left Scene",Traffic Control Signal,3,1,Complains Of Pain,,41.82741,-71.41541
456617,2016-00092426,2016-09-14,6:19:00 PM,Pedestrian,1,,,,1,N MAIN ST,N MAIN ST ,Glen Morgan,558,14-Sep-16,"Two-Way , Not Divided",Dry,Dusk,Clear,Angle - Direction Not Specified,No,No Controls,3,1,Complains Of Pain,,41.85331,-71.40104
456887,2016-00092487,2016-09-14,9:05:00 PM,Pedestrian,1,,,,1,MEMORIAL BLVD,COLLEGE ST ,Robert Heaton,539,14-Sep-16,"Two-Way, Divided, Unprotected (painted>4feet) Medium",Dry,Dark - Lighted,Clear,Other,No,Pavement Markings,4,1,Incapacitating,4,41.82538,-71.40886
457187,2016-00092843,2016-09-15,6:42:00 PM,Pedestrian,1,,,,1,STEUBEN ST,ANDERSON ST ,Juan Rodrigues,194,15-Sep-16,"Two-Way, Divided, Unprotected (painted>4feet) Medium",Dry,Daylight,Clear,"Sidwswipe, Opposite Direction","Yes, M/V and Driver Left Scene",No Controls,1,1,Non-Incapacitating,,41.82273,-71.45014
457394,2016-00092836,2016-09-15,6:25:00 PM,Pedestrian,1,,,,1,ORMS ST,STATE ST ,KEN MATSUMOTO,348,15-Sep-16,"Two-Way, Divided, Positive Median Barrier",Dry,Daylight,Clear,Not a Collision Between Two Motor Vehicles in Transport,No,No Controls,4,1,Fatal,4,41.83482,-71.4136
457812,2016-00093199,2016-09-16,5:07:00 PM,Pedestrian,1,,,,1,RIVER AVE,ADMIRAL ST ,David Harrington,276,16-Sep-16,"Two-Way , Not Divided",Dry,Daylight,Clear,Not a Collision Between Two Motor Vehicles in Transport,"Yes, M/V and Driver Left Scene",No Controls,1,1,Complains Of Pain,,41.8491,-71.43891
457940,2016-00093293,2016-09-16,9:14:00 PM,Bicycle,,1,,,1,Douglas Ave,Clym St,Michael Clary,269,16-Sep-16,"Two-Way , Not Divided",Dry,Dark - Lighted,Clear,Not a Collision Between Two Motor Vehicles in Transport,"Yes, M/V and Driver Left Scene",No Controls,1,1,Complains Of Pain,,41.84317,-71.42774
458434,2016-00093623,2016-09-17,4:41:00 PM,Bicycle,,1,,,1,53-55 CONGRESS AVE,CONGRESS AVE,Robert Heaton,539,17-Sep-16,"Two-Way , Not Divided",Dry,Daylight,Clear,Other,No,No Controls,5,1,Non-Incapacitating,,41.80035,-71.42024
458757,2016-00094101,2016-09-18,2:03:00 PM,Pedestrian,1,,,,1,ALLENS AVE,ALLENS AVE ,Amoroso/Castigliego,613,18-Sep-16,"Two-Way , Not Divided",Wet,Daylight,Cloudy,Not a Collision Between Two Motor Vehicles in Transport,No,No Controls,4,2,Fatal,,41.80652,-71.40295
459736,2016-00094466,2016-09-19,3:38:00 PM,Pedestrian,1,,,,1,smith st,DANFORTH ST ,Michael Moonan,286,19-Sep-16,"Two-Way , Not Divided",Wet,Daylight,Rain,Not a Collision Between Two Motor Vehicles in Transport,No,No Controls,3,1,Non-Incapacitating,,41.83557,-71.42652
460164,2016-00095111,2016-09-21,12:43:00 PM,Pedestrian,1,,,,1,930 Broad St,BROAD ST ,Ptlm. Chin,516,21-Sep-16,"Two-Way , Not Divided",Dry,Daylight,Clear,Not a Collision Between Two Motor Vehicles in Transport,"Yes, M/V and Driver Left Scene",No Controls,1,1,Complains Of Pain,3,41.79888,-71.4155
460379,2016-00095284,2016-09-21,7:37:00 PM,Bicycle,,1,,,1,WHITMARSH ST,ELMWOOD AVE,KEN MATSUMOTO,348,21-Sep-16,"Two-Way, Not Divided With a Continuous Left Turn Lane",Dry,Dark - Lighted,Clear,Not a Collision Between Two Motor Vehicles in Transport,No,Stop Signs,2,1,Complains Of Pain,,41.80596,-71.42507
461798,2016-00096754,2016-09-25,7:00:00 AM,Pedestrian,1,,,,1,SERVICE ROAD 7,PINE ST ,Fernando Lopez,156,25-Sep-16,"Two-Way , Not Divided",Dry,Daylight,Clear,Not a Collision Between Two Motor Vehicles in Transport,"Yes, M/V and Driver Left Scene",Traffic Control Signal,1,1,Complains Of Pain,,41.81735,-71.41694
463806,2016-00097993,2016-09-28,3:23:00 PM,Bicycle,,1,,,1,HOPE ST,ANGELL ST ,Scott Sousa,464,28-Sep-16,"Two-Way , Not Divided",Dry,Daylight,Cloudy,Head-On (Front - to - Front),No,No Controls,2,1,Complains Of Pain,,41.82847,-71.39756
463872,2016-00098074,2016-09-28,7:14:00 PM,Pedestrian,1,,,,1,HAWKINS ST,BRANCH AVE ,Donald Castigliego,287,28-Sep-16,"Two-Way , Not Divided",Wet,Dark - Lighted,Rain,Not a Collision Between Two Motor Vehicles in Transport,No,Traffic Control Signal,5,1,Complains Of Pain,2,41.8509,-71.42142
464027,2016-00098185,2016-09-29,7:52:00 AM,Pedestrian,2,,,,1,DEXTER ST,POTTERS AVE ,Ptlm. Chin,516,29-Sep-16,"Two-Way , Not Divided",Dry,Daylight,Cloudy,Not a Collision Between Two Motor Vehicles in Transport,No,No Controls,7,2,Incapacitating,2,41.80249,-71.43059
464122,2016-00098228,2016-09-29,11:07:00 AM,Pedestrian,1,,,,1,HAYES ST,PARK ST ,John Henderson,148,29-Sep-16,"Two-Way , Not Divided",Dry,Daylight,Cloudy,Other,No,No Controls,4,1,Non-Incapacitating,,41.82928,-71.41675
465041,2016-00098949,2016-10-01,1:25:00 PM,Pedestrian,1,,,,1,29 FORD ST,DEXTER ST ,Jose Deschamps,419,1-Oct-16,"Two-Way , Not Divided",Wet,Daylight,"Sleet, Hail (Freezing Rain or Drizzle)",Not a Collision Between Two Motor Vehicles in Transport,"Yes, M/V and Driver Left Scene",No Controls,2,1,Complains Of Pain,,41.80895,-71.42928
466867,2016-00100282,2016-10-05,11:05:00 AM,Bicycle,,1,,,1,Knight St,GRANT ST ,John Bento,329,5-Oct-16,"Two-Way , Not Divided",Dry,Daylight,Clear,Other,No,No Controls,3,0,No Injury,,41.81855,-71.42784
467881,2016-00101391,2016-10-08,12:50:00 PM,Bicycle,,1,,,1,POTTERS AVE,BAXTER ST ,Fernando Lopez,156,8-Oct-16,"Two-Way , Not Divided",Dry,Daylight,Clear,Not a Collision Between Two Motor Vehicles in Transport,No,No Controls,4,1,Complains Of Pain,,41.80343,-71.41698
468132,2016-00101571,2016-10-08,9:59:00 PM,Pedestrian,2,,,,1,Empire St,Washington St,Michael Clary,269,9-Oct-16,"Two-Way , Not Divided",Wet,Dark - Lighted,Rain,Not a Collision Between Two Motor Vehicles in Transport,"Yes, M/V and Driver Left Scene",Traffic Control Signal,5,2,Complains Of Pain,,41.8218,-71.41643
468214,2016-00101671,2016-10-09,2:13:00 AM,Pedestrian,1,,,,1,DEXTER ST,POTTERS AVE ,John Martin,186,9-Oct-16,"Two-Way , Not Divided",Wet,Dark - Lighted,Rain,Not a Collision Between Two Motor Vehicles in Transport,No,No Controls,3,1,Complains Of Pain,2,41.80249,-71.43059
469430,2016-00102422,2016-10-11,1:47:00 PM,Pedestrian,1,,,,1,250 Benefit St,HOPKINS ST ,Ptlm. Chin,516,11-Oct-16,"Two-Way , Not Divided",Dry,Daylight,Clear,Not a Collision Between Two Motor Vehicles in Transport,No,No Controls,3,1,Complains Of Pain,2,41.82566,-71.4066
469831,2016-00102730,2016-10-12,12:36:00 PM,Pedestrian,1,,,,1,BROAD STREET,BROAD ST ,Jared Stanzione,193,12-Oct-16,"Two-Way , Not Divided",Dry,Daylight,Clear,Not a Collision Between Two Motor Vehicles in Transport,No,Stop Signs,6,1,Complains Of Pain,,41.7969,-71.41305
470241,2016-00102844,2016-10-12,4:34:00 PM,Bicycle,,1,,,1,GREENWICH ST,BUCKLIN ST ,Adrian Francis,239,12-Oct-16,"Two-Way, Divided, Unprotected (painted>4feet) Medium",Dry,Daylight,Clear,Not a Collision Between Two Motor Vehicles in Transport,"Yes, M/V and Driver Left Scene",Stop Signs,1,1,Non-Incapacitating,,41.80232,-71.42768
470408,2016-00102968,2016-10-12,10:15:00 PM,Pedestrian,1,,,,1,70 Kennedy Plz,,Michael Clary,269,13-Oct-16,"Two-Way , Not Divided",Dry,Dark - Lighted,Clear,Not a Collision Between Two Motor Vehicles in Transport,"Yes, M/V and Driver Left Scene",No Controls,1,1,Complains Of Pain,,41.82506,-71.41108
474241,2016-00102848,2016-10-12,4:40:00 PM,Pedestrian,2,,,,1,HARTFORD AVE,HEATH ST,KEN MATSUMOTO,348,18-Oct-16,"Two-Way , Not Divided",Dry,Daylight,Clear,Not a Collision Between Two Motor Vehicles in Transport,"Yes, M/V and Driver Left Scene",Pavement Markings,4,2,Complains Of Pain,,41.81726,-71.4499
470582,2016-00103133,2016-10-13,12:36:00 PM,Bicycle,,,,,2,WATERMAN ST,COOKE ST ,Fernando Lopez,156,13-Oct-16,One-Way Trafficway,Dry,Daylight,Clear,Rear End(Front-to-Rear),No,No Controls,2,0,No Injury,,41.82761,-71.39576
470849,2016-00103238,2016-10-13,6:02:00 PM,Pedestrian,1,,,,1,638 Charles st,CHARLES ST ,Michael Moonan,286,13-Oct-16,"Two-Way , Not Divided",Dry,Daylight,Clear,Not a Collision Between Two Motor Vehicles in Transport,"Yes, M/V and Driver Left Scene",No Controls,1,1,Complains Of Pain,,41.85402,-71.42056
471210,2016-00103487,2016-10-14,1:36:00 PM,Bicycle,,1,,,1,825 Chalkstone Ave ,ROSEBANK AVE ,Ptlm. Chin,516,14-Oct-16,"Two-Way , Not Divided",Dry,Daylight,Clear,Not a Collision Between Two Motor Vehicles in Transport,"Yes, M/V and Driver Left Scene",No Controls,1,1,Complains Of Pain,2,41.83396,-71.43458