CrashReportId,ReportNumber,CrashDate,CrashTime,Collision Type,CountPedestrian,CountBicycle,Scooter,Wheel Chair,NumberofVehicles,StreetOrHighway,NearestIntersection,Officer,Badge,ReportDate,TypeOfRoadway,RoadSurfaceCondition,LightCondition,WeatherCondition,MannerofImpact,HitAndRun,TrafficControl,PersonCount,InjuryCount,MostSeriousInjury,NumberOfLanes,Latitude,Longitude
532510,2017-00013401,2017-02-12,10:39:00 AM,Pedestrian,1,,,,1,850 MANTON AVE,,KEN MATSUMOTO,348,12-Feb-17,Unknown,Slush,Daylight,Cloudy,Not a Collision Between Two Motor Vehicles in Transport,No,No Controls,5,1,Non-Incapacitating,,41.83391,-71.46728
533947,2017-00014114,2017-02-14,4:25:00 PM,Pedestrian,1,,,,1,Dean st,ATWELLS AVE ,Alexa Levesque,248,14-Feb-17,"Two-Way , Not Divided",Dry,Daylight,Clear,Other,No,No Controls,3,1,Non-Incapacitating,,41.82332,-71.42413
533969,2017-00014101,2017-02-14,4:28:00 PM,Pedestrian,1,,,,1,WESTMINSTER ST,TOBEY ST ,Donald Castigliego,287,14-Feb-17,"Two-Way , Not Divided",Dry,Daylight,Clear,Not a Collision Between Two Motor Vehicles in Transport,No,No Controls,3,1,Non-Incapacitating,,41.81617,-71.43472
533979,2017-00014150,2017-02-14,6:28:00 PM,Pedestrian,1,,,,1,SUPERIOR ST,CRANSTON ST ,Troy Lambert,413,14-Feb-17,"Two-Way , Not Divided",Slush,Dark - Lighted,Clear,Not a Collision Between Two Motor Vehicles in Transport,"Yes, M/V and Driver Left Scene",No Controls,2,1,Complains Of Pain,,41.81042,-71.43262
534617,2017-00014438,2017-02-15,5:43:00 PM,Pedestrian,1,,,,1,SILVER SPRING ST,BISMARK ST ,Donald Castigliego,287,15-Feb-17,"Two-Way , Not Divided",Wet,Dark - Lighted,Cloudy,Not a Collision Between Two Motor Vehicles in Transport,No,No Controls,5,1,Incapacitating,,41.85441,-71.41203
535255,2017-00014903,2017-02-17,7:58:00 AM,Pedestrian,1,,,,1,BARTON ST,WESTMINSTER ST ,KEN MATSUMOTO,348,17-Feb-17,"Two-Way , Not Divided",Dry,Daylight,Clear,Not a Collision Between Two Motor Vehicles in Transport,No,No Controls,4,1,Complains Of Pain,2,41.81677,-71.43675
537110,2017-00015898,2017-02-20,7:48:00 AM,Pedestrian,1,,,,1,48 OLIVE ST,,Fernando Lopez,156,20-Feb-17,Unknown,Dry,Daylight,Clear,Not a Collision Between Two Motor Vehicles in Transport,No,No Controls,3,1,Complains Of Pain,,41.82841,-71.40207
537384,2017-00016108,2017-02-20,10:11:00 PM,Pedestrian,1,,,,1,CANAL ST,SMITH ST ,Donald Castigliego,287,21-Feb-17,One-Way Trafficway,Dry,Dark - Lighted,Clear,Not a Collision Between Two Motor Vehicles in Transport,"Yes, M/V and Driver Left Scene",Traffic Control Signal,3,1,Complains Of Pain,,41.8314,-71.41134
538024,2017-00016586,2017-02-22,3:13:00 PM,Pedestrian,1,,,,1,BROADWAY,DE PASQUALE AVE ,Brittany Boudreau,236,22-Feb-17,"Two-Way, Divided, Unprotected (painted>4feet) Medium",Dry,Daylight,Clear,Not a Collision Between Two Motor Vehicles in Transport,No,No Controls,2,1,Complains Of Pain,,41.82077,-71.42526
538035,2017-00016611,2017-02-22,4:09:00 PM,Pedestrian,1,,,,1,BROAD ST,ROGER WILLIAMS PARK,Jose Deschamps,419,22-Feb-17,"Two-Way, Divided, Unprotected (painted>4feet) Medium",Dry,Daylight,Clear,Not a Collision Between Two Motor Vehicles in Transport,"Yes, M/V and Driver Left Scene",Traffic Control Signal,3,1,Complains Of Pain,,41.8133,-71.42185
538398,2017-00016827,2017-02-23,9:23:00 AM,Bicycle,,1,,,1,BRANCH AVE,N MAIN ST ,Richard Mills,424,23-Feb-17,"Two-Way , Not Divided",Dry,Daylight,Clear,Not a Collision Between Two Motor Vehicles in Transport,No,Traffic Control Signal,2,0,No Injury,,41.84199,-71.40798
538515,2017-00016935,2017-02-23,3:05:00 PM,Bicycle,,1,,,1,859 North Main St.,,Harrison Northup,232,23-Feb-17,"Two-Way, Divided, Positive Median Barrier",Dry,Daylight,Clear,Not a Collision Between Two Motor Vehicles in Transport,"Yes, M/V and Driver Left Scene",No Controls,3,1,Complains Of Pain,,41.84376,-71.40679
538783,2017-00017302,2017-02-24,2:48:00 PM,Pedestrian,1,,,,1,ELMWOOD AVE,BROAD ST ,Trent Hastings,326,24-Feb-17,"Two-Way , Not Divided",Dry,Daylight,Clear,Not a Collision Between Two Motor Vehicles in Transport,No,Traffic Control Signal,3,1,Complains Of Pain,,41.813,-71.42203
539713,2017-00018245,2017-02-27,8:08:00 AM,Pedestrian,1,,,,1,BROADWAY,KNIGHT ST ,Fernando Lopez,156,27-Feb-17,"Two-Way , Not Divided",Dry,Daylight,Clear,Not a Collision Between Two Motor Vehicles in Transport,No,Traffic Control Signal,7,1,Complains Of Pain,,41.8198,-71.42936
540168,2017-00018561,2017-02-28,8:00:00 AM,Pedestrian,1,,,,1,SMITHFIELD AVE,NELLIE ST ,Fernando Lopez,156,28-Feb-17,"Two-Way , Not Divided",Dry,Daylight,Clear,Not a Collision Between Two Motor Vehicles in Transport,No,No Controls,2,1,Complains Of Pain,,41.85759,-71.41084
540331,2017-00018701,2017-02-28,6:04:00 PM,Pedestrian,1,,,,1,ADMIRAL ST,DURHAM ST ,Trent Hastings,326,28-Feb-17,"Two-Way , Not Divided",Dry,Dark - Lighted,Cloudy,Not a Collision Between Two Motor Vehicles in Transport,No,No Controls,2,1,Complains Of Pain,,41.84788,-71.43576
541589,2017-00019721,2017-03-03,9:25:00 PM,Pedestrian,1,,,,1,2 SACKETT ST,,MICHAEL R. TROIA / TRAFFIC BUREAU,331,3-Mar-17,"Two-Way , Not Divided",Dry,Dark - Lighted,Clear,Not a Collision Between Two Motor Vehicles in Transport,No,No Controls,2,1,Complains Of Pain,2,41.79611,-71.41228
541776,2017-00019999,2017-03-04,7:53:00 PM,Pedestrian,1,,,,1,847 BROAD ST,,Donald Castigliego,287,4-Mar-17,"Two-Way , Not Divided",Dry,Dark - Lighted,Clear,Not a Collision Between Two Motor Vehicles in Transport,"Yes, M/V and Driver Left Scene",No Controls,1,1,Complains Of Pain,,41.80094,-71.41796
543757,2017-00021314,2017-03-09,7:24:00 AM,Pedestrian,1,,,,1,MEETING ST,HOPE ST ,KEN MATSUMOTO,348,9-Mar-17,"Two-Way , Not Divided",Dry,Daylight,Clear,Not a Collision Between Two Motor Vehicles in Transport,"Yes, M/V and Driver Left Scene",Person,2,0,No Injury,,41.82936,-71.39816
544271,2017-00021558,2017-03-09,7:45:00 PM,Pedestrian,1,,,,1,HAWKINS ST,ADMIRAL ST ,MICHAEL R. TROIA / TRAFFIC BUREAU,331,9-Mar-17,"Two-Way , Not Divided",Dry,Dark - Lighted,Clear,Not a Collision Between Two Motor Vehicles in Transport,No,Stop Signs,2,1,Complains Of Pain,2,41.84594,-71.42837
545647,2017-00022682,2017-03-13,2:56:00 PM,Pedestrian,1,,,,1,BROAD ST,SUMTER ST,MICHAEL R. TROIA / TRAFFIC BUREAU,331,13-Mar-17,"Two-Way , Not Divided",Dry,Daylight,Clear,Not a Collision Between Two Motor Vehicles in Transport,No,No Controls,2,1,Complains Of Pain,2,41.79775,-71.41413
547416,2017-00024175,2017-03-17,8:33:00 PM,Pedestrian,1,,,,1,Francis St,,Michael Clary,269,17-Mar-17,"Two-Way , Not Divided",Dry,Dark - Lighted,Clear,Not a Collision Between Two Motor Vehicles in Transport,"Yes, M/V and Driver Left Scene",No Controls,2,1,Complains Of Pain,,41.8309,-71.41638
547480,2017-00024262,2017-03-18,1:06:00 AM,Pedestrian,1,,,,1,ELMWOOD AVE,HEMPSTEAD ST ,Daniel Hernandez,255,18-Mar-17,"Two-Way, Divided, Unprotected (painted>4feet) Medium",Dry,Dark - Lighted,Clear,Angle (Front - to - Side) Opposite Direction,"Yes, M/V and Driver Left Scene",No Controls,1,1,Complains Of Pain,,41.78987,-71.42175
548223,2017-00002480,2017-03-18,8:20:00 PM,Pedestrian,1,,,,1,Charles St.,Randall St.,Harrison Northup,232,19-Mar-17,One-Way Trafficway,Dry,Dark - Lighted,Clear,Not a Collision Between Two Motor Vehicles in Transport,"Yes, M/V and Driver Left Scene",No Controls,1,1,Complains Of Pain,,41.83665,-71.41272
549708,2017-00025750,2017-03-22,8:57:00 AM,Pedestrian,1,,,,1,PLAIN ST,PUBLIC ST ,Edwin Kemble,364,22-Mar-17,"Two-Way , Not Divided",Dry,Daylight,Clear,Not a Collision Between Two Motor Vehicles in Transport,"Yes, M/V and Driver Left Scene",Stop Signs,3,1,Complains Of Pain,,41.80665,-71.40997
550352,2017-00026135,2017-03-23,12:05:00 PM,Pedestrian,1,,,,1,BROAD ST,HARVARD AVE,Jose Deschamps,419,23-Mar-17,"Two-Way , Not Divided",Dry,Daylight,Clear,Not a Collision Between Two Motor Vehicles in Transport,No,No Controls,3,1,Complains Of Pain,,41.80867,-71.4207
550717,2017-00026520,2017-03-24,1:35:00 PM,Pedestrian,1,,,,1,FLOWER ST,WHELAN ST,Jose Deschamps,419,24-Mar-17,"Two-Way , Not Divided",Wet,Daylight,"Sleet, Hail (Freezing Rain or Drizzle)",Not a Collision Between Two Motor Vehicles in Transport,No,No Controls,2,1,Complains Of Pain,,41.83921,-71.43712
551314,2017-00027318,2017-03-26,9:02:00 PM,Pedestrian,1,,,,1,ADMIRAL ST,GRAPE ST ,Trent Hastings,326,26-Mar-17,"Two-Way , Not Divided",Wet,Dark - Lighted,Cloudy,Not a Collision Between Two Motor Vehicles in Transport,No,No Controls,3,1,Complains Of Pain,,41.84625,-71.43011
552934,2017-00028382,2017-03-30,8:03:00 AM,Bicycle,,1,,,1,ACADEMY AVE,WHITFORD AVE ,Fernando Lopez,156,30-Mar-17,"Two-Way , Not Divided",Dry,Daylight,Clear,Not a Collision Between Two Motor Vehicles in Transport,No,Stop Signs,3,1,Complains Of Pain,,41.83897,-71.44487
553543,2017-00028891,2017-03-31,3:10:00 PM,Pedestrian,1,,,,1,PUBLIC ST,OCEAN ST ,Jose Deschamps,419,31-Mar-17,"Two-Way, Divided, Unprotected (painted>4feet) Medium",Wet,Daylight,Rain,Not a Collision Between Two Motor Vehicles in Transport,No,No Controls,4,1,Complains Of Pain,,41.80623,-71.41188
553643,2017-00029008,2017-03-31,10:34:00 PM,Pedestrian,1,,,,1, Elmwood Ave,Princeton Ave,Michael Clary,269,1-Apr-17,"Two-Way , Not Divided",Wet,Dark - Lighted,Rain,Not a Collision Between Two Motor Vehicles in Transport,"Yes, M/V and Driver Left Scene",Pavement Markings,1,1,Complains Of Pain,,41.80542,-71.42521
553984,2017-00029162,2017-04-01,12:25:00 PM,Pedestrian,1,,,,1,CHALKSTONE AVE,ACADEMY AVE ,Richard Ramirez,338,1-Apr-17,"Two-Way, Divided, Unprotected (painted>4feet) Medium",Wet,Daylight,"Sleet, Hail (Freezing Rain or Drizzle)",Not a Collision Between Two Motor Vehicles in Transport,"Yes, M/V and Driver Left Scene",Traffic Control Signal,4,1,Complains Of Pain,2,41.83245,-71.44453
554144,2017-00029285,2017-04-01,8:55:00 PM,Pedestrian,1,,,,1,MEMORIAL BLVD,EXCHANGE ST ,Kenneth Demarco,176,1-Apr-17,"Two-Way , Not Divided",Dry,Dark - Lighted,Cloudy,Not a Collision Between Two Motor Vehicles in Transport,No,Traffic Control Signal,4,1,Incapacitating,,41.8268,-71.41207
554764,2017-00029897,2017-04-03,3:54:00 PM,Pedestrian,2,,,,1,BRIDGHAM ST,ELMWOOD AVE ,Donald Castigliego,287,3-Apr-17,"Two-Way , Not Divided",Dry,Daylight,Clear,Not a Collision Between Two Motor Vehicles in Transport,"Yes, M/V and Driver Left Scene",Traffic Control Signal,2,2,Complains Of Pain,,41.81277,-71.42218
554767,2017-00029902,2017-04-03,4:11:00 PM,Pedestrian,1,,,,1,PRAIRIE AVE,POTTERS AVE ,John Benros,481,3-Apr-17,"Two-Way , Not Divided",Dry,Daylight,Clear,Not a Collision Between Two Motor Vehicles in Transport,No,No Controls,3,1,Complains Of Pain,,41.80375,-71.41406
556651,2017-00031275,2017-04-07,8:09:00 PM,Pedestrian,1,,,,1,100 LAURA ST,HAMILTON ST ,Trent Hastings,326,7-Apr-17,"Two-Way , Not Divided",Dry,Dark - Lighted,Clear,Not a Collision Between Two Motor Vehicles in Transport,No,No Controls,2,1,Complains Of Pain,,41.80116,-71.42243
556707,2017-00031398,2017-04-08,2:09:00 AM,Pedestrian,1,,,,1,CRANSTON ST,PARADE ST ,Isaiah Nerney,15636,8-Apr-17,"Two-Way , Not Divided",Dry,Dark - Lighted,Clear,Not a Collision Between Two Motor Vehicles in Transport,"Yes, M/V and Driver Left Scene",Unknown,1,1,Complains Of Pain,,41.8118,-71.43114
556790,2017-00031646,2017-04-08,5:50:00 PM,Pedestrian,1,,,,1,SABIN ST,W EXCHANGE ST,MICHAEL R. TROIA / TRAFFIC BUREAU,331,8-Apr-17,One-Way Trafficway,Dry,Daylight,Clear,Not a Collision Between Two Motor Vehicles in Transport,No,No Controls,3,1,Complains Of Pain,3,41.82462,-71.41556
557105,2017-00032023,2017-04-09,3:23:00 PM,Bicycle,,1,,,1,BATTEY ST,WASHINGTON ST ,Donald Castigliego,287,9-Apr-17,"Two-Way , Not Divided",Dry,Daylight,Clear,Not a Collision Between Two Motor Vehicles in Transport,No,Stop Signs,3,1,Complains Of Pain,,41.81794,-71.42472
557829,2017-00032785,2017-04-11,2:31:00 PM,Pedestrian,1,,,,1,Pitman St,E GEORGE ST ,Noel Field,260,11-Apr-17,One-Way Trafficway,Dry,Daylight,Clear,Not a Collision Between Two Motor Vehicles in Transport,No,No Controls,5,1,Complains Of Pain,,41.8268,-71.38731
558143,2017-00033138,2017-04-12,11:17:00 AM,Pedestrian,1,,,,1,THOMAS ST,ANGELL ST ,KEN MATSUMOTO,348,12-Apr-17,One-Way Trafficway,Dry,Daylight,Clear,Not a Collision Between Two Motor Vehicles in Transport,No,Traffic Control Signal,2,1,Complains Of Pain,,41.82751,-71.40765
558315,2017-00033213,2017-04-12,2:58:00 PM,Pedestrian,1,,,,1,FELIX ST,CHALKSTONE AVE ,Trent Hastings,326,12-Apr-17,"Two-Way , Not Divided",Dry,Daylight,Clear,Not a Collision Between Two Motor Vehicles in Transport,No,Stop Signs,3,1,Complains Of Pain,,41.83457,-71.42839
558422,2017-00033372,2017-04-12,8:30:00 PM,Pedestrian,1,,,,1,ELMWOOD AVE,PARKIS AVE ,Robert Heaton,539,12-Apr-17,"Two-Way , Not Divided",Dry,Dark - Lighted,Clear,Other,"Yes, M/V and Driver Left Scene",Unknown,2,1,Complains Of Pain,4,41.80913,-71.42451
558762,2017-00033823,2017-04-14,12:09:00 AM,Pedestrian,1,,,,1,MEMORIAL BLVD,WASHINGTON ST ,Robert Heaton,539,14-Apr-17,"Two-Way, Divided, Positive Median Barrier",Dry,Dark - Lighted,Clear,Other,No,Traffic Control Signal,2,1,Non-Incapacitating,4,41.8263,-71.41009
559294,2017-00034386,2017-04-15,12:47:00 PM,Pedestrian,1,,,,1,E GEORGE ST,IVES ST ,William Hutchinson,391,15-Apr-17,"Two-Way , Not Divided",Dry,Daylight,Clear,Other,No,Stop Signs,3,1,Complains Of Pain,,41.82567,-71.39262
559491,2017-00034441,2017-04-15,3:15:00 PM,Bicycle,,1,,,1,Valley St,BARSTOW ST ,Juan Rodrigues,194,15-Apr-17,"Two-Way, Divided, Unprotected (painted>4feet) Medium",Dry,Daylight,Clear,Not a Collision Between Two Motor Vehicles in Transport,No,No Controls,2,0,No Injury,,41.82406,-71.43959
559728,2017-00034792,2017-04-16,12:55:00 PM,Bicycle,,1,,,1,HILLCREST AVE,CHALKSTONE AVE ,Jose Deschamps,419,16-Apr-17,"Two-Way, Divided, Unprotected (painted>4feet) Medium",Dry,Daylight,Clear,Not a Collision Between Two Motor Vehicles in Transport,No,Stop Signs,2,1,Complains Of Pain,,41.83289,-71.45858
559787,2017-00034855,2017-04-16,5:07:00 PM,Bicycle,,1,,,1,EARLY ST,BROAD ST ,Donald Castigliego,287,16-Apr-17,"Two-Way , Not Divided",Dry,Daylight,Clear,Not a Collision Between Two Motor Vehicles in Transport,"Yes, M/V and Driver Left Scene",No Controls,1,1,Complains Of Pain,,41.79547,-71.41127
560145,2017-00035314,2017-04-17,6:47:00 PM,Pedestrian,1,,X,,1,Branch Avenue,RT 146 South Exit Ramp,Matthew Nadeau,271,17-Apr-17,"Two-Way, Divided, Unprotected (painted>4feet) Medium",Dry,Dusk,Clear,Not a Collision Between Two Motor Vehicles in Transport,No,Traffic Control Signal,3,0,No Injury,,41.85338,-71.42771
560537,2017-00035722,2017-04-18,7:57:00 PM,Bicycle,,1,,,1,COLLEGE ST,COLLEGE ST ,Trent Hastings,326,18-Apr-17,"Two-Way , Not Divided",Dry,Dark - Lighted,Clear,Not a Collision Between Two Motor Vehicles in Transport,No,Traffic Control Signal,2,1,Complains Of Pain,,41.82564,-71.40785
560650,2017-00035958,2017-04-19,2:13:00 PM,Pedestrian,1,,,,1,PENNSYLVANIA AVE,PRAIRIE AVE ,KEN MATSUMOTO,348,19-Apr-17,"Two-Way , Not Divided",Dry,Daylight,Clear,Not a Collision Between Two Motor Vehicles in Transport,"Yes, M/V and Driver Left Scene",Stop Signs,2,1,Non-Incapacitating,,41.79785,-71.41152
561942,2017-00037215,2017-04-23,1:01:00 PM,Pedestrian,1,,,,1,SMITH ST,HUXLEY AVE ,Fernando Lopez,156,23-Apr-17,"Two-Way , Not Divided",Dry,Daylight,Clear,Not a Collision Between Two Motor Vehicles in Transport,No,No Controls,3,1,Complains Of Pain,,41.83783,-71.43405
563003,2017-00037957,2017-04-25,6:35:00 PM,Pedestrian,1,,,,1,ACADEMY AVE,CHALKSTONE AVE ,Trent Hastings,326,25-Apr-17,"Two-Way , Not Divided",Wet,Daylight,Rain,Not a Collision Between Two Motor Vehicles in Transport,No,Traffic Control Signal,3,1,Complains Of Pain,,41.83243,-71.44453
563569,2017-00038664,2017-04-28,12:51:00 AM,Pedestrian,1,,,,1,STONELAW AVE,SHARON ST ,Robert Heaton,539,28-Apr-17,"Two-Way , Not Divided",Dry,Dark - Lighted,Cloudy,Other,No,No Controls,3,0,No Injury,2,41.84682,-71.44274
563645,2017-00038854,2017-04-28,2:40:00 PM,Pedestrian,1,,X,,1,MANTON AVE,FRUIT HILL AVE ,KEN MATSUMOTO,348,28-Apr-17,"Two-Way , Not Divided",Dry,Daylight,Clear,Not a Collision Between Two Motor Vehicles in Transport,No,Traffic Control Signal,3,0,No Injury,,41.83388,-71.46783
564089,2017-00039369,2017-04-29,4:22:00 PM,Pedestrian,1,,,,1,895 ELMWOOD AVENUE,,Donald Castigliego,287,29-Apr-17,"Two-Way , Not Divided",Dry,Daylight,Clear,Not a Collision Between Two Motor Vehicles in Transport,No,No Controls,4,1,Non-Incapacitating,,41.7882,-71.42084
564319,2017-00039723,2017-04-30,11:53:00 AM,Pedestrian,1,,,,1,CRANSTON ST,HARRISON ST ,KEN MATSUMOTO,348,30-Apr-17,"Two-Way , Not Divided",Dry,Daylight,Clear,Not a Collision Between Two Motor Vehicles in Transport,No,Stop Signs,3,1,Complains Of Pain,,41.81305,-71.42872
564705,2017-00040060,2017-05-01,12:07:00 PM,Bicycle,,1,,,1,GROVE ST,VINTON ST ,KEN MATSUMOTO,348,1-May-17,One-Way Trafficway,Dry,Daylight,Clear,Not a Collision Between Two Motor Vehicles in Transport,"Yes, M/V and Driver Left Scene",No Controls,3,1,Complains Of Pain,,41.82075,-71.42856
565279,2017-00040492,2017-05-02,4:42:00 PM,Bicycle,,1,,,1,MANTON AVE,Unit St,Juan Rodrigues,194,2-May-17,"Two-Way, Divided, Unprotected (painted>4feet) Medium",Dry,Daylight,Clear,Angle (Front - to - Side) Right Angle (Includes Broadside),No,No Controls,2,1,Complains Of Pain,,41.82538,-71.45468
566153,2017-00041212,2017-05-04,5:37:00 PM,Pedestrian,1,,,,1,MANTON AVE,PALFREY PL ,Robert Carlin,309,4-May-17,"Two-Way , Not Divided",Dry,Daylight,Clear,Other,"Yes, M/V and Driver Left Scene",Traffic Control Signal,2,1,Complains Of Pain,,41.83389,-71.4677
566337,2017-00041315,2017-05-05,12:08:00 AM,Bicycle,,1,,,1,CRANSTON ST,POTTERS AVE ,Ryan Fedo,210,5-May-17,"Two-Way, Divided, Unprotected (painted>4feet) Medium",Dry,Dark - Lighted,Clear,Not a Collision Between Two Motor Vehicles in Transport,No,No Controls,3,1,Non-Incapacitating,,41.80505,-71.43778
566566,2017-00041486,2017-05-05,2:59:00 PM,Pedestrian,1,,,,1,DOUGLAS AVE,EATON ST ,Donald Castigliego,287,5-May-17,"Two-Way , Not Divided",Wet,Daylight,Rain,Not a Collision Between Two Motor Vehicles in Transport,"Yes, M/V and Driver Left Scene",No Controls,1,1,Complains Of Pain,,41.84099,-71.4273
567253,2017-00422375,2017-05-07,6:42:00 PM,Pedestrian,1,,,,1,15 CLEMATIS ST,CHALKSTONE AVE ,Trent Hastings,326,7-May-17,"Two-Way , Not Divided",Dry,Daylight,Clear,Not a Collision Between Two Motor Vehicles in Transport,No,No Controls,3,1,Complains Of Pain,,41.83303,-71.4459
567341,2017-00042111,2017-05-07,12:01:00 AM,Bicycle,,1,,,1,BROADWAY,COURTLAND ST ,Robert Heaton,539,7-May-17,"Two-Way , Not Divided",Wet,Dark - Lighted,Cloudy,Other,"Yes, M/V and Driver Left Scene",No Controls,2,1,Complains Of Pain,2,41.81936,-71.43122
567889,2017-00043195,2017-05-10,8:59:00 AM,Pedestrian,1,,,,1,PUBLIC ST,PRAIRIE AVE ,Jose Deschamps,419,10-May-17,"Two-Way, Divided, Unprotected (painted>4feet) Medium",Dry,Daylight,Clear,Not a Collision Between Two Motor Vehicles in Transport,"Yes, M/V and Driver Left Scene",Traffic Control Signal,5,1,Incapacitating,,41.80556,-71.41481
567996,2017-00043282,2017-05-10,2:16:00 PM,Pedestrian,1,,,,1,DEAN ST,W FOUNTAIN ST ,KEN MATSUMOTO,348,10-May-17,"Two-Way , Not Divided",Dry,Daylight,Cloudy,Not a Collision Between Two Motor Vehicles in Transport,No,Pavement Markings,2,1,Complains Of Pain,,41.81955,-71.42104
568407,2017-00043465,2017-05-10,11:06:00 PM,Pedestrian,1,,,,1,VALLEY ST,DEAN ST ,Kyle Richards,209,11-May-17,"Two-Way, Divided, Unprotected (painted>4feet) Medium",Dry,Dark - Lighted,Clear,Not a Collision Between Two Motor Vehicles in Transport,No,Traffic Control Signal,2,1,Non-Incapacitating,,41.83149,-71.42836
569842,2017-00044141,2017-05-12,9:27:00 PM,Pedestrian,1,,,,1,375 Plainfield St,,Michael Clary,269,12-May-17,"Two-Way , Not Divided",Dry,Dark - Lighted,Clear,Not a Collision Between Two Motor Vehicles in Transport,No,No Controls,2,1,Complains Of Pain,,41.81377,-71.44875
570185,2017-00044393,2017-05-13,1:06:00 PM,Bicycle,,1,,,1,cranston st,wendell st,Albert Deschamps,527,16-May-17,"Two-Way , Not Divided",Dry,Daylight,Cloudy,Not a Collision Between Two Motor Vehicles in Transport,No,No Controls,2,0,No Injury,,41.80938,-71.42439
569919,2017-00045017,2017-05-15,10:59:00 AM,Pedestrian,1,,,,1,635 ELMWOOD AVE,,MICHAEL R. TROIA / TRAFFIC BUREAU,331,15-May-17,"Two-Way, Divided, Positive Median Barrier",Wet,Daylight,Rain,Not a Collision Between Two Motor Vehicles in Transport,No,No Controls,4,1,Complains Of Pain,4,41.79479,-71.4245
569971,2017-00045106,2017-05-15,3:30:00 PM,Bicycle,,1,,,1,GALLUP ST,GORDON AVE ,Donald Castigliego,287,15-May-17,"Two-Way , Not Divided",Dry,Daylight,Cloudy,Not a Collision Between Two Motor Vehicles in Transport,No,Stop Signs,3,1,Complains Of Pain,,41.79971,-71.41403
570432,2017-00045458,2017-05-16,2:23:00 PM,Pedestrian,1,,,,1,DUTTON ST,ATWELLS AVE ,Brian Ramos,285,16-May-17,"Two-Way , Not Divided",Dry,Daylight,Clear,Not a Collision Between Two Motor Vehicles in Transport,"Yes, M/V and Driver Left Scene",No Controls,1,1,Complains Of Pain,,41.82558,-71.45317
570503,2017-00045543,2017-05-16,5:47:00 PM,Pedestrian,1,,,,1,BROAD ST,CLAVERICK ST ,Donald Castigliego,287,16-May-17,"Two-Way , Not Divided",Dry,Daylight,Clear,Not a Collision Between Two Motor Vehicles in Transport,No,Traffic Control Signal,7,1,Complains Of Pain,,41.81938,-71.41493
570932,2017-00046131,2017-05-18,7:57:00 AM,Pedestrian,1,,,,1,ATWELLS AVE,VALLEY ST ,Jose Deschamps,419,18-May-17,"Two-Way, Divided, Unprotected (painted>4feet) Medium",Dry,Daylight,Clear,Not a Collision Between Two Motor Vehicles in Transport,No,Traffic Control Signal,2,0,No Injury,,41.82456,-71.43948
571007,2017-00046231,2017-05-18,1:00:00 PM,Bicycle,,1,,,1,DOUGLAS AVE,LUBEC ST,Jose Deschamps,419,18-May-17,"Two-Way, Divided, Unprotected (painted>4feet) Medium",Dry,Daylight,Clear,Not a Collision Between Two Motor Vehicles in Transport,No,No Controls,2,1,Complains Of Pain,,41.84258,-71.44515
571177,2017-00046289,2017-05-18,3:38:00 PM,Pedestrian,1,,,,1,RICHMOND ST,POINT ST ,Trent Hastings,326,18-May-17,"Two-Way , Not Divided",Dry,Daylight,Clear,Not a Collision Between Two Motor Vehicles in Transport,No,Traffic Control Signal,3,1,Complains Of Pain,,41.81657,-71.40728
571646,2017-00046724,2017-05-19,3:16:00 PM,Bicycle,,1,,,1,WESTMINSTER ST,DEXTER ST ,Richard Mendez,288,19-May-17,"Two-Way , Not Divided",Dry,Daylight,Clear,Not a Collision Between Two Motor Vehicles in Transport,"Yes, M/V and Driver Left Scene",Pavement Markings,1,0,No Injury,,41.81659,-71.43134
572160,2017-00046682,2017-05-19,1:23:00 PM,Bicycle,,,,,2,I 95 N,DOUGLAS AVE ,Cynthia Rodriguez,693,19-May-17,"Two-Way , Not Divided",Dry,Daylight,Clear,Angle (Front - to - Side) Same Direction,"Yes, M/V and Driver Left Scene",No Controls,1,0,No Injury,,41.8347,-71.41607
572355,2017-00047503,2017-05-21,3:47:00 AM,Pedestrian,1,,,,1,BROAD ST,SOMERSET ST ,Robert Heaton,539,21-May-17,"Two-Way , Not Divided",Dry,Dark - Lighted,Clear,Other,"Yes, M/V and Driver Left Scene",No Controls,3,1,Incapacitating,2,41.81373,-71.42156
573119,2017-00048018,2017-05-22,3:40:00 PM,Pedestrian,1,,,,1,SMITH ST,CHALKSTONE AVE ,Trent Hastings,326,22-May-17,"Two-Way , Not Divided",Dry,Daylight,Rain,Not a Collision Between Two Motor Vehicles in Transport,No,No Controls,3,1,Complains Of Pain,,41.83521,-71.42565
573133,2017-00047998,2017-05-22,3:03:00 PM,Pedestrian,1,,,,1,UNION AVE,SORRENTO ST ,Adrian Francis,239,22-May-17,"Two-Way, Divided, Unprotected (painted>4feet) Medium",Wet,Daylight,Cloudy,Not a Collision Between Two Motor Vehicles in Transport,No,No Controls,2,1,Non-Incapacitating,,41.81003,-71.4355