CrashReportId,ReportNumber,CrashDate,CrashTime,Collision Type,CountPedestrian,CountBicycle,Scooter,Wheel Chair,NumberofVehicles,StreetOrHighway,NearestIntersection,Officer,Badge,ReportDate,TypeOfRoadway,RoadSurfaceCondition,LightCondition,WeatherCondition,MannerofImpact,HitAndRun,TrafficControl,PersonCount,InjuryCount,MostSeriousInjury,NumberOfLanes,Latitude,Longitude
574021,2017-00049066,2017-05-25,1:24:00 PM,Pedestrian,1,,,,1,ATWELLS AVE,VALLEY ST ,Raymond King,633,25-May-17,"Two-Way , Not Divided",Wet,Daylight,Rain,Not a Collision Between Two Motor Vehicles in Transport,No,Traffic Control Signal,4,1,Complains Of Pain,2,41.82456,-71.43949
575796,2017-00050760,2017-05-29,9:01:00 PM,Pedestrian,1,,,,1,Huntington Ave,,Michael Clary,269,30-May-17,One-Way Trafficway,Dry,Dark - Lighted,Clear,Not a Collision Between Two Motor Vehicles in Transport,No,No Controls,5,1,Complains Of Pain,,41.80394,-71.43901
576369,2017-00051270,2017-05-31,12:47:00 PM,Bicycle,,1,,,1,391 CHARLES ST,SILVER SPRING ST ,Jose Deschamps,419,31-May-17,"Two-Way , Not Divided",Dry,Daylight,Clear,Other,No,No Controls,4,1,Complains Of Pain,,41.84455,-71.41863
576803,2017-00051792,2017-06-01,9:40:00 PM,Pedestrian,1,,,,1,PLAINFIELD ST,DUXBURY ST ,Jose Mendez,321,1-Jun-17,"Two-Way , Not Divided",Dry,Dark - Lighted,Clear,Other,No,No Controls,2,1,Complains Of Pain,,41.81215,-71.46159
576913,2017-00052068,2017-06-02,4:45:00 PM,Bicycle,,1,,,1,PUMGANSETT ST,ADMIRAL ST ,KEN MATSUMOTO,348,2-Jun-17,"Two-Way , Not Divided",Wet,Daylight,Cloudy,Not a Collision Between Two Motor Vehicles in Transport,No,Pavement Markings,3,1,Complains Of Pain,,41.84268,-71.422
576980,2017-00052151,2017-06-02,8:08:00 PM,Bicycle,,1,,,1,HAMLIN ST,ELMWOOD AVE ,KEN MATSUMOTO,348,2-Jun-17,"Two-Way , Not Divided",Dry,Daylight,Clear,Not a Collision Between Two Motor Vehicles in Transport,No,No Controls,2,0,No Injury,,41.7809,-71.42112
577920,2017-00053208,2017-06-05,3:00:00 PM,Pedestrian,1,,,,1,PUBLIC ST,HILTON ST ,Trent Hastings,326,5-Jun-17,"Two-Way , Not Divided",Dry,Daylight,Cloudy,Not a Collision Between Two Motor Vehicles in Transport,No,No Controls,2,1,Complains Of Pain,,41.80593,-71.41316
577944,2017-00053231,2017-06-05,6:50:00 PM,Bicycle,,1,,,1,4TH ST,SUMMIT AVE ,Jessica Leone,258,5-Jun-17,"Two-Way , Not Divided",Dry,Dark - Lighted,Clear,Other,"Yes, M/V and Driver Left Scene",No Controls,2,0,No Injury,,41.85052,-71.39825
578785,2017-00053745,2017-06-07,7:51:00 AM,Pedestrian,1,,,,1,SMITH STREET,STATE ST / GASPEE ST ,Darren Hull,598,7-Jun-17,"Two-Way, Divided, Unprotected (painted>4feet) Medium",Dry,Daylight,Clear,Not a Collision Between Two Motor Vehicles in Transport,No,Traffic Control Signal,3,1,Complains Of Pain,,41.83152,-71.41278
578795,2017-00053747,2017-06-07,7:54:00 AM,Pedestrian,1,,,,1,US HWY 6 E,WESTMINSTER ST ,Thiago Gomes,532,7-Jun-17,One-Way Trafficway,Dry,Daylight,Cloudy,Head-On (Front - to - Front),No,Traffic Control Signal,2,1,Complains Of Pain,2,41.81576,-71.43875
579795,2017-00054691,2017-06-09,3:40:00 PM,Bicycle,,1,,,1,POINT ST,PARSONAGE ST ,Donald Castigliego,287,9-Jun-17,"Two-Way , Not Divided",Dry,Daylight,Cloudy,Not a Collision Between Two Motor Vehicles in Transport,No,No Controls,6,1,Complains Of Pain,,41.81596,-71.40876
580350,2017-00055484,2017-06-11,3:36:00 AM,Bicycle,,1,,,1,BROADWAY,EMPIRE ST ,Christopher Beach,230,11-Jun-17,"Two-Way , Not Divided",Dry,Dark - Unknown Lighting,Clear,Not a Collision Between Two Motor Vehicles in Transport,"Yes, M/V and Driver Left Scene",No Controls,1,1,Complains Of Pain,2,41.82256,-71.41744
581408,2017-00056228,2017-06-12,11:13:00 PM,Pedestrian,1,,,,1,WATERMAN ST,COOKE ST ,Robert Heaton,539,13-Jun-17,One-Way Trafficway,Dry,Dark - Lighted,Clear,Other,No,No Controls,2,1,Non-Incapacitating,1,41.82762,-71.39502
582052,2017-00056565,2017-06-13,7:59:00 PM,Bicycle,,1,,,1,PEARL ST,PRAIRIE AVE,Robert Heaton,539,13-Jun-17,"Two-Way , Not Divided",Dry,Daylight,Clear,Angle (Front - to - Side) Right Angle (Includes Broadside),"Yes, M/V and Driver Left Scene",Stop Signs,2,1,Incapacitating,2,41.81185,-71.41527
582589,2017-00057157,2017-06-15,12:42:00 PM,Pedestrian,1,,,,1,BUTLER DR ,BLACKSTONE BLVD ,Fernando Lopez,156,15-Jun-17,"Two-Way , Not Divided",Dry,Daylight,Clear,Not a Collision Between Two Motor Vehicles in Transport,No,Other,2,1,Complains Of Pain,,41.84622,-71.38698
582950,2017-00057263,2017-06-15,5:51:00 PM,Bicycle,,1,,,1,RIVER AVE,ADMIRAL ST ,Matthew Nadeau,271,15-Jun-17,"Two-Way, Divided, Unprotected (painted>4feet) Medium",Dry,Daylight,Clear,Not a Collision Between Two Motor Vehicles in Transport,No,Traffic Control Signal,2,1,Non-Incapacitating,,41.8492,-71.43894
583727,2017-00057897,2017-06-17,9:13:00 AM,Pedestrian,1,,,,1,ATWELLS AVE,ACADEMY AVE ,Richard Ramirez,338,17-Jun-17,"Two-Way, Divided, Unprotected (painted>4feet) Medium",Wet,Daylight,Cloudy,Not a Collision Between Two Motor Vehicles in Transport,No,Traffic Control Signal,3,1,Complains Of Pain,2,41.82478,-71.4434
583797,2017-00058089,2017-06-17,6:15:00 PM,Pedestrian,1,,,,1,ELMWOOD AVE,ELMWOOD AVE ,Kenneth Demarco,176,17-Jun-17,"Two-Way , Not Divided",Dry,Daylight,Cloudy,Not a Collision Between Two Motor Vehicles in Transport,No,No Controls,2,1,Incapacitating,,41.80965,-71.42421
584586,2017-00058605,2017-06-18,6:56:00 PM,Pedestrian,1,,,,1,MERCY ST,POCASSET AVE ,David Preston,251,18-Jun-17,"Two-Way , Not Divided",Dry,Daylight,Clear,"Sidwswipe, Opposite Direction",No,No Controls,2,1,Non-Incapacitating,,41.80898,-71.4563
584867,2017-00058979,2017-06-19,4:42:00 PM,Bicycle,,1,,,1,SMITH ST ,CHALKSTONE AVE ,MICHAEL R. TROIA / TRAFFIC BUREAU,331,19-Jun-17,"Two-Way , Not Divided",Dry,Daylight,Clear,Not a Collision Between Two Motor Vehicles in Transport,No,Traffic Control Signal,3,1,Complains Of Pain,2,41.83521,-71.42565
585911,2017-00060160,2017-06-22,5:39:00 PM,Pedestrian,1,,,,1,CHALKSTONE AVENU,FERN STREET,Giuseppe Scarcello,485,22-Jun-17,"Two-Way , Not Divided",Dry,Daylight,Clear,Not a Collision Between Two Motor Vehicles in Transport,No,No Controls,3,1,Non-Incapacitating,,41.81541,-71.44637
585933,2017-00060294,2017-06-22,10:23:00 PM,Pedestrian,1,,,,1,WESTMINSTER ST,HARKNESS ST ,Joseph Amoroso,613,23-Jun-17,"Two-Way , Not Divided",Dry,Dark - Lighted,Clear,Not a Collision Between Two Motor Vehicles in Transport,No,No Controls,2,1,Incapacitating,,41.81628,-71.43396
586115,2017-00060499,2017-06-23,1:11:00 PM,Pedestrian,1,,,,1,BELMONT AVE,ACADEMY AVE ,Wayne Mann,563,23-Jun-17,One-Way Trafficway,Dry,Daylight,Cloudy,Other,No,Other,2,1,Complains Of Pain,,41.81438,-71.445
586445,2017-00060595,2017-06-23,5:21:00 PM,Pedestrian,1,,,,1,ARMSTRONG AVE,THOMPSON ST ,Joseph Iannucci,410,24-Jun-17,"Two-Way , Not Divided",Dry,Daylight,Clear,Other,No,No Controls,2,1,Complains Of Pain,,41.81903,-71.39714
586355,2017-00060820,2017-06-24,1:11:00 AM,Pedestrian,1,,,,1,PILSUDSKI ST,PLAINFIELD ST ,Robert Heaton,539,24-Jun-17,"Two-Way , Not Divided",Dry,Dark - Lighted,Clear,Other,"Yes, M/V and Driver Left Scene",No Controls,3,1,Incapacitating,2,41.81482,-71.44633
586579,2017-00061159,2017-06-24,8:29:00 PM,Pedestrian,1,,,,1,105 ALVERSON AVE,NYE ST ,Trent Hastings,326,24-Jun-17,"Two-Way , Not Divided",Dry,Dark - Lighted,Clear,Not a Collision Between Two Motor Vehicles in Transport,No,No Controls,2,1,Complains Of Pain,,41.81662,-71.45934
586614,2017-00061378,2017-06-25,4:07:00 AM,Pedestrian,1,1,,,1,WOODWARD RD,BRANCH AVE ,Jason Bibeault,344,25-Jun-17,"Two-Way , Not Divided",Dry,Dark - Lighted,Clear,Not a Collision Between Two Motor Vehicles in Transport,"Yes, M/V and Driver Left Scene",No Controls,3,2,Complains Of Pain,2,41.8537,-71.42796
586812,2017-00061450,2017-06-25,10:56:00 AM,Bicycle,,1,,,1,HOPE ST,ALUMNI AVE ,KEN MATSUMOTO,348,25-Jun-17,"Two-Way , Not Divided",Dry,Daylight,Clear,Not a Collision Between Two Motor Vehicles in Transport,"Yes, M/V and Driver Left Scene",No Controls,2,1,Incapacitating,2,41.83462,-71.40144
588868,2017-00061843,2017-06-26,12:11:00 PM,Bicycle,,1,,,1,ADELAIDE AVE,EMERSON ST ,James Annis,454,1-Jul-17,"Two-Way , Not Divided",Dry,Daylight,Clear,Angle (Front - to - Side) Right Angle (Includes Broadside),No,Stop Signs,4,0,No Injury,2,41.79855,-71.4164
587971,2017-00062727,2017-06-28,6:13:00 PM,Bicycle,,1,,,1,GLENHAM ST,PRAIRIE AVE ,Donald Castigliego,287,28-Jun-17,"Two-Way , Not Divided",Dry,Daylight,Clear,Not a Collision Between Two Motor Vehicles in Transport,No,No Controls,3,0,No Injury,,41.8061,-71.41504
588281,2017-00063076,2017-06-29,5:14:00 PM,Bicycle,,1,,,1,WASHINGTON ST,GREENE ST ,Kenneth Demarco,176,29-Jun-17,One-Way Trafficway,Dry,Daylight,Cloudy,Not a Collision Between Two Motor Vehicles in Transport,No,Traffic Control Signal,2,1,Non-Incapacitating,,41.82125,-71.41721
588502,2017-00063261,2017-06-30,6:59:00 AM,Pedestrian,1,,,,1,FRANCIS STREET,I 95,Joseph Madeira,552,30-Jun-17,"Two-Way , Not Divided",Dry,Daylight,Clear,Other,No,Traffic Control Signal,4,1,Non-Incapacitating,,41.83572,-71.41578
588561,2017-00063399,2017-06-30,3:24:00 PM,Pedestrian,1,,,,1,SABIN ST,SABIN ST ,Glen Morgan,558,30-Jun-17,One-Way Trafficway,Dry,Daylight,Clear,Angle (Front - to - Side) Right Angle (Includes Broadside),No,No Controls,4,1,Complains Of Pain,,41.82453,-71.41566
588591,2017-00063468,2017-06-30,5:50:00 PM,Pedestrian,1,,,,1,RHODES ST,EDDY ST ,Kenneth Demarco,176,30-Jun-17,"Two-Way , Not Divided",Dry,Daylight,Cloudy,Not a Collision Between Two Motor Vehicles in Transport,No,No Controls,2,1,Complains Of Pain,,41.80807,-71.40766
588899,2017-00063752,2017-07-01,11:28:00 AM,Pedestrian,1,,,,1,BRANCH AVE,VEAZIE ST ,Cynthia Rodriguez,693,1-Jul-17,"Two-Way , Not Divided",Dry,Daylight,Clear,Not a Collision Between Two Motor Vehicles in Transport,No,No Controls,2,1,Complains Of Pain,,41.85472,-71.43464
588942,2017-00063953,2017-07-01,8:57:00 PM,Pedestrian,1,,,,1,NORTH MAIN ST,N MAIN ST ,Robert Heaton,539,1-Jul-17,"Two-Way, Divided, Positive Median Barrier",Dry,Dark - Lighted,Clear,Other,No,No Controls,2,1,Non-Incapacitating,4,41.83926,-71.40902
589045,2017-00064233,2017-07-02,12:10:00 PM,Pedestrian,2,,,,1,UNION AVE,UNION AVE ON RAMP,Fernando Lopez,156,2-Jul-17,"Two-Way , Not Divided",Dry,Daylight,Clear,Not a Collision Between Two Motor Vehicles in Transport,No,Pavement Markings,3,2,Complains Of Pain,,41.80893,-71.44004
589245,2017-00064446,2017-07-02,10:38:00 PM,Pedestrian,1,,,,1,PARNELL ST,FOWLER ST ,Robert Heaton,539,2-Jul-17,"Two-Way , Not Divided",Dry,Dark - Lighted,Clear,Other,No,No Controls,3,1,Non-Incapacitating,2,41.82609,-71.45378
589312,2017-00064527,2017-07-03,3:08:00 AM,Bicycle,,1,,,1,MEMORIAL BLVD,FRANCIS ST ,Jason Cotugno,173,3-Jul-17,"Two-Way, Divided, Positive Median Barrier",Dry,Dark - Lighted,Clear,Angle (Front - to - Side) Right Angle (Includes Broadside),No,Traffic Control Signal,3,1,Non-Incapacitating,,41.8259,-71.41535
589805,2017-00065310,2017-07-04,11:33:00 PM,Pedestrian,2,,,,1,OSBORN ST,CHALKSTONE AVE ,KEN MATSUMOTO,348,5-Jul-17,"Two-Way , Not Divided",Dry,Dark - Lighted,Clear,Not a Collision Between Two Motor Vehicles in Transport,No,No Controls,4,2,Non-Incapacitating,,41.83759,-71.42538
590158,2017-00065639,2017-07-05,4:52:00 PM,Bicycle,,1,,,1,PLEASANT VALLEY PKWY,SHARON ST ,Trent Hastings,326,5-Jul-17,"Two-Way , Not Divided",Dry,Daylight,Clear,Not a Collision Between Two Motor Vehicles in Transport,No,No Controls,4,1,Complains Of Pain,,41.83521,-71.44103
590468,2017-00066041,2017-07-06,5:32:00 PM,Pedestrian,1,,,,1,W EXCHANGE ST,W EXCHANGE ST EXIT 22A ,Glen Morgan,558,6-Jul-17,One-Way Trafficway,Dry,Daylight,Clear,Rear - to - Side,No,Traffic Control Signal,3,1,Complains Of Pain,,41.82485,-71.41611
590547,2017-00066140,2017-07-06,10:15:00 PM,Pedestrian,1,,,X,1,DOUGLAS AVE,PUMGANSETT ST ,Robert Heaton,539,7-Jul-17,"Two-Way , Not Divided",Dry,Dark - Lighted,Clear,Other,No,No Controls,3,1,Non-Incapacitating,2,41.83977,-71.4263
590681,2017-00066120,2017-07-06,,Pedestrian,1,,,,1,343 BROAD ST,BROAD ST ,Trent Hastings,326,7-Jul-17,"Two-Way , Not Divided",Dry,Dark - Lighted,Clear,Not a Collision Between Two Motor Vehicles in Transport,"Yes, Driver Left Scene",No Controls,2,1,Complains Of Pain,,41.81402,-71.42137
590953,2017-00066683,2017-07-08,12:44:00 PM,Pedestrian,1,,,,1,BROADWAY,DEAN ST ,Fernando Lopez,156,8-Jul-17,"Two-Way , Not Divided",Dry,Daylight,Clear,Not a Collision Between Two Motor Vehicles in Transport,No,No Controls,4,1,Complains Of Pain,,41.82132,-71.4229
591224,2017-00067298,2017-07-09,10:39:00 PM,Pedestrian,1,,,,1,BROADWAY,VINTON ST ,Tracie Miller,212,9-Jul-17,"Two-Way, Divided, Unprotected (painted>4feet) Medium",Dry,Dark - Lighted,Clear,Not a Collision Between Two Motor Vehicles in Transport,No,No Controls,3,1,Complains Of Pain,,41.82007,-71.42819
591972,2017-00068300,2017-07-12,5:13:00 PM,Pedestrian,1,,,,1,BROAD ST,EARLY ST ,Trent Hastings,326,12-Jul-17,"Two-Way , Not Divided",Wet,Daylight,Rain,Not a Collision Between Two Motor Vehicles in Transport,No,No Controls,3,1,Complains Of Pain,,41.79542,-71.41121
592392,2017-00069050,2017-07-14,9:34:00 PM,Pedestrian,1,,,,1,CHALKSTONE AVE,DOUGLAS AVE ,Adam Chin,289,14-Jul-17,"Two-Way , Not Divided",Dry,Dark - Lighted,Clear,Other,No,No Controls,5,1,Complains Of Pain,,41.83625,-71.42075
592555,2017-00069422,2017-07-15,6:27:00 PM,Bicycle,,1,,,1,PUBLIC ST,PRAIRIE AVE ,John Benros,481,15-Jul-17,"Two-Way , Not Divided",Dry,Daylight,Clear,Other,"Yes, M/V and Driver Left Scene",Traffic Control Signal,2,1,Complains Of Pain,,41.80556,-71.41481
592707,2017-00069766,2017-07-16,11:39:00 AM,Bicycle,,1,,,1,N MAIN ST,CEMETERY ST ,Fernando Lopez,156,16-Jul-17,"Two-Way , Not Divided",Dry,Daylight,Clear,Not a Collision Between Two Motor Vehicles in Transport,No,Traffic Control Signal,4,1,Complains Of Pain,,41.84681,-71.40519
592765,2017-00069828,2017-07-16,3:21:00 PM,Pedestrian,1,,,,1,DOUGLAS AVE,DOUGLAS AVE ,Trent Hastings,326,16-Jul-17,"Two-Way , Not Divided",Dry,Daylight,Clear,Not a Collision Between Two Motor Vehicles in Transport,No,No Controls,2,1,Complains Of Pain,,41.83717,-71.4223
593649,2017-00070853,2017-07-19,10:07:00 AM,Pedestrian,1,,,,1,978 Manton Ave,HERSCHEL ST ,Ptlm. Chin,516,19-Jul-17,"Two-Way , Not Divided",Dry,Daylight,Clear,Not a Collision Between Two Motor Vehicles in Transport,"Yes, Driver Left Scene",No Controls,3,1,Complains Of Pain,2,41.83335,-71.46952
594468,2017-00071418,2017-07-20,5:48:00 PM,Bicycle,,1,,,1,WESTMINSTER ST,BARTON ST ,Donald Castigliego,287,20-Jul-17,"Two-Way , Not Divided",Wet,Daylight,Rain,Not a Collision Between Two Motor Vehicles in Transport,No,Traffic Control Signal,2,1,Complains Of Pain,,41.81592,-71.43653
595305,2017-00072786,2017-07-23,9:01:00 PM,Bicycle,,1,,,1,Cranston Street,WALDO ST ,Michele Rudolph,512,24-Jul-17,"Two-Way, Divided, Unprotected (painted>4feet) Medium",Dry,Dark - Lighted,Cloudy,Not a Collision Between Two Motor Vehicles in Transport,"Yes, M/V and Driver Left Scene",No Controls,1,1,Complains Of Pain,,41.80634,-71.4363
595568,2017-00073010,2017-07-24,1:53:00 PM,Pedestrian,1,,,,1,DEXTER ST,POTTERS AVE ,KEN MATSUMOTO,348,24-Jul-17,"Two-Way , Not Divided",Wet,Daylight,Rain,Not a Collision Between Two Motor Vehicles in Transport,No,No Controls,2,1,Complains Of Pain,,41.80187,-71.43094
595747,2017-00073119,2017-07-24,7:29:00 PM,Pedestrian,1,,,,1,244 UNION AVE,,MICHAEL R. TROIA / TRAFFIC BUREAU,331,24-Jul-17,"Two-Way , Not Divided",Wet,Dusk,Rain,Not a Collision Between Two Motor Vehicles in Transport,"Yes, M/V and Driver Left Scene",No Controls,2,1,Complains Of Pain,2,41.80752,-71.44491
595993,2017-00073198,2017-07-25,1:00:00 AM,Bicycle,,1,,,1,SERVICE ROAD 3,WESTMINSTER ST ,Joseph Nezier,233,25-Jul-17,"Two-Way , Not Divided",Wet,Dark - Lighted,Rain,Not a Collision Between Two Motor Vehicles in Transport,No,Stop Signs,3,1,Complains Of Pain,,41.81632,-71.44059
596415,2017-00073751,2017-07-26,3:58:00 PM,Bicycle,,1,,,1,TRASK ST,EDDY ST ,John Benros,481,26-Jul-17,"Two-Way , Not Divided",Dry,Daylight,Clear,Other,"Yes, M/V and Driver Left Scene",No Controls,2,1,Complains Of Pain,,41.8052,-71.40714
596853,2017-00074091,2017-07-27,2:59:00 PM,Other,,1,X,,1,Hartford Ave,EDNA ST ,Kyle Melfi,208,27-Jul-17,"Two-Way, Divided, Unprotected (painted>4feet) Medium",Wet,Daylight,Cloudy,Angle (Front - to - Side) Right Angle (Includes Broadside),No,No Controls,3,1,Complains Of Pain,,41.81685,-71.4455
597125,2017-00074230,2017-07-27,9:20:00 PM,Bicycle,,1,,,1,NEWARK ST,ACADEMY AVE ,Jose Mendez,321,27-Jul-17,"Two-Way , Not Divided",Dry,Dark - Lighted,Clear,Other,No,No Controls,2,1,Complains Of Pain,,41.8254,-71.44256
597200,2017-00074403,2017-07-28,9:57:00 AM,Bicycle,,1,,,2,OLNEYVILLE SQ,MANTON AVE ,Lucio Andreozzi,381,28-Jul-17,"Two-Way , Not Divided",Dry,Daylight,Clear,Angle (Front - to - Side) Same Direction,"Yes, M/V and Driver Left Scene",Traffic Control Signal,1,1,Complains Of Pain,,41.81676,-71.44324
597822,2017-00075410,2017-07-30,7:35:00 PM,Bicycle,,,,,2,HOPE ST,BLACKSTONE BLVD,Robert Heaton,539,30-Jul-17,"Two-Way , Not Divided",Dry,Daylight,Clear,Rear End(Front-to-Rear),"Yes, M/V and Driver Left Scene",No Controls,4,2,Complains Of Pain,2,41.85622,-71.39145
598305,2017-00076007,2017-08-01,11:55:00 AM,Pedestrian,1,,,,1,N MAIN ST,WALGREENS PHARMACY PARKING LOT,Patrolman Darren Hull C-183,598,1-Aug-17,Unknown,Dry,Daylight,Clear,Not a Collision Between Two Motor Vehicles in Transport,No,No Controls,4,1,Complains Of Pain,,41.85174,-71.40213
599527,2017-00076778,2017-08-03,12:00:00 PM,Pedestrian,1,,,,1,BARROWS ST,HARLAM ST ,John Bento,329,3-Aug-17,"Two-Way, Divided, Unprotected (painted>4feet) Medium",Dry,Daylight,Clear,Other,No,No Controls,3,1,Complains Of Pain,,41.81226,-71.45721
599821,2017-00077357,2017-08-04,7:19:00 PM,Bicycle,,1,,,1,CARPENTER ST,DEAN ST ,Richard Mendez,288,4-Aug-17,"Two-Way , Not Divided",Dry,Daylight,Clear,Not a Collision Between Two Motor Vehicles in Transport,No,Stop Signs,3,0,No Injury,,41.82061,-71.42189
599944,2017-00077540,2017-08-05,2:26:00 AM,Pedestrian,1,,,,1,BROAD ST,HARVARD AVE ,Robert Heaton,539,5-Aug-17,"Two-Way , Not Divided",Dry,Dark - Lighted,Cloudy,Other,"Yes, M/V and Driver Left Scene",No Controls,3,1,Incapacitating,,41.80872,-71.42072
600049,2017-00077711,2017-08-05,2:17:00 PM,Pedestrian,1,,,,1,24 Corliss St,CHARLES ST ,Ptlm. Chin,516,5-Aug-17,One-Way Trafficway,Dry,Daylight,Clear,Not a Collision Between Two Motor Vehicles in Transport,"Yes, M/V and Driver Left Scene",Stop Signs,1,1,Complains Of Pain,1,41.84008,-71.41313
600073,2017-00077752,2017-08-05,4:49:00 PM,Bicycle,,1,,,1,Academy Ave/Dover St,ACADEMY AVE ,Daniel Sirignano,261,5-Aug-17,"Two-Way , Not Divided",Wet,Daylight,Rain,Not a Collision Between Two Motor Vehicles in Transport,No,Stop Signs,3,1,Complains Of Pain,,41.83004,-71.44416
600485,2017-00078537,2017-08-07,1:25:00 PM,Bicycle,,1,,,1,BROAD ST,OXFORD ST ,John Bento,329,7-Aug-17,"Two-Way, Divided, Unprotected (painted>4feet) Medium",Dry,Daylight,Clear,Angle (Front - to - Side) Right Angle (Includes Broadside),No,Traffic Control Signal,4,1,Complains Of Pain,,41.80042,-71.41741
601584,2017-00079203,2017-08-09,6:52:00 AM,Bicycle,,1,,,1,RIVER AVE,EATON ST ,Elizabeth Pedchenko,498,9-Aug-17,"Two-Way , Not Divided",Dry,Daylight,Clear,Angle (Front - to - Side) Same Direction,No,Traffic Control Signal,2,1,Complains Of Pain,,41.84309,-71.4405
601758,2017-00079306,2017-08-09,1:40:00 PM,Pedestrian,1,,,,1,HARTFORD AVE,BODELL AVE ,Jose Deschamps,419,9-Aug-17,"Two-Way, Divided, Unprotected (painted>4feet) Medium",Dry,Daylight,Clear,Not a Collision Between Two Motor Vehicles in Transport,No,Traffic Control Signal,4,1,Fatal,,41.81763,-71.45362
601836,2017-00079515,2017-08-09,10:02:00 PM,Pedestrian,1,,,,1,FRANCIS ST,Finance Way,Michael Sullivan,347,9-Aug-17,"Two-Way , Not Divided",Dry,Dark - Lighted,Clear,Not a Collision Between Two Motor Vehicles in Transport,No,Traffic Control Signal,5,1,Complains Of Pain,4,41.82747,-71.4154
601842,2017-00079546,2017-08-09,11:51:00 PM,Pedestrian,1,,,,1,105 SISSON ST,ACTINIA ST ,Shane Romano,596,10-Aug-17,Unknown,Dry,Dark - Lighted,Clear,Not a Collision Between Two Motor Vehicles in Transport,"Yes, M/V and Driver Left Scene",No Controls,2,0,No Injury,,41.82846,-71.45537
602192,2017-00079939,2017-08-10,9:55:00 PM,Bicycle,,1,,,1,MANTON AVE,SALMON ST ,Louy Marroquin,218,10-Aug-17,"Two-Way , Not Divided",Dry,Dark - Lighted,Clear,Not a Collision Between Two Motor Vehicles in Transport,No,Traffic Control Signal,2,1,Complains Of Pain,,41.82524,-71.45427
602850,2017-00080612,2017-08-12,6:45:00 AM,Pedestrian,1,,,,1,Amtrak railroad track ,ricom way,Renauld Joseph,398,12-Aug-17,Unknown,Wet,Daylight,Clear,Not a Collision Between Two Motor Vehicles in Transport,No,Warning Signs,3,1,Incapacitating,,41.81093,-71.44223
602970,2017-00080739,2017-08-12,3:20:00 PM,Bicycle,,1,,,1,1280 BROAD ST,VERNDALE ST,Nicholas Manfredi,343,12-Aug-17,"Two-Way , Not Divided",Dry,Daylight,Clear,Not a Collision Between Two Motor Vehicles in Transport,No,No Controls,2,0,No Injury,,41.79188,-71.40682
604280,2017-00082245,2017-08-15,7:52:00 PM,Bicycle,,1,,,1,Broadway,WESTMINSTER ST ,Kyle Melfi,208,15-Aug-17,"Two-Way, Divided, Unprotected (painted>4feet) Medium",Dry,Dark - Lighted,Clear,Other,"Yes, M/V and Driver Left Scene",Traffic Control Signal,2,1,Complains Of Pain,,41.81675,-71.44128
604855,2017-00082537,2017-08-16,3:31:00 PM,Pedestrian,1,,,,1,100 FRANCIS ST,,MICHAEL R.TROIA / TRAFFIC BUREAU,331,16-Aug-17,"Two-Way , Not Divided",Dry,Daylight,Clear,Not a Collision Between Two Motor Vehicles in Transport,"Yes, M/V and Driver Left Scene",No Controls,1,1,Complains Of Pain,,41.82971,-71.41594
605505,2017-00083035,2017-08-17,7:38:00 PM,Bicycle,1,,,,1,CHARLES ST,NAHANT ST,Mitchel Voyer,355,17-Aug-17,"Two-Way , Not Divided",Dry,Dusk,Clear,Not a Collision Between Two Motor Vehicles in Transport,No,No Controls,3,1,Non-Incapacitating,,41.85276,-71.42037
606201,2017-00083715,2017-08-19,9:50:00 AM,Bicycle,,1,,,1,BROAD ST,HAWTHORNE AVE,KEN MATSUMOTO,348,19-Aug-17,"Two-Way , Not Divided",Dry,Daylight,Clear,Not a Collision Between Two Motor Vehicles in Transport,No,Traffic Control Signal,4,0,No Injury,,41.79287,-71.40805
607678,2017-00084767,2017-08-21,5:50:00 PM,Bicycle,,1,,,1,REYNOLDS AVE,GORDON AVE ,Anthony Moore,390,21-Aug-17,"Two-Way , Not Divided",Dry,Daylight,Clear,"Sidwswipe, Opposite Direction",No,No Controls,2,0,No Injury,,41.80438,-71.41611
608059,2017-00085121,2017-08-22,5:16:00 PM,Bicycle,,1,,,1,WICKENDEN ST,BROOK ST ,Kenneth Demarco,176,22-Aug-17,"Two-Way , Not Divided",Dry,Daylight,Clear,Not a Collision Between Two Motor Vehicles in Transport,No,Traffic Control Signal,3,1,Complains Of Pain,,41.81947,-71.39831
608412,2017-00085176,2017-08-22,7:11:00 PM,Bicycle,,1,,,1,CUSHING ST,BROOK ST ,Noel Field,260,22-Aug-17,"Two-Way , Not Divided",Dry,Daylight,Clear,Other,No,Stop Signs,4,1,Non-Incapacitating,2,41.83011,-71.39971
608931,2017-00085888,2017-08-24,2:09:00 PM,Bicycle,,1,,,1,ATWELLS AVE,EUTAW ST ,Kenneth Demarco,176,24-Aug-17,"Two-Way , Not Divided",Dry,Daylight,Clear,Not a Collision Between Two Motor Vehicles in Transport,"Yes, M/V and Driver Left Scene",No Controls,2,1,Non-Incapacitating,,41.82352,-71.42591
609208,2017-00086123,2017-08-24,10:47:00 PM,Pedestrian,1,,,,1,cranston st,BURGESS ST ,John Martin,186,25-Aug-17,"Two-Way , Not Divided",Dry,Dark - Lighted,Clear,Not a Collision Between Two Motor Vehicles in Transport,No,Pavement Markings,3,0,No Injury,2,41.81518,-71.42502