CrashReportId,ReportNumber,CrashDate,CrashTime,Collision Type,CountPedestrian,CountBicycle,Scooter,Wheel Chair,NumberofVehicles,StreetOrHighway,NearestIntersection,Officer,Badge,ReportDate,TypeOfRoadway,RoadSurfaceCondition,LightCondition,WeatherCondition,MannerofImpact,HitAndRun,TrafficControl,PersonCount,InjuryCount,MostSeriousInjury,NumberOfLanes,Latitude,Longitude
645785,2017-00116676,2017-11-05,1:19:00 PM,Pedestrian,1,,,,1,51 SILVER SPRING ST,,Fernando Lopez,156,5-Nov-17,Unknown,Dry,Daylight,Cloudy,Not a Collision Between Two Motor Vehicles in Transport,"Yes, M/V and Driver Left Scene",No Controls,3,1,Complains Of Pain,,41.84572,-71.41748
646566,2017-00117262,2017-11-07,8:35:00 AM,Pedestrian,1,,,,1,MORRIS AVE,ROCHAMBEAU AVE ,James Annis,454,7-Nov-17,"Two-Way , Not Divided",Dry,Daylight,Clear,Not a Collision Between Two Motor Vehicles in Transport,No,No Controls,2,1,Complains Of Pain,2,41.84697,-71.39476
646808,2017-00117546,2017-11-07,10:29:00 PM,Bicycle,,1,,,1,Francis St,MEMORIAL BLVD ,Michael Clary,269,8-Nov-17,"Two-Way , Not Divided",Wet,Dark - Lighted,Rain,Not a Collision Between Two Motor Vehicles in Transport,No,Traffic Control Signal,3,1,Complains Of Pain,,41.82594,-71.41537
649024,2017-00118955,2017-11-11,6:49:00 PM,Pedestrian,1,,,,1,16 opper st,MONTICELLO ST ,David Impagliazzo,223,11-Nov-17,"Two-Way , Not Divided",Dry,Dark - Lighted,Clear,Not a Collision Between Two Motor Vehicles in Transport,No,No Controls,2,1,Complains Of Pain,,41.85211,-71.42308
650063,2017-00119635,2017-11-13,6:42:00 PM,Pedestrian,1,,,,1,RIVER AVE,DOUGLAS AVE ,James Lanier,211,13-Nov-17,"Two-Way, Divided, Unprotected (painted>4feet) Medium",Wet,Dark - Lighted,Rain,Not a Collision Between Two Motor Vehicles in Transport,No,No Controls,2,1,Incapacitating,,41.85272,-71.43718
650857,2017-00120140,2017-11-15,7:54:00 AM,Pedestrian,1,,,,1,ROSEBANK AVE,,James Annis,454,15-Nov-17,"Two-Way , Not Divided",Dry,Daylight,Clear,Not a Collision Between Two Motor Vehicles in Transport,No,No Controls,4,1,Complains Of Pain,2,41.83508,-71.43374
651118,2017-00120264,2017-11-15,1:51:00 PM,Bicycle,,1,,,1,PARK ST,ORMS ST ,Cynthia Rodriguez,693,15-Nov-17,"Two-Way , Not Divided",Dry,Daylight,Clear,Not a Collision Between Two Motor Vehicles in Transport,"Yes, M/V and Driver Left Scene",No Controls,2,1,Complains Of Pain,,41.83474,-71.41541
651263,2017-00120385,2017-11-15,6:54:00 PM,Pedestrian,1,,,,1,WASHINGTON ST,UNION ST ,Matthew Goddard,171,15-Nov-17,"Two-Way , Not Divided",Dry,Dark - Lighted,Clear,Not a Collision Between Two Motor Vehicles in Transport,No,Traffic Control Signal,3,0,No Injury,,41.8236,-71.414
651290,2017-00120352,2017-11-15,5:36:00 PM,Pedestrian,1,,,,1,California Ave,VIRGINIA AVE ,Jessica Perez,414,15-Nov-17,"Two-Way , Not Divided",Dry,Dark - Lighted,Clear,Not a Collision Between Two Motor Vehicles in Transport,"Yes, M/V and Driver Left Scene",Stop Signs,1,1,Complains Of Pain,,41.78876,-71.39916
651426,2017-00120568,2017-11-16,9:41:00 AM,Pedestrian,1,,,,1,DEAN ST,WASHINGTON ST ,Fernando Lopez,156,16-Nov-17,"Two-Way , Not Divided",Wet,Daylight,Rain,Not a Collision Between Two Motor Vehicles in Transport,"Yes, M/V and Driver Left Scene",Stop Signs,2,1,Complains Of Pain,,41.81905,-71.42073
651788,2017-00120749,2017-11-16,5:31:00 PM,Pedestrian,1,,,,1,BLACKSTONE ST,CULVER ST ,Ptlm. Elie,167,16-Nov-17,"Two-Way , Not Divided",Wet,Dark - Lighted,Cloudy,Other,No,Stop Signs,3,1,Complains Of Pain,,41.80993,-71.4085
651847,2017-00120767,2017-11-16,6:16:00 PM,Pedestrian,1,,,,1,KILLINGLY ST,KILLINGLY ST ,Daniel Sirignano,261,16-Nov-17,"Two-Way , Not Divided",Wet,Dark - Not Lighted,Rain,Not a Collision Between Two Motor Vehicles in Transport,No,No Controls,3,1,Complains Of Pain,,41.82105,-71.46963
652202,2017-00121132,2017-11-17,5:33:00 PM,Pedestrian,1,,,,1,1 West EXCHANGE Street,SABIN ST ,Anthony Doucette,475,17-Nov-17,"Two-Way , Not Divided",Dry,Dark - Lighted,Clear,Other,No,No Controls,4,1,Complains Of Pain,,41.8249,-71.41515
652682,2017-00121835,2017-11-19,2:29:00 PM,Pedestrian,1,,,,1,DOUGLAS AVE,VANDEWATER ST ,James Lanier,211,19-Nov-17,"Two-Way, Divided, Unprotected (painted>4feet) Medium",Dry,Daylight,Cloudy,Not a Collision Between Two Motor Vehicles in Transport,"Yes, M/V and Driver Left Scene",No Controls,1,1,Non-Incapacitating,2,41.84992,-71.43346
653420,2017-00122541,2017-11-21,11:56:00 AM,Pedestrian,1,,,,1,VEAZIE ST,BRANCH AVE ,KEN MATSUMOTO,348,21-Nov-17,"Two-Way , Not Divided",Dry,Daylight,Clear,Not a Collision Between Two Motor Vehicles in Transport,No,Traffic Control Signal,3,1,Complains Of Pain,,41.85472,-71.43468
654091,2017-00123114,2017-11-22,6:36:00 PM,Pedestrian,1,,,,1,WASHINGTON ST,UNION ST ,Glen Morgan,558,22-Nov-17,One-Way Trafficway,Wet,Daylight,Rain,Angle (Front - to - Side) Right Angle (Includes Broadside),"Yes, M/V and Driver Left Scene",Traffic Control Signal,1,1,Complains Of Pain,,41.8236,-71.414
654095,2017-00123116,2017-11-22,6:41:00 PM,Pedestrian,1,,,,1,FOUNTAIN ST,FRANCIS ST ,Thomas Savard,335,22-Nov-17,"Two-Way , Not Divided",Wet,Dark - Lighted,Cloudy,Not a Collision Between Two Motor Vehicles in Transport,No,Traffic Control Signal,3,1,Complains Of Pain,,41.82498,-71.41474
654444,2017-00123127,2017-11-22,7:41:00 PM,Pedestrian,1,,,,1, 306 Cranston St,HARRISON ST ,Ybelis Gonzalez,376,22-Nov-17,"Two-Way, Divided, Unprotected (painted>4feet) Medium",Dry,Dark - Lighted,Clear,Not a Collision Between Two Motor Vehicles in Transport,No,No Controls,2,1,Complains Of Pain,,41.81285,-71.4291
654463,2017-00123160,2017-11-22,9:29:00 PM,Bicycle,,1,,,1,Broadway ,AMERICA ST ,Brian Murphy,231,22-Nov-17,"Two-Way , Not Divided",Dry,Dark - Lighted,Clear,Unknown,"Yes, M/V and Driver Left Scene",No Controls,3,1,Incapacitating,,41.82041,-71.42678
656545,2017-00124634,2017-11-27,11:25:00 AM,Bicycle,,1,,,1,WASHINGTON ST,EMPIRE ST ,Miguel Castillo,489,27-Nov-17,"Two-Way, Divided, Unprotected (painted>4feet) Medium",Dry,Daylight,Clear,Rear End(Front-to-Rear),No,No Controls,3,1,Complains Of Pain,,41.82198,-71.41624
656989,2017-00124800,2017-11-27,7:35:00 PM,Pedestrian,1,,,,1,AMERICAN EXPRESS PLZ,FRANCIS ST ,Nicholas Manfredi,343,27-Nov-17,"Two-Way , Not Divided",Dry,Dark - Lighted,Clear,Not a Collision Between Two Motor Vehicles in Transport,"Yes, M/V and Driver Left Scene",Traffic Control Signal,1,1,Complains Of Pain,,41.82744,-71.41526
657194,2017-00124937,2017-11-28,8:57:00 AM,Pedestrian,1,,,,1,POTTERS AVE,CRANSTON ST ,Thiago Gomes,532,28-Nov-17,"Two-Way , Not Divided",Dry,Daylight,Clear,Head-On (Front - to - Front),No,No Controls,3,1,Complains Of Pain,2,41.80497,-71.43756
657979,2017-00125424,2017-11-29,2:17:00 PM,Pedestrian,1,,,,1,BROAD ST,SERVICE ROAD 7 ,Erick Fernandez,228,29-Nov-17,"Two-Way , Not Divided",Dry,Daylight,Clear,Not a Collision Between Two Motor Vehicles in Transport,No,No Controls,2,1,Complains Of Pain,,41.81733,-71.41703
658133,2017-00125542,2017-11-29,6:37:00 PM,Pedestrian,1,,,,1,HAWKINS ST,SALINA ST ,Vincent Pazzetta,641,29-Nov-17,"Two-Way , Not Divided",Dry,Dark - Lighted,Cloudy,Unknown,"Yes, M/V and Driver Left Scene",Stop Signs,1,1,Complains Of Pain,,41.84829,-71.4261
658619,2017-00125787,2017-11-30,11:10:00 AM,Pedestrian,1,,,,1,EMPIRE ST,BROAD ST ,Fernando Lopez,156,30-Nov-17,"Two-Way , Not Divided",Dry,Daylight,Clear,Not a Collision Between Two Motor Vehicles in Transport,No,Pavement Markings,3,1,Complains Of Pain,,41.82013,-71.41441
659779,2017-00126736,2017-12-02,8:00:00 PM,Pedestrian,1,,,,1,FRUIT HILL AVE,HUBER AVE ,James Lanier,211,2-Dec-17,"Two-Way, Divided, Unprotected (painted>4feet) Medium",Dry,Dark - Lighted,Clear,Not a Collision Between Two Motor Vehicles in Transport,"Yes, M/V and Driver Left Scene",No Controls,2,1,Complains Of Pain,2,41.83569,-71.4684
660043,2017-00127052,2017-12-03,5:09:00 PM,Bicycle,,1,,,1,VALLEY ST,TURNER ST ,Jessica Salmeron,356,3-Dec-17,"Two-Way, Divided, Unprotected (painted>4feet) Medium",Dry,Dusk,Clear,Not a Collision Between Two Motor Vehicles in Transport,"Yes, M/V and Driver Left Scene",Stop Signs,2,1,Complains Of Pain,,41.82598,-71.43889
660417,2017-00127301,2017-12-04,1:01:00 PM,Pedestrian,1,,,,1,BROADWAY,COURTLAND ST ,KEN MATSUMOTO - CAR 623,348,4-Dec-17,"Two-Way , Not Divided",Dry,Daylight,Clear,Not a Collision Between Two Motor Vehicles in Transport,No,Pavement Markings,4,1,Complains Of Pain,,41.81936,-71.43122
661095,2017-00127662,2017-12-04,9:00:00 AM,Pedestrian,1,,,,1,ADMIRAL ST,HAWKINS ST ,Cynthia Rodriguez,693,5-Dec-17,"Two-Way , Not Divided",Dry,Dark - Lighted,Clear,Not a Collision Between Two Motor Vehicles in Transport,"Yes, M/V and Driver Left Scene",No Controls,1,1,Complains Of Pain,,41.84592,-71.42837
661150,2017-00127730,2017-12-05,4:39:00 PM,Pedestrian,1,,,,1,HOPE ST,LAURISTON ST ,Raleek Byfield,375,5-Dec-17,"Two-Way, Divided, Unprotected (painted>4feet) Medium",Wet,Dark - Lighted,Rain,Not a Collision Between Two Motor Vehicles in Transport,No,Stop Signs,4,1,Complains Of Pain,,41.84865,-71.39519
661159,2017-00127767,2017-12-05,6:21:00 PM,Pedestrian,1,,,,1,BROAD ST,MASSACHUSETTS AVE ,Kenneth Demarco,176,5-Dec-17,"Two-Way , Not Divided",Wet,Dark - Lighted,Rain,Not a Collision Between Two Motor Vehicles in Transport,"Yes, M/V and Driver Left Scene",No Controls,1,1,Non-Incapacitating,,41.78632,-71.40191
661350,2017-00127813,2017-12-05,8:05:00 PM,Pedestrian,1,,,,1,WASHINGTON ST,EMPIRE ST ,Glen Morgan,558,5-Dec-17,"Two-Way, Divided, Unprotected (painted>4feet) Medium",Wet,Dark - Lighted,Rain,Head-On (Front - to - Front),No,Traffic Control Signal,3,1,Complains Of Pain,,41.82182,-71.41645
661394,2017-00127780,2017-12-05,6:35:00 PM,Pedestrian,1,,,,1,GEORGE ST,THAYER ST ,Graig Sion,254,5-Dec-17,"Two-Way, Divided, Unprotected (painted>4feet) Medium",Wet,Dark - Lighted,Rain,Not a Collision Between Two Motor Vehicles in Transport,No,No Controls,3,1,Complains Of Pain,,41.82553,-71.40045
661527,2017-00127917,2017-12-06,7:00:00 AM,Pedestrian,1,,,,1,Manton Ave,,James Annis,454,6-Dec-17,"Two-Way , Not Divided",Wet,Dawn,Cloudy,Not a Collision Between Two Motor Vehicles in Transport,"Yes, M/V and Driver Left Scene",Traffic Control Signal,3,1,Complains Of Pain,3,41.82537,-71.45463
661779,2017-00128117,2017-12-06,5:48:00 PM,Pedestrian,1,,,,1,SMITH ST,COMMON ST,Vincent Pazzetta,641,6-Dec-17,"Two-Way , Not Divided",Dry,Dark - Lighted,Cloudy,Not a Collision Between Two Motor Vehicles in Transport,No,Stop Signs,3,1,Complains Of Pain,,41.83266,-71.4192
664475,2017-00129597,2017-12-10,7:40:00 PM,Pedestrian,1,,,,1,CHALKSTONE AVE,OAKWOOD AVE ,Robert Heaton,539,11-Dec-17,"Two-Way , Not Divided",Dry,Dark - Lighted,Clear,Other,No,No Controls,3,1,Non-Incapacitating,2,41.83316,-71.45967
665445,2017-00129608,2017-12-10,9:51:00 PM,Pedestrian,1,,,,1,Westminster St,WESTMINSTER ST EXIT ,Brian Murphy,231,10-Dec-17,"Two-Way , Not Divided",Dry,Daylight,Clear,Not a Collision Between Two Motor Vehicles in Transport,"Yes, M/V and Driver Left Scene",No Controls,1,1,Complains Of Pain,,41.81578,-71.43823
665496,2017-00130235,2017-12-12,5:28:00 PM,Bicycle,,1,,,1,BATTEY ST,W FOUNTAIN ST ,Jennifer Fonseca,402,12-Dec-17,"Two-Way, Divided, Unprotected (painted>4feet) Medium",Wet,Dark - Lighted,Cloudy,Head-On (Front - to - Front),"Yes, M/V and Driver Left Scene",Stop Signs,1,1,Non-Incapacitating,,41.81861,-71.4248
665756,2017-00130305,2017-12-12,9:01:00 PM,Pedestrian,1,,,,1,GEORGE ST,BROWN ST ,Cory Vingi,237,12-Dec-17,"Two-Way , Not Divided",Dry,Dark - Lighted,Clear,Not a Collision Between Two Motor Vehicles in Transport,No,No Controls,2,1,Complains Of Pain,,41.82535,-71.40283
665912,2017-00130432,2017-12-12,7:50:00 PM,Pedestrian,1,,,,1,Atwells Ave,DEAN ST ,Gary Slater,365,13-Dec-17,"Two-Way , Not Divided",Dry,Dark - Lighted,Clear,Not a Collision Between Two Motor Vehicles in Transport,"Yes, M/V and Driver Left Scene",Traffic Control Signal,2,1,Complains Of Pain,,41.82339,-71.4242
666156,2017-00130255,2017-12-12,6:22:00 PM,Pedestrian,1,,,,1, 50 KENNEDY PLZ,DORRANCE ST ,Donald Brien,630,13-Dec-17,"Two-Way, Divided, Unprotected (painted>4feet) Medium",Dry,Dark - Not Lighted,Clear,Not a Collision Between Two Motor Vehicles in Transport,"Yes, M/V and Driver Left Scene",No Controls,1,0,No Injury,2,41.82425,-71.4122
666520,2017-00130883,2017-12-14,11:07:00 AM,Pedestrian,1,,,,1,10 PARK ROW ,,Joseph Madeira,552,14-Dec-17,"Two-Way , Not Divided",Snow,Daylight,Snow,Other,No,No Controls,3,1,Non-Incapacitating,,41.83618,-71.41545
668981,2017-00132283,2017-12-18,11:55:00 AM,Pedestrian,1,,,,1,Trask Street,EDDY ST ,Jason Dalton,257,18-Dec-17,"Two-Way , Not Divided",Dry,Daylight,Clear,Not a Collision Between Two Motor Vehicles in Transport,No,Stop Signs,4,0,No Injury,,41.8052,-71.40714
669271,2017-00132482,2017-12-18,8:40:00 PM,Pedestrian,1,,,,1,STAR ST,North Main Street,Kristen Barth,247,18-Dec-17,One-Way Trafficway,Wet,Dark - Lighted,Clear,Not a Collision Between Two Motor Vehicles in Transport,No,Stop Signs,2,1,Complains Of Pain,,41.83195,-71.41052
669669,2017-00132736,2017-12-19,5:20:00 PM,Pedestrian,1,,,,1,711 Broad Street,PUBLIC ST ,Marwing Pena,423,19-Dec-17,"Two-Way , Not Divided",Dry,Dark - Lighted,Clear,Not a Collision Between Two Motor Vehicles in Transport,No,No Controls,2,1,Complains Of Pain,,41.80448,-71.41937
670891,2017-00133459,2017-12-21,4:57:00 PM,Bicycle,,1,,,1,HARRIS AVE,ATWELLS AVE ,James Lanier,211,21-Dec-17,"Two-Way, Divided, Positive Median Barrier",Dry,Dark - Lighted,Clear,Not a Collision Between Two Motor Vehicles in Transport,No,Traffic Control Signal,3,1,Non-Incapacitating,2,41.82451,-71.43532
673142,2017-00135443,2017-12-27,7:01:00 PM,Pedestrian,1,,,,1,KENNEDY PLZ,ARCADE ST ,James Lanier,211,27-Dec-17,"Two-Way, Divided, Unprotected (painted>4feet) Medium",Dry,Dark - Lighted,Clear,Not a Collision Between Two Motor Vehicles in Transport,"Yes, M/V and Driver Left Scene",Pavement Markings,1,1,Non-Incapacitating,2,41.82481,-71.41146
675267,2018-00000575,2018-01-02,4:59:00 PM,Pedestrian,2,,,,1,HARRIS AVE,PROVIDENCE PLACE,MICHAEL R. TROIA / TRAFFIC BUREAU,331,2-Jan-18,One-Way Trafficway,Snow,Dark - Lighted,Clear,Not a Collision Between Two Motor Vehicles in Transport,No,No Controls,3,2,Complains Of Pain,1,41.82779,-71.41904
675451,2018-00000760,2018-01-03,8:24:00 AM,Pedestrian,1,,,,1,CROMWELL ST,BUCKLIN ST ,Francisco Furtado,635,3-Jan-18,"Two-Way, Divided, Unprotected (painted>4feet) Medium",Dry,Daylight,Clear,Other,No,Stop Signs,3,0,No Injury,,41.80878,-71.42463
675559,2018-00000869,2018-01-03,2:31:00 PM,Pedestrian,1,,,,1,48 BRIDGHAM ST,,MICHAEL R. TROIA / TRAFFIC BUREAU,331,3-Jan-18,"Two-Way , Not Divided",Dry,Daylight,Clear,Not a Collision Between Two Motor Vehicles in Transport,"Yes, M/V and Driver Left Scene",No Controls,1,1,Complains Of Pain,,41.81274,-71.42542
676180,2018-00001485,2018-01-05,12:14:00 PM,Pedestrian,1,,,,1,HARTFORD AVE,BOWLETT ST ,Fernando Lopez,156,5-Jan-18,"Two-Way , Not Divided",Dry,Daylight,Clear,Not a Collision Between Two Motor Vehicles in Transport,No,No Controls,3,1,Complains Of Pain,,41.81911,-71.46252
678070,2018-00002596,2018-01-08,11:45:00 AM,Pedestrian,1,,,,1,EXCHANGE TER,EXCHANGE ST ,Thomas Rose,465,8-Jan-18,"Two-Way , Not Divided",Wet,Daylight,Clear,Other,No,No Controls,3,1,Complains Of Pain,,41.82581,-71.41246
678239,2018-00002707,2018-01-08,5:13:00 PM,Pedestrian,1,,,,1,Bridgham Street,WESTMINSTER ST ,Jennifer Fonseca,402,8-Jan-18,"Two-Way, Divided, Unprotected (painted>4feet) Medium",Wet,Daylight,Clear,Not a Collision Between Two Motor Vehicles in Transport,"Yes, M/V and Driver Left Scene",Stop Signs,1,1,Complains Of Pain,,41.81693,-71.42849
680330,2018-00003805,2018-01-11,5:23:00 PM,Pedestrian,1,,,,1,WESTMINSTER ST,DEXTER ST ,Joseph Lopes,227,11-Jan-18,"Two-Way , Not Divided",Wet,Dark - Lighted,Clear,Not a Collision Between Two Motor Vehicles in Transport,"Yes, M/V and Driver Left Scene",No Controls,3,1,Incapacitating,,41.81659,-71.43134
680386,2018-00003783,2018-01-11,4:33:00 PM,Pedestrian,1,,,,1,67 glenbridge ave,RICHLAND ST ,Joseph Lopes,227,11-Jan-18,"Two-Way , Not Divided",Wet,Dark - Lighted,Clear,Not a Collision Between Two Motor Vehicles in Transport,No,No Controls,4,1,Complains Of Pain,,41.824,-71.45978
680963,2018-00004227,2018-01-12,6:34:00 PM,Pedestrian,1,,,,1,POTTERS AVE,CRANSTON ST ,Luis Pelaez,336,12-Jan-18,"Two-Way , Not Divided",Wet,Dark - Lighted,Rain,Not a Collision Between Two Motor Vehicles in Transport,"Yes, M/V and Driver Left Scene",No Controls,1,1,Complains Of Pain,2,41.80496,-71.43755
681016,2018-00004237,2018-01-12,6:57:00 PM,Pedestrian,1,,,,1,BROAD ST,BROAD ST ,Adrian Francis,239,12-Jan-18,"Two-Way, Divided, Unprotected (painted>4feet) Medium",Wet,Dark - Lighted,Rain,Not a Collision Between Two Motor Vehicles in Transport,No,No Controls,2,1,Non-Incapacitating,,41.81348,-71.42158
681247,2018-00004495,2018-01-13,1:06:00 PM,Pedestrian,1,,,,1,TERRACE AVE,WALLACE ST ,KEN MATSUMOTO,348,13-Jan-18,"Two-Way , Not Divided",Dry,Daylight,Clear,Not a Collision Between Two Motor Vehicles in Transport,No,Stop Signs,3,1,Complains Of Pain,,41.80845,-71.45217
681838,2018-00004853,2018-01-14,11:44:00 AM,Pedestrian,1,,,,1,WESTMINSTER ST,EMPIRE ST ,KEN MATSUMOTO,348,14-Jan-18,"Two-Way , Not Divided",Dry,Daylight,Clear,Not a Collision Between Two Motor Vehicles in Transport,No,Traffic Control Signal,2,1,Complains Of Pain,,41.82097,-71.41532
683327,2018-00006278,2018-01-18,5:57:00 PM,Pedestrian,1,,,,1,manton ave ,pelham st,Joseph Lopes,227,18-Jan-18,"Two-Way , Not Divided",Dry,Dark - Lighted,Cloudy,Not a Collision Between Two Motor Vehicles in Transport,No,No Controls,2,1,Incapacitating,,41.8209,-71.44776
684438,2018-00007312,2018-01-21,5:59:00 PM,Pedestrian,1,,,,1,POCASSET AVE,MAGNOLIA ST ,Michael Camardo,357,21-Jan-18,"Two-Way , Not Divided",Dry,Dark - Lighted,Clear,Not a Collision Between Two Motor Vehicles in Transport,No,No Controls,5,0,No Injury,,41.81191,-71.44996
685030,2018-00007853,2018-01-23,8:36:00 AM,Pedestrian,1,,,,1,ROANOKE ST,MOUNT PLEASANT AVE ,Jose Deschamps,419,23-Jan-18,"Two-Way, Divided, Unprotected (painted>4feet) Medium",Wet,Daylight,"Sleet, Hail (Freezing Rain or Drizzle)",Not a Collision Between Two Motor Vehicles in Transport,No,No Controls,2,1,Complains Of Pain,,41.83124,-71.44948
686787,2018-00008860,2018-01-25,7:30:00 PM,Bicycle,,1,,,1,MEETING ST,BROWN ST ,Cory Vingi,237,26-Jan-18,"Two-Way , Not Divided",Dry,Dark - Lighted,Clear,Not a Collision Between Two Motor Vehicles in Transport,No,No Controls,2,0,No Injury,,41.82898,-71.40341
687173,2018-00009193,2018-01-26,5:22:00 PM,Pedestrian,1,,,,1,S MAIN ST,TRANSIT ST ,Miguel Castillo,489,26-Jan-18,"Two-Way , Not Divided",Dry,Daylight,Clear,Not a Collision Between Two Motor Vehicles in Transport,No,Stop Signs,4,1,Complains Of Pain,,41.82011,-71.40298
687837,2018-00009986,2018-01-28,6:30:00 PM,Pedestrian,1,,,,1,HARTFORD AVE,MANTON AVE,Michael Sepe,367,28-Jan-18,One-Way Trafficway,Wet,Dark - Lighted,Clear,Not a Collision Between Two Motor Vehicles in Transport,"Yes, M/V and Driver Left Scene",Traffic Control Signal,3,1,Complains Of Pain,,41.81685,-71.44356
688324,2018-00010359,2018-01-29,5:54:00 PM,Pedestrian,1,,,,1,Brook St,Manning Walk,Noel Field,260,29-Jan-18,"Two-Way , Not Divided",Dry,Dark - Lighted,Cloudy,Not a Collision Between Two Motor Vehicles in Transport,No,Warning Signs,4,1,Incapacitating,2,41.82653,-71.39919
690041,2018-00011505,2018-02-01,8:45:00 PM,Bicycle,,1,,,1,WASHINGTON ST,GREENE ST ,James Lanier,211,1-Feb-18,"Two-Way, Divided, Unprotected (painted>4feet) Medium",Dry,Dark - Lighted,Clear,Not a Collision Between Two Motor Vehicles in Transport,"Yes, M/V and Driver Left Scene",Traffic Control Signal,1,1,Non-Incapacitating,2,41.82126,-71.4172
691126,2018-00012711,2018-02-05,9:51:00 AM,Pedestrian,1,,,,1,DORRANCE ST,FULTON ST ,James Annis,454,5-Feb-18,"Two-Way , Not Divided",Wet,Daylight,Clear,Not a Collision Between Two Motor Vehicles in Transport,"Yes, M/V and Driver Left Scene",Traffic Control Signal,1,1,Complains Of Pain,2,41.82411,-71.41234
691958,2018-00013209,2018-02-06,5:33:00 PM,Pedestrian,1,,,,1,HOPE ST,5TH ST ,James Lanier,211,6-Feb-18,"Two-Way, Divided, Unprotected (painted>4feet) Medium",Dry,Dark - Lighted,Clear,Not a Collision Between Two Motor Vehicles in Transport,No,Pavement Markings,3,1,Non-Incapacitating,2,41.84993,-71.39458
692247,2018-00013619,2018-02-07,8:53:00 PM,Pedestrian,1,,,,1,Admiral Street,BERKSHIRE ST ,Tracie Miller,212,8-Feb-18,"Two-Way, Divided, Unprotected (painted>4feet) Medium",Wet,Dark - Lighted,Rain,Not a Collision Between Two Motor Vehicles in Transport,No,Stop Signs,2,1,Complains Of Pain,,41.84417,-71.4237
692603,2018-00014076,2018-02-09,8:34:00 AM,Pedestrian,1,,,,1,EXCHANGE ST,EXCHANGE TER ,Fernando Lopez,156,9-Feb-18,"Two-Way , Not Divided",Dry,Daylight,Clear,Not a Collision Between Two Motor Vehicles in Transport,No,Pavement Markings,2,1,Complains Of Pain,,41.82621,-71.41169
692872,2018-00014290,2018-02-09,7:18:00 PM,Pedestrian,1,,,,1,150 Eaton Street,HUXLEY AVE ,Ybelis Gonzalez,376,9-Feb-18,"Two-Way, Divided, Unprotected (painted>4feet) Medium",Dry,Dark - Lighted,Clear,Not a Collision Between Two Motor Vehicles in Transport,"Yes, M/V and Driver Left Scene",No Controls,2,1,Complains Of Pain,,41.84143,-71.43306
693419,2018-00014833,2018-02-11,2:06:00 AM,Pedestrian,1,,,,1,Fountain Street,EMPIRE ST ,Kristen Barth,247,11-Feb-18,One-Way Trafficway,Wet,Dark - Lighted,Rain,Not a Collision Between Two Motor Vehicles in Transport,"Yes, M/V and Driver Left Scene",Traffic Control Signal,1,1,Complains Of Pain,,41.82237,-71.41709
694544,2018-00015692,2018-02-13,3:50:00 PM,Pedestrian,1,,,,1,BLACKSTONE BLVD,ROCHAMBEAU AVE ,Genifer Bustamante,235,13-Feb-18,"Two-Way , Not Divided",Dry,Daylight,Clear,Not a Collision Between Two Motor Vehicles in Transport,No,No Controls,5,1,Complains Of Pain,,41.84554,-71.38722
695805,2018-00016732,2018-02-16,12:34:00 PM,Bicycle,,1,,,1,ADMIRAL ST,DOUGLAS AVE ,Fernando Lopez,156,16-Feb-18,"Two-Way , Not Divided",Dry,Daylight,Cloudy,Not a Collision Between Two Motor Vehicles in Transport,No,No Controls,4,1,Complains Of Pain,,41.84607,-71.42907
695811,2018-00016750,2018-02-16,1:33:00 PM,Pedestrian,1,,,,1,877 Chalkstone Ave,LISBON ST ,James Annis,454,16-Feb-18,"Two-Way , Not Divided",Dry,Daylight,Clear,Not a Collision Between Two Motor Vehicles in Transport,No,No Controls,4,1,Complains Of Pain,2,41.83331,-71.43655
696187,2018-00016864,2018-02-16,6:46:00 PM,Bicycle,,1,,,1,EMPIRE ST,BROADWAY ,Matthew Goddard,171,16-Feb-18,"Two-Way , Not Divided",Dry,Dark - Lighted,Clear,Not a Collision Between Two Motor Vehicles in Transport,No,Traffic Control Signal,2,0,No Injury,,41.82272,-71.41751
696306,2018-00017132,2018-02-17,3:38:00 PM,Pedestrian,1,,,,1,Cranston Street,DEXTER ST ,Jennifer Fonseca,402,17-Feb-18,"Two-Way, Divided, Unprotected (painted>4feet) Medium",Dry,Daylight,Clear,Not a Collision Between Two Motor Vehicles in Transport,"Yes, M/V and Driver Left Scene",No Controls,1,1,Complains Of Pain,,41.8126,-71.42959
696381,2018-00017211,2018-02-17,7:14:00 PM,Pedestrian,1,,,,1,BORDEN ST,PLAIN ST ,Cory Vingi,237,17-Feb-18,"Two-Way , Not Divided",Snow,Dark - Lighted,Snow,Not a Collision Between Two Motor Vehicles in Transport,No,No Controls,2,1,Complains Of Pain,,41.81332,-71.41151