CrashReportId,ReportNumber,CrashDate,CrashTime,Collision Type,CountPedestrian,CountBicycle,Scooter,Wheel Chair,NumberofVehicles,StreetOrHighway,NearestIntersection,Officer,Badge,ReportDate,TypeOfRoadway,RoadSurfaceCondition,LightCondition,WeatherCondition,MannerofImpact,HitAndRun,TrafficControl,PersonCount,InjuryCount,MostSeriousInjury,NumberOfLanes,Latitude,Longitude
697438,2018-00018218,2018-02-20,6:08:00 PM,Pedestrian,3,,,,1,VIRGINIA LN,FERNANDO ST ,Joseph Lopes,227,20-Feb-18,"Two-Way , Not Divided",Dry,Dark - Lighted,Clear,Not a Collision Between Two Motor Vehicles in Transport,"Yes, M/V and Driver Left Scene",No Controls,3,1,Complains Of Pain,,41.84767,-71.43076
697810,2018-00018637,2018-02-21,6:03:00 PM,Pedestrian,1,,,,1,BROADWAY,HARRIS AVE ,Giana Valletta,396,21-Feb-18,"Two-Way, Divided, Unprotected (painted>4feet) Medium",Dry,Dark - Lighted,Clear,Other,No,Stop Signs,4,1,Complains Of Pain,,41.81705,-71.44029
698399,2018-00019084,2018-02-22,7:51:00 PM,Pedestrian,1,,,,1,CHARLES ST,CHARLES ST ,Cory Vingi,237,22-Feb-18,"Two-Way , Not Divided",Dry,Dark - Lighted,Clear,Not a Collision Between Two Motor Vehicles in Transport,No,No Controls,3,1,Complains Of Pain,,41.85245,-71.42032
698978,2018-00019418,2018-02-23,6:00:00 PM,Pedestrian,1,,,,1,SMITHFIELD AVE,SMITHFIELD AVE ,James Lanier,211,23-Feb-18,"Two-Way, Divided, Unprotected (painted>4feet) Medium",Wet,Dark - Lighted,Rain,Not a Collision Between Two Motor Vehicles in Transport,No,No Controls,6,1,Fatal,2,41.85868,-71.41096
699129,2018-00019316,2018-02-23,11:00:00 AM,Bicycle,,1,,,1,ACADEMY AVE,ATWELLS AVE ,Joseph Iannucci,410,24-Feb-18,"Two-Way , Not Divided",Wet,Daylight,Rain,Angle (Front - to - Side) Right Angle (Includes Broadside),No,Traffic Control Signal,2,0,No Injury,,41.82479,-71.4434
699498,2018-00019794,2018-02-24,5:31:00 PM,Pedestrian,1,,,,1,1297 BROAD ST,,MICHAEL R. TROIA / TRAFFIC BUREAU,331,24-Feb-18,"Two-Way , Not Divided",Wet,Dark - Lighted,Rain,Not a Collision Between Two Motor Vehicles in Transport,No,No Controls,4,1,Complains Of Pain,,41.79108,-71.40593
699513,2018-00019798,2018-02-24,5:48:00 PM,Pedestrian,1,,,,1,LINWOOD AVE,CRANSTON ST ,Brittany Boudreau,236,24-Feb-18,"Two-Way , Not Divided",Wet,Dark - Lighted,Rain,Not a Collision Between Two Motor Vehicles in Transport,No,Traffic Control Signal,2,1,Complains Of Pain,,41.80708,-71.43585
699654,2018-00019741,2018-02-24,3:38:00 PM,Bicycle,,1,,,1,MANTON AVE,HYAT ST ,James Lanier,211,24-Feb-18,"Two-Way, Divided, Unprotected (painted>4feet) Medium",Dry,Daylight,Rain,Not a Collision Between Two Motor Vehicles in Transport,"Yes, M/V and Driver Left Scene",Pavement Markings,1,0,No Injury,2,41.82139,-71.44843
704133,2018-00019799,2018-02-24,5:42:00 PM,Pedestrian,1,,,,1,DOUGLAS AVENUE,EATON STREET,Joseph Madeira,552,7-Mar-18,"Two-Way , Not Divided",Dry,Dark - Lighted,Clear,Other,"Yes, M/V and Driver Left Scene",Traffic Control Signal,1,0,Unknown,,41.83457,-71.41644
699965,2018-00019989,2018-02-25,2:48:00 AM,Pedestrian,1,,,,1,BROAD ST,BROAD ST ,William Sherrill,363,25-Feb-18,"Two-Way , Not Divided",Dry,Dark - Lighted,Clear,Head-On (Front - to - Front),"Yes, M/V and Driver Left Scene",No Controls,4,1,Complains Of Pain,,41.79215,-71.40714
700132,2018-00020114,2018-02-25,4:14:00 PM,Pedestrian,1,,,,1,CHALKSTONE AVE,BERLIN ST ,MICHAEL R. TROIA / TRAFFIC BUREAU,331,25-Feb-18,"Two-Way , Not Divided",Wet,Daylight,Rain,Not a Collision Between Two Motor Vehicles in Transport,"Yes, M/V and Driver Left Scene",No Controls,1,1,Complains Of Pain,2,41.83227,-71.44158
700739,2018-00020804,2018-02-27,2:20:00 PM,Pedestrian,1,,,,1,DORRANCE ST,WESTMINSTER ST ,Fernando Lopez,156,27-Feb-18,"Two-Way , Not Divided",Dry,Daylight,Clear,Not a Collision Between Two Motor Vehicles in Transport,No,Traffic Control Signal,2,1,Complains Of Pain,,41.8236,-71.41165
701370,2018-00021470,2018-03-01,8:05:00 AM,Pedestrian,1,,,,1,BROADWAY,KNIGHT ST ,Fernando Lopez,156,1-Mar-18,"Two-Way , Not Divided",Dry,Daylight,Clear,Not a Collision Between Two Motor Vehicles in Transport,No,Pavement Markings,3,1,Complains Of Pain,,41.8198,-71.42936
702124,2018-00021946,2018-03-02,1:20:00 PM,Pedestrian,1,,,,1,BROAD ST,BROAD ST ,James Lanier,211,2-Mar-18,"Two-Way , Not Divided",Wet,Daylight,Rain,Not a Collision Between Two Motor Vehicles in Transport,No,No Controls,3,1,Non-Incapacitating,,41.79692,-71.41307
702183,2018-00022144,2018-03-02,7:07:00 PM,Pedestrian,1,,,,1,BROADWAY,HARKNESS ST ,Cory Vingi,237,2-Mar-18,"Two-Way , Not Divided",Wet,Dark - Lighted,Clear,Not a Collision Between Two Motor Vehicles in Transport,No,No Controls,3,1,Complains Of Pain,,41.81862,-71.43441
702324,2018-00022186,2018-03-02,9:16:00 PM,Pedestrian,1,,,,1,Cranston St,DEXTER ST ,Deanna Johnson,408,2-Mar-18,"Two-Way , Not Divided",Wet,Dark - Lighted,Rain,Not a Collision Between Two Motor Vehicles in Transport,"Yes, M/V and Driver Left Scene",No Controls,1,1,Complains Of Pain,,41.81259,-71.42961
702484,2018-00022411,2018-03-03,1:09:00 PM,Pedestrian,1,,,,1,Angel St,BENEFIT ST ,James Annis,454,3-Mar-18,"Two-Way , Not Divided",Dry,Daylight,Clear,Not a Collision Between Two Motor Vehicles in Transport,"Yes, M/V and Driver Left Scene",Traffic Control Signal,3,1,Complains Of Pain,2,41.82725,-71.40751
702707,2018-00022719,2018-03-04,2:48:00 AM,Pedestrian,2,,,,1,MESSER ST,CRANSTON ST ,Joshua Cascione,225,4-Mar-18,"Two-Way , Not Divided",Dry,Dark - Lighted,Cloudy,Not a Collision Between Two Motor Vehicles in Transport,"Yes, M/V and Driver Left Scene",No Controls,2,0,No Injury,,41.80963,-71.43345
702989,2018-00022957,2018-03-04,7:10:00 PM,Pedestrian,1,,,,1,Parade St ,HOLLYWOOD RD ,Joseph Lopes,227,4-Mar-18,"Two-Way , Not Divided",Dry,Dark - Lighted,Clear,Not a Collision Between Two Motor Vehicles in Transport,No,Pavement Markings,4,1,Incapacitating,,41.81576,-71.43309
703644,2018-00023589,2018-03-06,3:50:00 PM,Pedestrian,1,,,,1,REGENT AVE,HAROLD ST ,Joseph Lopes,227,6-Mar-18,"Two-Way , Not Divided",Dry,Daylight,Clear,Not a Collision Between Two Motor Vehicles in Transport,"Yes, M/V and Driver Left Scene",Stop Signs,1,1,Complains Of Pain,,41.82972,-71.4387
704051,2018-00023898,2018-03-07,1:21:00 PM,Pedestrian,1,,,,1,NARRAGANSETT BLVD,WASHINGTON AVE ,Fernando Lopez,156,7-Mar-18,"Two-Way , Not Divided",Wet,Daylight,Rain,Not a Collision Between Two Motor Vehicles in Transport,No,No Controls,3,1,Complains Of Pain,,41.78823,-71.39574
704252,2018-00024006,2018-03-07,7:48:00 PM,Pedestrian,1,,,,1,THURBERS AVE,BROAD ST ,John Benros,481,7-Mar-18,"Two-Way , Not Divided",Snow,Dark - Lighted,Snow,Other,No,No Controls,2,1,Complains Of Pain,,41.79822,-71.41453
704642,2018-00024295,2018-03-08,6:04:00 PM,Pedestrian,1,,,,1,COLLEGE ST,BENEFIT ST ,Noel Field,260,8-Mar-18,"Two-Way , Not Divided",Dry,Dusk,Cloudy,Other,"Yes, M/V and Driver Left Scene",Pavement Markings,4,1,Complains Of Pain,,41.826,-71.40683
705343,2018-00025032,2018-03-10,8:10:00 PM,Pedestrian,1,,,,1,atwells ave,STEUBEN ST ,Graig Sion,254,10-Mar-18,"Two-Way, Divided, Unprotected (painted>4feet) Medium",Dry,Dark - Lighted,Clear,Other,"Yes, M/V and Driver Left Scene",Person,1,1,Complains Of Pain,,41.82508,-71.44905
705961,2018-00025420,2018-03-12,12:14:00 AM,Other,,,,,1,BROADWAY,DEAN ST ,Robert Heaton,539,12-Mar-18,"Two-Way , Not Divided",Dry,Dark - Lighted,Clear,Other,No,Flashing Traffic Control Signal,2,1,Non-Incapacitating,2,41.82139,-71.42258
706008,2018-00025483,2018-03-12,7:31:00 AM,Pedestrian,1,,,,1,CHARLES ST,LEDGE ST ,Fernando Lopez,156,12-Mar-18,"Two-Way , Not Divided",Dry,Daylight,Clear,Not a Collision Between Two Motor Vehicles in Transport,No,No Controls,5,1,Complains Of Pain,,41.85335,-71.42046
706159,2018-00025587,2018-03-12,1:54:00 PM,Pedestrian,1,,,,1,ATLANTIC AVE,NIAGARA ST ,Fernando Lopez,156,12-Mar-18,"Two-Way , Not Divided",Dry,Daylight,Clear,Not a Collision Between Two Motor Vehicles in Transport,"Yes, M/V and Driver Left Scene",No Controls,2,1,Complains Of Pain,,41.79925,-71.41661
707593,2018-00026407,2018-03-14,11:55:00 PM,Pedestrian,1,,,,1,SOMERSET ST,BROAD ST ,Robert Heaton,539,15-Mar-18,"Two-Way , Not Divided",Wet,Dark - Lighted,Cloudy,Other,No,No Controls,4,1,Incapacitating,2,41.81332,-71.42129
709180,2018-00027155,2018-03-17,1:53:00 AM,Pedestrian,1,,,,1,ACORN ST,ATWELLS AVE ,Robert Heaton,539,17-Mar-18,"Two-Way , Not Divided",Dry,Dark - Lighted,Clear,Other,"Yes, M/V and Driver Left Scene",No Controls,4,1,Complains Of Pain,2,41.82385,-71.42801
711110,2018-00028601,2018-03-20,6:15:00 PM,Bicycle,,1,,,1,BERGEN ST,ANDEM ST ,Michael Luke,245,21-Mar-18,"Two-Way , Not Divided",Dry,Dark - Lighted,Clear,Not a Collision Between Two Motor Vehicles in Transport,"Yes, M/V and Driver Left Scene",Stop Signs,1,1,Complains Of Pain,,41.83078,-71.43984
711316,2018-00028759,2018-03-21,4:26:00 PM,Pedestrian,1,,,,1,881 WESTMINSTER ST,,MICHAEL R. TROIA / TRAFFIC BUREAU,331,21-Mar-18,"Two-Way , Not Divided",Wet,Daylight,Snow,Not a Collision Between Two Motor Vehicles in Transport,No,No Controls,4,1,Complains Of Pain,2,41.81737,-71.42278
713019,2018-00030457,2018-03-26,6:01:00 PM,Bicycle,,1,,,1,159 WEYBOSSET ST,,MICHAEL R. TROIA / TRAFFIC BUREAU,331,26-Mar-18,"Two-Way , Not Divided",Dry,Daylight,Clear,Not a Collision Between Two Motor Vehicles in Transport,No,No Controls,5,1,Complains Of Pain,2,41.82249,-71.41157
713626,2018-00030807,2018-03-27,5:39:00 PM,Pedestrian,1,,,,1,Dean Street ,BROADWAY ,James Lanier,211,27-Mar-18,"Two-Way, Divided, Unprotected (painted>4feet) Medium",Dry,Daylight,Clear,Not a Collision Between Two Motor Vehicles in Transport,No,No Controls,2,1,Non-Incapacitating,2,41.82133,-71.42247
714851,2018-00031737,2018-03-30,12:53:00 PM,Pedestrian,1,,,,1,SALMON ST,MANTON AVE ,Fernando Lopez,156,30-Mar-18,"Two-Way , Not Divided",Dry,Daylight,Clear,Not a Collision Between Two Motor Vehicles in Transport,No,Pavement Markings,3,1,Complains Of Pain,,41.82521,-71.45405
715753,2018-00032749,2018-04-02,12:00:00 PM,Pedestrian,1,,,,1,ELM ST,EDDY ST ,Thomas Rose,465,2-Apr-18,"Two-Way , Not Divided",Wet,Daylight,"Sleet, Hail (Freezing Rain or Drizzle)",Other,No,No Controls,4,1,Non-Incapacitating,,41.81825,-71.40748
715886,2018-00032799,2018-04-02,3:11:00 PM,Pedestrian,1,,,,1,BROADWAY,SERVICE ROAD 8 ,Taft Manzotti,377,2-Apr-18,"Two-Way , Not Divided",Dry,Daylight,Clear,Not a Collision Between Two Motor Vehicles in Transport,No,Traffic Control Signal,3,1,Complains Of Pain,,41.82212,-71.41976
716182,2018-00033121,2018-04-03,1:01:00 PM,Pedestrian,1,,,,1,S MAIN ST,COLLEGE ST ,KEN MATSUMOTO,348,3-Apr-18,One-Way Trafficway,Dry,Daylight,Cloudy,Not a Collision Between Two Motor Vehicles in Transport,No,Pavement Markings,2,1,Complains Of Pain,,41.82528,-71.40756
717576,2018-00034200,2018-04-06,2:55:00 PM,Pedestrian,1,,,,1,BROAD ST,BROAD ST ,Raleek Byfield,375,6-Apr-18,"Two-Way, Divided, Unprotected (painted>4feet) Medium",Wet,Daylight,Snow,Not a Collision Between Two Motor Vehicles in Transport,"Yes, M/V and Driver Left Scene",Pavement Markings,2,1,Complains Of Pain,,41.80572,-71.41978
717770,2018-00034294,2018-04-06,8:09:00 PM,Pedestrian,1,,,,1,DOUGLAS AVE,DOUGLAS AVE ,Cory Vingi,237,6-Apr-18,"Two-Way , Not Divided",Wet,Dark - Lighted,Cloudy,Not a Collision Between Two Motor Vehicles in Transport,No,No Controls,2,1,Complains Of Pain,,41.83567,-71.41871
720016,2018-00036070,2018-04-11,9:46:00 PM,Pedestrian,1,,,,1,HAGAN ST,Charles St ,Joseph Lopes,227,11-Apr-18,"Two-Way , Not Divided",Dry,Dark - Lighted,Clear,Not a Collision Between Two Motor Vehicles in Transport,No,Stop Signs,3,1,Complains Of Pain,,41.85707,-71.42112
720530,2018-00036334,2018-04-12,3:29:00 PM,Pedestrian,1,,,,1,Althea St ,Union Ave ,Jennifer Fonseca,402,12-Apr-18,"Two-Way, Divided, Unprotected (painted>4feet) Medium",Dry,Daylight,Clear,Not a Collision Between Two Motor Vehicles in Transport,No,No Controls,2,1,Complains Of Pain,,41.80934,-71.43873
721313,2018-00037005,2018-04-14,12:09:00 PM,Pedestrian,1,,,,1,1010 CHALKSTONE AVENUE,TIFFANY ST ,Dormica Waters,427,14-Apr-18,"Two-Way , Not Divided",Dry,Daylight,Clear,Other,No,No Controls,2,1,Complains Of Pain,,41.83226,-71.44098
722323,2018-00037985,2018-04-17,2:42:00 PM,Pedestrian,1,,,,1,291 Thayer st,CUSHING ST ,Joseph Lopes,227,17-Apr-18,One-Way Trafficway,Dry,Daylight,Clear,Not a Collision Between Two Motor Vehicles in Transport,No,Stop Signs,2,1,Complains Of Pain,,41.83,-71.4009
724088,2018-00039628,2018-04-22,1:23:00 PM,Pedestrian,1,,,,1,DOUGLAS AVE,WAYNE ST ,Fernando Lopez,156,22-Apr-18,"Two-Way , Not Divided",Dry,Daylight,Clear,Not a Collision Between Two Motor Vehicles in Transport,No,No Controls,3,1,Non-Incapacitating,,41.83594,-71.41935
724379,2018-00039981,2018-04-23,1:39:00 PM,Pedestrian,1,,,,1,BROAD ST,ADELAIDE AVE ,Erick Fernandez,228,23-Apr-18,"Two-Way , Not Divided",Dry,Dark - Lighted,Clear,Not a Collision Between Two Motor Vehicles in Transport,"Yes, M/V and Driver Left Scene",No Controls,1,1,Complains Of Pain,,41.79874,-71.41534
724398,2018-00040020,2018-04-23,3:19:00 PM,Pedestrian,1,,,,1,235 Eaton St ,RADCLIFFE AVE ,Joseph Lopes,227,23-Apr-18,"Two-Way , Not Divided",Dry,Daylight,Clear,Not a Collision Between Two Motor Vehicles in Transport,No,No Controls,3,1,Complains Of Pain,,41.84115,-71.43001
724893,2018-00040234,2018-04-24,7:23:00 AM,Pedestrian,1,,,,1,POWER ST,THAYER ST ,Fernando Lopez,156,24-Apr-18,"Two-Way , Not Divided",Dry,Daylight,Clear,Not a Collision Between Two Motor Vehicles in Transport,No,Pavement Markings,3,1,Complains Of Pain,,41.82296,-71.39996
725871,2018-00040978,2018-04-26,11:15:00 AM,Pedestrian,1,,,,1,PLAINFIELD ST,EDNA ST ,Jason Andrade,200,26-Apr-18,"Two-Way, Divided, Positive Median Barrier",Dry,Daylight,Clear,Other,No,Traffic Control Signal,3,1,Complains Of Pain,,41.81592,-71.44513
725895,2018-00041093,2018-04-26,4:13:00 PM,Bicycle,,1,,,1,718 PLAINFIELD ST,,MICHAEL R. TROIA / TRAFFIC BUREAU,331,26-Apr-18,"Two-Way , Not Divided",Dry,Daylight,Clear,Not a Collision Between Two Motor Vehicles in Transport,No,No Controls,2,1,Complains Of Pain,2,41.81124,-71.46197
726183,2018-00041175,2018-04-26,7:34:00 PM,Bicycle,,1,,,1,EAST DR,GENERAL ST ,Cory Vingi,237,26-Apr-18,"Two-Way , Not Divided",Dry,Dark - Lighted,Clear,Not a Collision Between Two Motor Vehicles in Transport,"Yes, M/V and Driver Left Scene",No Controls,2,1,Complains Of Pain,,41.85324,-71.44271
726283,2018-00041407,2018-04-27,11:00:00 AM,Pedestrian,1,,,,1,FULTON ST,DORRANCE ST ,KEN MATSUMOTO,348,27-Apr-18,"Two-Way , Not Divided",Dry,Daylight,Clear,Not a Collision Between Two Motor Vehicles in Transport,No,Traffic Control Signal,5,1,Complains Of Pain,,41.82413,-71.41236
726550,2018-00041781,2018-04-28,12:37:00 PM,Pedestrian,1,,,,1,BROAD ST,OXFORD ST ,Joseph Nezier,233,29-Apr-18,"Two-Way , Not Divided",Dry,Daylight,Clear,Not a Collision Between Two Motor Vehicles in Transport,No,No Controls,3,1,Complains Of Pain,,41.79962,-71.41642
726621,2018-00042599,2018-04-30,12:42:00 PM,Pedestrian,1,,,,1,62 DUDLEY ST,,Fernando Lopez,156,30-Apr-18,Unknown,Dry,Daylight,Clear,Not a Collision Between Two Motor Vehicles in Transport,No,No Controls,3,1,Complains Of Pain,,41.80731,-71.40725
726741,2018-00042888,2018-05-01,11:45:00 AM,Pedestrian,1,,,,1,CHARLES ST,CHARLES ST ,Michael Moonan,286,1-May-18,Unknown,Dry,Daylight,Clear,Not a Collision Between Two Motor Vehicles in Transport,"Yes, M/V and Driver Left Scene",No Controls,1,1,Complains Of Pain,,41.84688,-71.41936
726983,2018-00043819,2018-05-03,3:16:00 PM,Pedestrian,1,,,,1,S MAIN ST,COLLEGE ST ,Miguel Castillo,489,3-May-18,One-Way Trafficway,Dry,Daylight,Clear,Not a Collision Between Two Motor Vehicles in Transport,No,Traffic Control Signal,4,1,Non-Incapacitating,2,41.82568,-71.40787
727129,2018-00044113,2018-05-04,9:01:00 AM,Pedestrian,1,,,,1,STEPHEN HOPKINS COURT,WILLIAM ELLERY PL ,Fernando Lopez,156,4-May-18,"Two-Way , Not Divided",Dry,Daylight,Clear,Not a Collision Between Two Motor Vehicles in Transport,"Yes, M/V and Driver Left Scene",No Controls,1,1,Complains Of Pain,,41.83745,-71.40714
727577,2018-00044276,2018-05-04,4:19:00 PM,Pedestrian,1,,X,,1,CHARLES ST,CORLISS ST ,Paul Caminero,339,4-May-18,"Two-Way, Divided, Unprotected (painted>4feet) Medium",Dry,Daylight,Clear,Not a Collision Between Two Motor Vehicles in Transport,No,Stop Signs,2,1,Complains Of Pain,,41.83806,-71.41452
727635,2018-00044685,2018-05-05,2:15:00 PM,Pedestrian,1,,,,1,HOSPITAL ST,POINT ST ,Thomas Rose,465,5-May-18,"Two-Way , Not Divided",Dry,Daylight,Clear,Other,No,No Controls,3,1,Complains Of Pain,,41.81583,-71.40961
727662,2018-00044870,2018-05-05,9:55:00 PM,Pedestrian,1,,,,1,MANTON AVE,LYNCH ST ,Daniel Hernandez,255,5-May-18,"Two-Way , Not Divided",Dry,Dark - Lighted,Clear,Not a Collision Between Two Motor Vehicles in Transport,"Yes, M/V and Driver Left Scene",No Controls,1,1,Complains Of Pain,,41.82415,-71.4522
728178,2018-00046274,2018-05-09,3:59:00 PM,Other,,1,,,1,601 N MAIN ST,,MICHAEL R. TROIA / TRAFFIC BUREAU,331,9-May-18,"Two-Way , Not Divided",Dry,Daylight,Clear,Not a Collision Between Two Motor Vehicles in Transport,No,No Controls,2,0,No Injury,,41.83825,-71.40925
728408,2018-00046620,2018-05-10,12:40:00 PM,Bicycle,,1,,,1,FEDERAL ST,DEAN ST ,Cory Vingi,237,10-May-18,"Two-Way , Not Divided",Dry,Daylight,Clear,Not a Collision Between Two Motor Vehicles in Transport,No,No Controls,3,1,Complains Of Pain,,41.82228,-71.42327
728771,2018-00047023,2018-05-11,1:45:00 PM,Pedestrian,1,,,,1,VALLEY ST,RIVER AVE ,Luis Pelaez,336,11-May-18,"Two-Way , Not Divided",Dry,Daylight,Clear,Not a Collision Between Two Motor Vehicles in Transport,No,Traffic Control Signal,4,1,Complains Of Pain,2,41.82796,-71.43516
728778,2018-00047168,2018-05-11,7:28:00 PM,Pedestrian,1,,,,1,SMITH ST,CHALKSTONE AVE ,Cory Vingi,237,11-May-18,"Two-Way , Not Divided",Dry,Dark - Lighted,Clear,Not a Collision Between Two Motor Vehicles in Transport,No,No Controls,3,1,Complains Of Pain,,41.83542,-71.42616
729290,2018-00048220,2018-05-14,4:56:00 PM,Pedestrian,1,,,,1,PACKET ST,S MAIN ST ,Cory Vingi,237,14-May-18,"Two-Way , Not Divided",Dry,Daylight,Clear,Not a Collision Between Two Motor Vehicles in Transport,No,Stop Signs,2,1,Complains Of Pain,,41.8235,-71.40617
730033,2018-00049130,2018-05-17,12:58:00 AM,Pedestrian,2,,,,1,S WATER ST,POINT ST ,Anthony Moore,390,17-May-18,One-Way Trafficway,Wet,Dark - Lighted,Rain,Angle (Front - to - Side) Right Angle (Includes Broadside),No,Traffic Control Signal,4,2,Non-Incapacitating,,41.81869,-71.40178
730101,2018-00049222,2018-05-17,11:37:00 AM,Pedestrian,1,,,,1,SILVER SPRING ST,TOURO ST ,Fernando Lopez,156,17-May-18,"Two-Way , Not Divided",Dry,Daylight,Cloudy,Not a Collision Between Two Motor Vehicles in Transport,No,No Controls,2,1,Non-Incapacitating,,41.84516,-71.41822
730637,2018-00049932,2018-05-19,1:17:00 AM,Pedestrian,1,,,,1,GASPEE ST,SMITH ST ,Kristen Barth,247,19-May-18,"Two-Way , Not Divided",Dry,Dark - Lighted,Clear,Not a Collision Between Two Motor Vehicles in Transport,No,Traffic Control Signal,2,1,Complains Of Pain,,41.83152,-71.41281
730662,2018-00050063,2018-05-19,1:16:00 PM,Bicycle,,1,,,1,LUBEC ST,DOUGLAS AVE ,KEN MATSUMOTO,348,19-May-18,"Two-Way, Divided, Unprotected (painted>4feet) Medium",Wet,Daylight,Rain,Not a Collision Between Two Motor Vehicles in Transport,No,Pavement Markings,2,1,Complains Of Pain,,41.85573,-71.4417
731175,2018-00050391,2018-05-20,1:00:00 PM,Bicycle,,1,,,1,Earl St,ELMWOOD AVE ,Peter Salmons,207,20-May-18,"Two-Way, Divided, Positive Median Barrier",Dry,Daylight,Clear,Angle (Front - to - Side) Right Angle (Includes Broadside),No,No Controls,2,1,Complains Of Pain,,41.79809,-71.42618
732229,2018-00050403,2018-05-20,1:57:00 PM,Bicycle,,1,,,1,7TH ST,HIGHLAND AVE,Joseph Dosreis,379,24-May-18,"Two-Way , Not Divided",Dry,Daylight,Clear,Other,No,Stop Signs,2,1,Complains Of Pain,,41.83793,-71.42404
731274,2018-00050776,2018-05-21,11:53:00 AM,Pedestrian,2,,,,1,E GEORGE ST,GANO ST ,KEN MATSUMOTO,348,21-May-18,"Two-Way , Not Divided",Dry,Daylight,Clear,Not a Collision Between Two Motor Vehicles in Transport,No,Pavement Markings,5,2,Incapacitating,,41.82587,-71.3904
731291,2018-00050909,2018-05-21,5:04:00 PM,Pedestrian,1,,,,1,ACADEMY AVE,MAPLEHURST AVE ,MICHAEL R.TROIA / TRAFFIC BUREAU,331,21-May-18,"Two-Way , Not Divided",Dry,Daylight,Clear,Not a Collision Between Two Motor Vehicles in Transport,"Yes, M/V and Driver Left Scene",No Controls,5,1,Complains Of Pain,2,41.82681,-71.44364
731369,2018-00051221,2018-05-22,12:11:00 PM,Pedestrian,1,,,,1,WHITE ST,10TH ST ,KEN MATSUMOTO,348,22-May-18,"Two-Way , Not Divided",Dry,Daylight,Clear,Not a Collision Between Two Motor Vehicles in Transport,No,Traffic Control Signal,3,1,Complains Of Pain,,41.85546,-71.40009
731402,2018-00051295,2018-05-22,3:19:00 PM,Pedestrian,2,,,,1,WICKENDEN ST,SOUTH MAIN ST,MICHAEL R. TROIA / TRAFFIC BUREAU,331,22-May-18,"Two-Way, Divided, Positive Median Barrier",Dry,Daylight,Clear,Not a Collision Between Two Motor Vehicles in Transport,No,Traffic Control Signal,4,2,Complains Of Pain,4,41.81905,-71.4009
731611,2018-00051388,2018-05-22,6:33:00 PM,Pedestrian,1,,,,1,KENNEDY PLZ,ARCADE ST ,Glen Morgan,558,22-May-18,One-Way Trafficway,Wet,Daylight,Clear,Head-On (Front - to - Front),"Yes, M/V and Driver Left Scene",No Controls,1,1,Complains Of Pain,,41.82451,-71.41186
731739,2018-00051609,2018-05-23,12:48:00 PM,Pedestrian,1,,,,1,RESERVOIR AVE,ELMWOOD AVE ,Albert Deschamps,527,23-May-18,"Two-Way , Not Divided",Dry,Daylight,Clear,Not a Collision Between Two Motor Vehicles in Transport,"Yes, M/V and Driver Left Scene",No Controls,1,1,Complains Of Pain,,41.7978,-71.4261
732683,2018-00052203,2018-05-24,6:13:00 PM,Pedestrian,1,,,,1,ADELAIDE AVE,BROAD ST ,James Lanier,211,24-May-18,"Two-Way, Divided, Unprotected (painted>4feet) Medium",Dry,Daylight,Clear,Not a Collision Between Two Motor Vehicles in Transport,No,Traffic Control Signal,3,1,Incapacitating,1,41.79885,-71.41547
732689,2018-00052339,2018-05-25,1:00:00 AM,Pedestrian,1,,,,1,WESTMINSTER ST,CAHIR ST ,Kristen Barth,247,25-May-18,"Two-Way , Not Divided",Dry,Dark - Lighted,Clear,Not a Collision Between Two Motor Vehicles in Transport,"Yes, M/V and Driver Left Scene",Traffic Control Signal,1,1,Complains Of Pain,,41.81822,-71.42018
733061,2018-00053026,2018-05-26,3:35:00 PM,Pedestrian,1,,,,1,VALLEY ST,ATWELLS AVE ,Cory Vingi,237,26-May-18,"Two-Way , Not Divided",Dry,Daylight,Clear,Not a Collision Between Two Motor Vehicles in Transport,"Yes, M/V and Driver Left Scene",Traffic Control Signal,2,1,Complains Of Pain,,41.82469,-71.43945
733161,2018-00052971,2018-05-26,12:29:00 PM,Bicycle,,1,,,1,387 CHARLES ST,EXIT  (RT ),Michael Moonan,286,27-May-18,"Two-Way , Not Divided",Dry,Daylight,Clear,Not a Collision Between Two Motor Vehicles in Transport,"Yes, M/V and Driver Left Scene",Traffic Control Signal,1,1,Complains Of Pain,,41.84224,-71.41786
733233,2018-00052931,2018-05-26,10:25:00 AM,Pedestrian,2,,,,1,DEXTERDALE RD,CAMP ST ,Anthony Hampton,681,28-May-18,"Two-Way , Not Divided",Dry,Daylight,Cloudy,Other,"Yes, M/V and Driver Left Scene",No Controls,4,1,Complains Of Pain,,41.84786,-71.40251
733252,2018-00053820,2018-05-28,5:13:00 PM,Pedestrian,3,,,,1,Pavilion Ave,PRAIRIE AVE ,Joseph Lopes,227,28-May-18,"Two-Way , Not Divided",Dry,Daylight,Clear,Not a Collision Between Two Motor Vehicles in Transport,No,No Controls,6,3,Non-Incapacitating,,41.79519,-71.41005
733270,2018-00053886,2018-05-28,7:42:00 PM,Bicycle,,1,,,1,SMITH ST,ORMS ST ,Joseph Lopes,227,28-May-18,"Two-Way , Not Divided",Dry,Dusk,Clear,Not a Collision Between Two Motor Vehicles in Transport,No,Traffic Control Signal,4,1,Non-Incapacitating,,41.83377,-71.42198