CrashReportId,ReportNumber,CrashDate,CrashTime,Collision Type,CountPedestrian,CountBicycle,Scooter,Wheel Chair,NumberofVehicles,StreetOrHighway,NearestIntersection,Officer,Badge,ReportDate,TypeOfRoadway,RoadSurfaceCondition,LightCondition,WeatherCondition,MannerofImpact,HitAndRun,TrafficControl,PersonCount,InjuryCount,MostSeriousInjury,NumberOfLanes,Latitude,Longitude
733290,2018-00053958,2018-05-28,11:09:00 PM,Pedestrian,1,,,,1,WEST FRANKLIN STREET,FRIENDSHIP ST ,Joseph Amoroso,613,29-May-18,One-Way Trafficway,Dry,Dark - Lighted,Clear,Not a Collision Between Two Motor Vehicles in Transport,No,Traffic Control Signal,3,2,Incapacitating,,41.81638,-71.41587
733789,2018-00054647,2018-05-30,3:58:00 PM,Pedestrian,1,,,,1,POINT ST,GLOBE ST ,Donald Brien,630,30-May-18,"Two-Way, Divided, Unprotected (painted>4feet) Medium",Dry,Daylight,Clear,Not a Collision Between Two Motor Vehicles in Transport,No,Stop Signs,2,0,No Injury,,41.81566,-71.4095
734588,2018-00055045,2018-05-31,3:57:00 PM,Pedestrian,1,,,,1,135 Harris Avenue ,135 Harris Avenue ,James Lanier,211,31-May-18,"Two-Way, Divided, Positive Median Barrier",Dry,Daylight,Clear,Not a Collision Between Two Motor Vehicles in Transport,"Yes, M/V and Driver Left Scene",No Controls,2,1,Non-Incapacitating,2,41.82687,-71.42475
735788,2018-00057200,2018-06-05,7:48:00 PM,Bicycle,,1,,,1,MANTON AVE,DELAINE ST ,Cory Vingi,237,5-Jun-18,"Two-Way , Not Divided",Dry,Dark - Lighted,Cloudy,Not a Collision Between Two Motor Vehicles in Transport,"Yes, M/V and Driver Left Scene",Traffic Control Signal,1,1,Complains Of Pain,,41.81795,-71.44465
735975,2018-00057495,2018-06-06,6:00:00 PM,Pedestrian,1,,,,1,BROOM ST,EDDY ST ,Kenneth Demarco,176,6-Jun-18,"Two-Way, Not Divided With a Continuous Left Turn Lane",Dry,Daylight,Cloudy,Not a Collision Between Two Motor Vehicles in Transport,"Yes, M/V and Driver Left Scene",Stop Signs,2,1,Complains Of Pain,,41.79052,-71.40477
735982,2018-00057411,2018-06-06,2:45:00 PM,Pedestrian,1,,,,1,Dexter Street ,WALDO ST ,James Lanier,211,6-Jun-18,"Two-Way, Divided, Unprotected (painted>4feet) Medium",Dry,Daylight,Clear,Not a Collision Between Two Motor Vehicles in Transport,No,No Controls,4,1,Non-Incapacitating,1,41.80467,-71.4299
736163,2018-00057979,2018-06-07,11:36:00 PM,Bicycle,,1,,,1,ELMWOOD AVE,BISSELL ST ,Robert Heaton,539,8-Jun-18,"Two-Way, Divided, Unprotected (painted>4feet) Medium",Dry,Dark - Lighted,Clear,Angle - Direction Not Specified,No,No Controls,3,1,Complains Of Pain,4,41.77744,-71.42118
736288,2018-00058516,2018-06-09,8:45:00 AM,Pedestrian,1,,,,1,195 EAST ON-RAMP,SOUTH MAIN ST ,Fernando Lopez,156,9-Jun-18,One-Way Trafficway,Dry,Daylight,Clear,Not a Collision Between Two Motor Vehicles in Transport,No,Other,3,1,Complains Of Pain,,41.81686,-71.39849
736400,2018-00059048,2018-06-10,12:16:00 PM,Pedestrian,1,,,,1,EDDY ST,BAY ST ,Ken Matsumkoto / Fernando Lopez 156,340,10-Jun-18,"Two-Way , Not Divided",Dry,Daylight,Clear,Not a Collision Between Two Motor Vehicles in Transport,No,No Controls,5,1,Complains Of Pain,,41.8062,-71.40724
737003,2018-00060142,2018-06-13,10:06:00 AM,Pedestrian,1,,,,1,N MAIN ST,WASHINGTON PL,KEN MATSUMOTO,348,13-Jun-18,One-Way Trafficway,Dry,Daylight,Cloudy,Not a Collision Between Two Motor Vehicles in Transport,No,Traffic Control Signal,2,1,Complains Of Pain,,41.82688,-71.4087
737021,2018-00060215,2018-06-13,2:18:00 PM,Bicycle,,1,,,1,Broad St,BROAD ST ,Peter Salmons,207,13-Jun-18,"Two-Way , Not Divided",Wet,Daylight,Clear,Not a Collision Between Two Motor Vehicles in Transport,No,No Controls,3,1,Complains Of Pain,,41.80158,-71.41841
737096,2018-00060398,2018-06-14,12:24:00 AM,Pedestrian,1,,,,1,SMITH ST,YOUNG AVE,Robert Heaton,539,14-Jun-18,"Two-Way , Not Divided",Dry,Dark - Lighted,Clear,Other,No,No Controls,4,2,Incapacitating,2,41.83575,-71.42697
737147,2018-00060625,2018-06-14,5:04:00 PM,Bicycle,,1,,,1,salmon st ,MANTON AVE ,Joseph Lopes,227,14-Jun-18,"Two-Way , Not Divided",Dry,Daylight,Clear,Not a Collision Between Two Motor Vehicles in Transport,No,Stop Signs,2,1,Complains Of Pain,,41.82509,-71.45394
737157,2018-00060744,2018-06-14,10:57:00 PM,Bicycle,,1,,,1,WESTMINSTER ST,CAHIR ST ,Kristen Barth,247,14-Jun-18,"Two-Way , Not Divided",Dry,Dark - Lighted,Clear,Not a Collision Between Two Motor Vehicles in Transport,No,Traffic Control Signal,2,0,No Injury,,41.81822,-71.42018
737250,2018-00061316,2018-06-16,11:51:00 AM,Bicycle,,1,,,1,HOPE ST,OVERHILL RD ,David Girard,690,16-Jun-18,"Two-Way , Not Divided",Dry,Daylight,Clear,Not a Collision Between Two Motor Vehicles in Transport,No,No Controls,2,1,Complains Of Pain,,41.8512,-71.39396
737391,2018-00061927,2018-06-17,4:46:00 PM,Pedestrian,1,,,,1,Orms St,CANDACE ST ,Joseph Lopes,227,17-Jun-18,"Two-Way , Not Divided",Dry,Daylight,Clear,Not a Collision Between Two Motor Vehicles in Transport,No,Traffic Control Signal,5,1,Complains Of Pain,,41.83378,-71.42189
737515,2018-00062311,2018-06-18,2:59:00 PM,Bicycle,,1,,,1,Washington Street ,Snow Street ,James Lanier,211,18-Jun-18,"Two-Way, Divided, Unprotected (painted>4feet) Medium",Dry,Daylight,Clear,Not a Collision Between Two Motor Vehicles in Transport,No,Stop Signs,3,1,Non-Incapacitating,1,41.82252,-71.4155
737593,2018-00062767,2018-06-19,5:27:00 PM,Bicycle,,1,,,1,Lowell Avenue,Nye Street ,James Lanier,211,19-Jun-18,"Two-Way, Divided, Unprotected (painted>4feet) Medium",Dry,Daylight,Clear,Not a Collision Between Two Motor Vehicles in Transport,"Yes, M/V and Driver Left Scene",No Controls,1,1,Non-Incapacitating,1,41.81703,-71.46038
737684,2018-00063180,2018-06-20,5:27:00 PM,Bicycle,,1,,,1,Wood St ,ELLERY ST ,Joseph Lopes,227,20-Jun-18,"Two-Way , Not Divided",Dry,Daylight,Clear,Not a Collision Between Two Motor Vehicles in Transport,No,No Controls,3,1,Non-Incapacitating,,41.81257,-71.43793
737782,2018-00063523,2018-06-21,3:45:00 PM,Pedestrian,1,,,,1,PRAIRIE AVE,COLFAX ST ,Joseph Lopes,227,21-Jun-18,"Two-Way , Not Divided",Dry,Daylight,Clear,Not a Collision Between Two Motor Vehicles in Transport,"Yes, M/V and Driver Left Scene",Stop Signs,4,1,Incapacitating,,41.79959,-71.41228
737803,2018-00063621,2018-06-21,7:20:00 PM,Pedestrian,1,,,,1,ORMS ST,ORMS ST EXIT  / DOUGLAS AVE,Robert Heaton,539,21-Jun-18,"Two-Way , Not Divided",Dry,Daylight,Clear,Other,No,No Controls,3,0,No Injury,2,41.83457,-71.41674
738248,2018-00064527,2018-06-23,11:28:00 PM,Pedestrian,1,,,,1,Allens Ave,Georgia Ave,Kristen Barth,247,24-Jun-18,"Two-Way , Not Divided",Dry,Dark - Lighted,Clear,Not a Collision Between Two Motor Vehicles in Transport,No,No Controls,2,1,Complains Of Pain,,41.79254,-71.39717
738376,2018-00065025,2018-06-25,7:42:00 AM,Bicycle,,1,,,1,POCASSET AVE,MAGNOLIA ST ,KEN MATSUMOTO,348,25-Jun-18,"Two-Way , Not Divided",Dry,Daylight,Clear,Not a Collision Between Two Motor Vehicles in Transport,No,Traffic Control Signal,3,1,Complains Of Pain,,41.81192,-71.44995
738386,2018-00065095,2018-06-26,11:43:00 AM,Pedestrian,1,,,,1,COLFAX ST,BROAD ST ,KEN MATSUMOTO,348,25-Jun-18,"Two-Way , Not Divided",Dry,Daylight,Clear,Not a Collision Between Two Motor Vehicles in Transport,"Yes, M/V and Driver Left Scene",Pavement Markings,1,1,Non-Incapacitating,,41.79888,-71.4155
738745,2018-00065880,2018-06-27,1:17:00 PM,Pedestrian,1,,,,1,HARWOL CT,SHILOH ST ,Cynthia Rodriguez,693,27-Jun-18,"Two-Way , Not Divided",Dry,Daylight,Clear,Not a Collision Between Two Motor Vehicles in Transport,"Yes, M/V and Driver Left Scene",No Controls,1,1,Complains Of Pain,,41.85269,-71.43442
738846,2018-00065970,2018-06-27,5:21:00 PM,Pedestrian,1,,,,1,60 Prairie Ave,PROVIDENCE ST ,Joseph Lopes,227,27-Jun-18,"Two-Way , Not Divided",Dry,Daylight,Clear,Not a Collision Between Two Motor Vehicles in Transport,No,No Controls,3,1,Non-Incapacitating,,41.81352,-71.41521
739020,2018-00066244,2018-06-28,12:56:00 PM,Pedestrian,1,,,,1,Broad St,Peace St,Erick Fernandez,228,28-Jun-18,"Two-Way , Not Divided",Wet,Daylight,Rain,Not a Collision Between Two Motor Vehicles in Transport,No,No Controls,4,1,Complains Of Pain,,41.80662,-71.42009
739095,2018-00066593,2018-06-29,11:12:00 AM,Pedestrian,1,,,,1,eddy Stree,I 195 RELOCATION ,Edwardo Curi,294,29-Jun-18,"Two-Way , Not Divided",Dry,Daylight,Clear,Not a Collision Between Two Motor Vehicles in Transport,"Yes, Driver Left Scene",Traffic Control Signal,1,1,Complains Of Pain,,41.80944,-71.40722
739196,2018-00066722,2018-06-29,5:12:00 PM,Pedestrian,3,,,,1,Chalkstone Ave ,GRAY ST ,Joseph Lopes,227,29-Jun-18,"Two-Way , Not Divided",Dry,Daylight,Clear,Not a Collision Between Two Motor Vehicles in Transport,No,Stop Signs,5,3,Complains Of Pain,,41.83238,-71.45309
740887,2018-00069914,2018-07-06,10:30:00 PM,Bicycle,,1,,,1,MANTON AVE,CHAFFEE ST ,Christopher Beach,230,7-Jul-18,"Two-Way , Not Divided",Dry,Dark - Unknown Lighting,Clear,Not a Collision Between Two Motor Vehicles in Transport,"Yes, M/V and Driver Left Scene",No Controls,1,1,Incapacitating,2,41.81874,-71.44566
740924,2018-00070088,2018-07-07,12:06:00 PM,Bicycle,,1,,,1,WILLIAMS ST,HOPE ST ,Ptlm. Chin,516,7-Jul-18,"Two-Way , Not Divided",Dry,Daylight,Clear,Not a Collision Between Two Motor Vehicles in Transport,No,Stop Signs,2,1,Complains Of Pain,2,41.82258,-71.39684
740986,2018-00070169,2018-07-07,3:54:00 PM,Pedestrian,1,,,,1,67 MIDDLE DRIVE ,WEST DR ,James Lanier,211,7-Jul-18,"Two-Way , Not Divided",Dry,Daylight,Clear,Not a Collision Between Two Motor Vehicles in Transport,No,No Controls,3,1,Non-Incapacitating,1,41.85312,-71.44363
741447,2018-00070704,2018-07-08,10:34:00 PM,Bicycle,,1,,,1,PLAINFIELD ST,SILVER LAKE AVE ,Michael Clary,269,10-Jul-18,"Two-Way , Not Divided",Dry,Dark - Lighted,Clear,Not a Collision Between Two Motor Vehicles in Transport,No,No Controls,3,1,Complains Of Pain,,41.80587,-71.46492
741256,2018-00071115,2018-07-10,12:46:00 AM,Pedestrian,1,,,,1,BROAD ST,PORTLAND ST ,Robert Heaton,539,10-Jul-18,"Two-Way , Not Divided",Dry,Unknown,Clear,Other,"Yes, M/V and Driver Left Scene",No Controls,2,1,Incapacitating,2,41.81415,-71.4213
741268,2018-00071175,2018-07-10,7:00:00 AM,Pedestrian,1,,,,1,WATERMAN ST,BROWN ST ,Fernando Lopez,156,10-Jul-18,"Two-Way , Not Divided",Dry,Daylight,Clear,Not a Collision Between Two Motor Vehicles in Transport,"Yes, M/V and Driver Left Scene",Pavement Markings,1,1,Complains Of Pain,,41.82705,-71.40304
741623,2018-00071453,2018-07-10,9:36:00 PM,Pedestrian,1,,,,1,North Main Street,College Street,James Lanier,211,10-Jul-18,"Two-Way, Divided, Positive Median Barrier",Dry,Dark - Lighted,Clear,Not a Collision Between Two Motor Vehicles in Transport,"Yes, M/V and Driver Left Scene",Traffic Control Signal,3,1,Non-Incapacitating,2,41.82564,-71.40784
741685,2018-00071692,2018-07-11,2:28:00 PM,Bicycle,,1,,,1,BARBARA LEONARD WAY,NORTH MAIN ST ,Fernando Lopez,156,11-Jul-18,"Two-Way , Not Divided",Dry,Daylight,Clear,Not a Collision Between Two Motor Vehicles in Transport,No,No Controls,2,1,Complains Of Pain,,41.84063,-71.40884
741814,2018-00071847,2018-07-11,9:56:00 PM,Pedestrian,1,,,,1,SILVER SPRING ST,BATCHELLER AVE ,Cory Vingi,237,11-Jul-18,"Two-Way , Not Divided",Dry,Dark - Not Lighted,Clear,Not a Collision Between Two Motor Vehicles in Transport,No,No Controls,3,1,Complains Of Pain,,41.85534,-71.41141
746967,2018-00083690,2018-07-11,10:28:00 AM,Pedestrian,1,,,,1,THERESA CT,MANTON AVE ,Jason Andrade,200,11-Aug-18,"Two-Way, Divided, Positive Median Barrier",Wet,Daylight,Rain,Other,"Yes, Driver Left Scene",No Controls,2,1,Complains Of Pain,,41.82154,-71.44863
742021,2018-00072183,2018-07-12,7:21:00 PM,Bicycle,,1,,,1,112 GANO ST,,MICHAEL R. TROIA / TRAFFIC BUREAU,331,12-Jul-18,"Two-Way , Not Divided",Dry,Daylight,Clear,Angle (Front - to - Side) Same Direction,No,No Controls,3,1,Complains Of Pain,2,41.82222,-71.38986
742689,2018-00073724,2018-07-16,5:33:00 PM,Pedestrian,1,,,,1,ADELAIDE AVE,BROAD ST ,John Benros,481,16-Jul-18,"Two-Way , Not Divided",Dry,Daylight,Clear,Unknown,No,No Controls,2,1,Complains Of Pain,,41.79885,-71.41547
743342,2018-00075585,2018-07-21,5:00:00 PM,Pedestrian,1,,,,1,850 MANTON AVENUE,CHALKSTONE AVE ,Meghan Vittorioso,388,21-Jul-18,"Two-Way , Not Divided",Dry,Daylight,Clear,Not a Collision Between Two Motor Vehicles in Transport,"Yes, M/V and Driver Left Scene",No Controls,2,1,Complains Of Pain,,41.83391,-71.46725
743410,2018-00075751,2018-07-21,11:45:00 PM,Bicycle,,1,,,1,Ridge Street,TOBEY ST ,Kristen Barth,247,22-Jul-18,"Two-Way , Not Divided",Dry,Dark - Lighted,Clear,Not a Collision Between Two Motor Vehicles in Transport,"Yes, M/V and Driver Left Scene",No Controls,1,1,Complains Of Pain,,41.82057,-71.43581
743768,2018-00077531,2018-07-26,10:24:00 PM,Pedestrian,1,,,,1,Atwells Ave,Depasquale Ave,Michael Sullivan,347,27-Jul-18,"Two-Way , Not Divided",Dry,Dark - Lighted,Clear,Not a Collision Between Two Motor Vehicles in Transport,No,Traffic Control Signal,5,1,Complains Of Pain,2,,
767751,2018-00077444,2018-07-27,5:23:00 PM,Pedestrian,1,,,,1,julian st,AMHERST ST ,Graig Sion,254,27-Jul-18,"Two-Way, Divided, Unprotected (painted>4feet) Medium",Dry,Daylight,Clear,Other,"Yes, M/V and Driver Left Scene",No Controls,1,1,Complains Of Pain,,41.82403,-71.44473
743948,2018-00079357,2018-07-31,4:07:00 PM,Pedestrian,1,,,,1,State Street ,Orms Street ,James Lanier,211,31-Jul-18,One-Way Trafficway,Dry,Daylight,Clear,Not a Collision Between Two Motor Vehicles in Transport,"Yes, M/V and Driver Left Scene",Traffic Control Signal,1,1,Non-Incapacitating,1,41.83472,-71.41432
744028,2018-00080199,2018-08-02,6:01:00 PM,Pedestrian,1,,,,1,Smith St,SMITH ST ,Joseph Lopes,227,2-Aug-18,"Two-Way , Not Divided",Dry,Daylight,Clear,Not a Collision Between Two Motor Vehicles in Transport,No,Stop Signs,4,1,Non-Incapacitating,,41.83756,-71.43347
744221,2018-00082179,2018-08-07,5:05:00 PM,Bicycle,,1,,,1,POWER ST,GANO ST ,Joseph Lopes,227,7-Aug-18,"Two-Way , Not Divided",Dry,Daylight,Clear,Not a Collision Between Two Motor Vehicles in Transport,No,No Controls,2,1,Non-Incapacitating,,41.82386,-71.39014
744286,2018-00082595,2018-08-08,5:36:00 PM,Bicycle,,1,,,1,PEACE ST,Elmwood Ave,Troy Lambert,413,8-Aug-18,"Two-Way , Not Divided",Dry,Daylight,Clear,Not a Collision Between Two Motor Vehicles in Transport,"Yes, M/V and Driver Left Scene",Stop Signs,1,1,Complains Of Pain,,41.80655,-71.42495
744328,2018-00083005,2018-08-09,5:46:00 PM,Bicycle,,1,,,1,Cranston St,LINWOOD AVE ,Joseph Lopes,227,9-Aug-18,"Two-Way , Not Divided",Dry,Daylight,Clear,Not a Collision Between Two Motor Vehicles in Transport,No,Traffic Control Signal,4,0,No Injury,,41.80701,-71.43571
744350,2018-00083110,2018-08-09,10:54:00 PM,Pedestrian,1,,,,1,Valley Street,FELIX ST ,Kristen Barth,247,9-Aug-18,"Two-Way , Not Divided",Dry,Dark - Lighted,Clear,Not a Collision Between Two Motor Vehicles in Transport,"Yes, M/V and Driver Left Scene",No Controls,1,1,Complains Of Pain,,41.8321,-71.42779
744365,2018-00083281,2018-08-10,12:05:00 PM,Bicycle,,1,,,1,PLAINFIELD ST,MURRAY ST ,Ibrahim Yousif,196,10-Aug-18,"Two-Way , Not Divided",Dry,Daylight,Clear,Not a Collision Between Two Motor Vehicles in Transport,No,Stop Signs,3,1,Complains Of Pain,,41.80998,-71.4625
744548,2018-00084829,2018-08-14,3:39:00 PM,Bicycle,,1,,,1,Broadway,DEAN ST ,Joseph Lopes,227,14-Aug-18,"Two-Way , Not Divided",Dry,Daylight,Clear,Not a Collision Between Two Motor Vehicles in Transport,No,Traffic Control Signal,2,1,Complains Of Pain,,41.8214,-71.42253
744714,2018-00086089,2018-08-17,6:00:00 PM,Bicycle,,1,,,1,BEACHMONT AVE,CAHILL ST ,Jonathan Smith,222,17-Aug-18,"Two-Way , Not Divided",Dry,Daylight,Clear,Not a Collision Between Two Motor Vehicles in Transport,"Yes, M/V and Driver Left Scene",Stop Signs,2,1,Complains Of Pain,,41.80223,-71.40786
744738,2018-00086134,2018-08-17,8:23:00 PM,Pedestrian,1,,,,1,BROAD ST,PEARL ST ,Cory Vingi,237,17-Aug-18,"Two-Way , Not Divided",Dry,Dark - Lighted,Clear,Not a Collision Between Two Motor Vehicles in Transport,"Yes, M/V and Driver Left Scene",Traffic Control Signal,1,1,Complains Of Pain,,41.81473,-71.42097
744810,2018-00086586,2018-08-18,10:07:00 PM,Bicycle,,1,,,1,PARADE ST,WESTMINSTER ST ,Robert Heaton,539,18-Aug-18,"Two-Way , Not Divided",Dry,Dark - Lighted,Cloudy,Angle - Direction Not Specified,"Yes, M/V and Driver Left Scene",Stop Signs,2,1,Complains Of Pain,2,41.81633,-71.43354
744859,2018-00086915,2018-08-19,5:41:00 PM,Pedestrian,1,,,,1,Broad St ,BAKER ST ,Joseph Lopes,227,19-Aug-18,"Two-Way , Not Divided",Dry,Daylight,Clear,Not a Collision Between Two Motor Vehicles in Transport,"Yes, M/V and Driver Left Scene",No Controls,1,1,Non-Incapacitating,,41.79275,-71.40789
744880,2018-00086701,2018-08-19,2:29:00 AM,Pedestrian,1,,,,1,ATWELLS AVE,DE PASQUALE AVE,Robert Heaton,539,20-Aug-18,"Two-Way , Not Divided",Dry,Dark - Lighted,Cloudy,Other,No,No Controls,5,1,Incapacitating,2,41.82354,-71.42617
744905,2018-00087325,2018-08-20,4:56:00 PM,Bicycle,,1,,,1,BRANCH AVE,North  Main St,Joseph Lopes,227,20-Aug-18,"Two-Way , Not Divided",Dry,Daylight,Clear,Not a Collision Between Two Motor Vehicles in Transport,No,Traffic Control Signal,2,1,Complains Of Pain,,41.84235,-71.40822
744924,2018-00087439,2018-08-20,9:42:00 PM,Pedestrian,1,,,,1,ELMWOOD AVE,ELMWOOD AVE ,Robert Heaton,539,20-Aug-18,"Two-Way, Not Divided With a Continuous Left Turn Lane",Dry,Dark - Lighted,Clear,Other,"Yes, M/V and Driver Left Scene",No Controls,3,1,Complains Of Pain,3,41.80337,-71.42577
745006,2018-00088106,2018-08-22,8:33:00 PM,Bicycle,,1,,,1,268 nelson st,SALTER ST ,Joseph Lopes,227,22-Aug-18,"Two-Way , Not Divided",Dry,Dark - Lighted,Clear,Not a Collision Between Two Motor Vehicles in Transport,"Yes, M/V and Driver Left Scene",No Controls,1,1,Complains Of Pain,,41.84498,-71.4444
745014,2018-00088239,2018-08-23,5:04:00 AM,Bicycle,,1,,,1,CHAD BROWN ST,ADMIRAL ST ,Kristen Barth,247,23-Aug-18,"Two-Way , Not Divided",Dry,Dark - Lighted,Clear,Not a Collision Between Two Motor Vehicles in Transport,No,Stop Signs,2,1,Complains Of Pain,,41.84213,-71.42138
745053,2018-00088412,2018-08-23,3:18:00 PM,Pedestrian,2,,,,1,DORRANCE ST,WASHINGTON ST ,Matthew Goddard,171,23-Aug-18,"Two-Way , Not Divided",Dry,Daylight,Clear,Not a Collision Between Two Motor Vehicles in Transport,No,Traffic Control Signal,4,2,Complains Of Pain,,41.82438,-71.41269
745072,2018-00088410,2018-08-23,3:10:00 PM,Bicycle,,2,,,1,Havana Street,General Street ,James Lanier,211,23-Aug-18,"Two-Way , Not Divided",Dry,Daylight,Clear,Not a Collision Between Two Motor Vehicles in Transport,No,Stop Signs,6,2,Non-Incapacitating,1,41.85338,-71.44366
745111,2018-00088365,2018-08-23,2:07:00 PM,Bicycle,,1,,,1,broadway,SERVICE ROAD 7 ,David Schiavulli,27,24-Aug-18,"Two-Way , Not Divided",Dry,Daylight,Clear,Rear End(Front-to-Rear),No,Traffic Control Signal,3,1,Complains Of Pain,,41.82186,-71.42079
745115,2018-00088745,2018-08-24,11:45:00 AM,Pedestrian,1,,,,1,Eddy St,Chapman St,James Annis,454,24-Aug-18,"Two-Way , Not Divided",Dry,Daylight,Clear,Not a Collision Between Two Motor Vehicles in Transport,No,Other,4,1,Complains Of Pain,2,,
745126,2018-00088858,2018-08-24,5:05:00 PM,Pedestrian,1,,,,1,MEMORIAL BLVD,COLLEGE ST ,MICHAEL R. TROIA / TRAFFIC BUREAU,331,24-Aug-18,"Two-Way , Not Divided",Dry,Daylight,Clear,Not a Collision Between Two Motor Vehicles in Transport,No,Traffic Control Signal,6,1,Complains Of Pain,5,41.82532,-71.40882
745164,2018-00089091,2018-08-25,2:51:00 AM,Pedestrian,1,,,,1,8 Esten St,ORMS ST ,Renauld Joseph,398,25-Aug-18,Unknown,Dry,Dark - Lighted,Clear,Other,No,No Controls,2,1,Complains Of Pain,,41.83349,-71.42415
745203,2018-00089418,2018-08-25,9:41:00 PM,Pedestrian,1,,,,1,SAYLES ST,PRAIRIE AVE ,John Benros,481,25-Aug-18,"Two-Way , Not Divided",Dry,Dark - Lighted,Clear,Unknown,"Yes, M/V and Driver Left Scene",No Controls,1,1,Complains Of Pain,,41.80264,-71.41358
745338,2018-00090216,2018-08-27,6:55:00 PM,Pedestrian,1,,,,1,Park St,HAYES ST ,Joseph Lopes,227,27-Aug-18,"Two-Way , Not Divided",Dry,Daylight,Clear,Not a Collision Between Two Motor Vehicles in Transport,No,No Controls,3,1,Non-Incapacitating,,41.82866,-71.41752
745404,2018-00090479,2018-08-28,3:11:00 PM,Bicycle,,1,,,1,CHAPEL ST,SNOW ST ,Matthew Goddard,171,28-Aug-18,"Two-Way , Not Divided",Dry,Daylight,Clear,Not a Collision Between Two Motor Vehicles in Transport,No,Stop Signs,4,1,Complains Of Pain,,41.8212,-71.41384
745406,2018-00090548,2018-08-28,5:07:00 PM,Bicycle,,1,,,1,STATE HWY 10 N,UNION AVE ,Joseph Lopes,227,28-Aug-18,"Two-Way, Divided, Positive Median Barrier",Dry,Daylight,Clear,Not a Collision Between Two Motor Vehicles in Transport,No,Traffic Control Signal,2,0,No Injury,,41.8087,-71.44057
745425,2018-00090480,2018-08-28,2:43:00 PM,Pedestrian,1,,,,1,775 Cranston Street ,Anthony Avenue ,James Lanier,211,28-Aug-18,"Two-Way, Divided, Unprotected (painted>4feet) Medium",Dry,Daylight,Clear,Not a Collision Between Two Motor Vehicles in Transport,"Yes, M/V and Driver Left Scene",Traffic Control Signal,3,1,Non-Incapacitating,2,41.80408,-71.43885
745428,2018-00090525,2018-08-28,4:18:00 PM,Bicycle,,1,,,1,1250 Smith Street ,Old Road ,James Lanier,211,28-Aug-18,"Two-Way, Divided, Unprotected (painted>4feet) Medium",Dry,Daylight,Clear,Not a Collision Between Two Motor Vehicles in Transport,No,No Controls,3,1,Non-Incapacitating,1,41.84649,-71.45268
745519,2018-00091109,2018-08-30,8:13:00 AM,Pedestrian,1,,,,1,BROADWAY,SERVICE ROAD 7 ,KEN MATSUMOTO - CAR 623,348,30-Aug-18,One-Way Trafficway,Dry,Daylight,Clear,Not a Collision Between Two Motor Vehicles in Transport,No,Traffic Control Signal,2,1,Incapacitating,,41.82181,-71.42097
745608,2018-00091815,2018-08-31,11:35:00 PM,Bicycle,,1,,,1,Sorrento Street,WALDO ST ,Kristen Barth,247,31-Aug-18,"Two-Way , Not Divided",Dry,Dark - Lighted,Clear,Not a Collision Between Two Motor Vehicles in Transport,"Yes, M/V and Driver Left Scene",Unknown,2,1,Complains Of Pain,,41.80718,-71.43796
745620,2018-00091903,2018-09-01,2:14:00 AM,Pedestrian,1,,,,1,881 Eddy St,MUTUAL ST ,Brad McParlin,395,1-Sep-18,"Two-Way , Not Divided",Dry,Dark - Lighted,Clear,Not a Collision Between Two Motor Vehicles in Transport,"Yes, M/V and Driver Left Scene",No Controls,1,1,Complains Of Pain,,41.8038,-71.40686
746706,2018-00092418,2018-09-02,1:25:00 AM,Bicycle,,1,,,1,OCONNOR ST,JOHNSON ST ,Kristen Barth,247,2-Sep-18,"Two-Way , Not Divided",Dry,Dark - Lighted,Clear,Not a Collision Between Two Motor Vehicles in Transport,"Yes, M/V and Driver Left Scene",Stop Signs,1,1,Incapacitating,,41.79307,-71.40586
746738,2018-00092586,2018-09-02,2:30:00 PM,Pedestrian,1,,,,1,PROSPECT ST,WATERMAN ST ,Gerry Kue,393,2-Sep-18,"Two-Way , Not Divided",Dry,Daylight,Clear,Not a Collision Between Two Motor Vehicles in Transport,No,Traffic Control Signal,2,1,Complains Of Pain,,41.82688,-71.40472
746872,2018-00093187,2018-09-03,10:18:00 PM,Bicycle,,1,,,1,DEXTER ST,BUCKLIN ST ,Patrick Hourahan,243,3-Sep-18,"Two-Way , Not Divided",Dry,Dark - Lighted,Clear,Not a Collision Between Two Motor Vehicles in Transport,"Yes, M/V and Driver Left Scene",No Controls,1,1,Non-Incapacitating,,41.80905,-71.42801
746944,2018-00093169,2018-09-03,9:32:00 PM,Pedestrian,1,,,,1,Ruggles Street,Smith Street,James Lanier,211,4-Sep-18,"Two-Way , Not Divided",Dry,Dark - Lighted,Clear,Not a Collision Between Two Motor Vehicles in Transport,"Yes, M/V and Driver Left Scene",No Controls,1,1,Non-Incapacitating,1,41.83576,-71.42822