CrashReportId,ReportNumber,CrashDate,CrashTime,Collision Type,CountPedestrian,CountBicycle,Scooter,Wheel Chair,NumberofVehicles,StreetOrHighway,NearestIntersection,Officer,Badge,ReportDate,TypeOfRoadway,RoadSurfaceCondition,LightCondition,WeatherCondition,MannerofImpact,HitAndRun,TrafficControl,PersonCount,InjuryCount,MostSeriousInjury,NumberOfLanes,Latitude,Longitude
746891,2018-00093274,2018-09-04,6:40:00 AM,Pedestrian,1,,,,1,PLAINFIELD ST,RT 6 EAST RAMP,Ivan Tavarez,204,4-Sep-18,"Two-Way, Divided, Unprotected (painted>4feet) Medium",Dry,Daylight,Clear,Not a Collision Between Two Motor Vehicles in Transport,No,Traffic Control Signal,2,1,Complains Of Pain,,41.81414,-71.44737
746920,2018-00093377,2018-09-04,12:10:00 PM,Bicycle,,1,,,1,RANDALL ST,CHARLES ST,Wayne Mann,563,4-Sep-18,One-Way Trafficway,Dry,Daylight,Clear,Other,No,Pavement Markings,3,1,Complains Of Pain,1,41.82047,-71.45178
746926,2018-00093418,2018-09-04,12:30:00 PM,Pedestrian,1,,,,1,SILVER SPRING ST,LEDGE ST ,Francisco Furtado,635,4-Sep-18,"Two-Way , Not Divided",Dry,Daylight,Clear,Other,"Yes, M/V and Driver Left Scene",No Controls,1,1,Complains Of Pain,,41.85318,-71.41263
747110,2018-00094257,2018-09-06,5:28:00 PM,Pedestrian,1,,,,1,442 Manton Ave,ATWELLS AVE ,Mitchell Guerra,217,6-Sep-18,"Two-Way , Not Divided",Wet,Daylight,Rain,Not a Collision Between Two Motor Vehicles in Transport,"Yes, M/V and Driver Left Scene",No Controls,1,1,Non-Incapacitating,,41.82537,-71.45466
747151,2018-00094454,2018-09-07,8:42:00 AM,Bicycle,,1,,,1,EXIT 22A (RT ),FRANCIS ST ,KEN MATSUMOTO,348,7-Sep-18,One-Way Trafficway,Dry,Daylight,Clear,Not a Collision Between Two Motor Vehicles in Transport,"Yes, M/V and Driver Left Scene",Traffic Control Signal,1,1,Complains Of Pain,,41.82577,-71.41527
747542,2018-00094565,2018-09-07,1:59:00 PM,Pedestrian,1,,,,1,POTTERS AVE,ELMWOOD AVE ,Eugene Craven,517,12-Sep-18,"Two-Way, Divided, Unprotected (painted>4feet) Medium",Wet,Daylight,Rain,Other,No,Traffic Control Signal,3,1,Complains Of Pain,,41.8015,-71.42632
747674,2018-00094446,2018-09-07,8:12:00 AM,Bicycle,,1,,,1,445 Smith St,SMITH ST ,John Abatiello,692,7-Sep-18,"Two-Way, Divided, Unprotected (painted>4feet) Medium",Dry,Daylight,Clear,Not a Collision Between Two Motor Vehicles in Transport,No,Pavement Markings,3,1,Complains Of Pain,,41.83266,-71.4192
747644,2018-00095843,2018-09-10,6:21:00 PM,Bicycle,,1,,,1,Smith Street,Holden Street,Jeremy Doucette,482,13-Sep-18,"Two-Way , Not Divided",Wet,Daylight,Rain,Not a Collision Between Two Motor Vehicles in Transport,"Yes, M/V and Driver Left Scene",Other,2,1,Complains Of Pain,,41.83225,-71.41816
747466,2018-00096034,2018-09-11,12:04:00 PM,Pedestrian,1,,,,1,BRANCH AVE,COMMODORE ST ,Michael Moonan,286,11-Sep-18,"Two-Way , Not Divided",Dry,Daylight,Clear,Not a Collision Between Two Motor Vehicles in Transport,No,No Controls,6,1,Complains Of Pain,,41.84962,-71.41852
747543,2018-00096412,2018-09-12,11:40:00 AM,Pedestrian,1,,,,1,EMPIRE ST,BROADWAY ,John Bento,329,12-Sep-18,"Two-Way, Divided, Unprotected (painted>4feet) Medium",Wet,Daylight,Rain,Not a Collision Between Two Motor Vehicles in Transport,"Yes, M/V and Driver Left Scene",Traffic Control Signal,2,1,Complains Of Pain,,41.82261,-71.41748
747675,2018-00097045,2018-09-14,8:06:00 AM,Pedestrian,1,,,,1,DEXTER ST,POTTERS AVE ,John Bento,329,14-Sep-18,"Two-Way, Divided, Unprotected (painted>4feet) Medium",Dry,Daylight,Clear,Not a Collision Between Two Motor Vehicles in Transport,No,Stop Signs,4,1,Complains Of Pain,,41.80249,-71.43059
747820,2018-00097381,2018-09-14,10:07:00 PM,Pedestrian,1,,,,1,cranston st ,LINWOOD AVE ,Joseph Lopes,227,17-Sep-18,"Two-Way , Not Divided",Dry,Dark - Lighted,Clear,Not a Collision Between Two Motor Vehicles in Transport,No,Traffic Control Signal,2,1,Complains Of Pain,,41.80701,-71.43571
747734,2018-00097729,2018-09-15,4:04:00 PM,Bicycle,,1,,,1,SMITH ST,TYNDALL AVE ,Cory Vingi,237,15-Sep-18,"Two-Way , Not Divided",Dry,Daylight,Clear,Not a Collision Between Two Motor Vehicles in Transport,"Yes, M/V and Driver Left Scene",Other,2,1,Complains Of Pain,,41.83762,-71.4336
747743,2018-00097813,2018-09-15,7:39:00 PM,Pedestrian,1,,,,1,RESERVOIR AVE,YARMOUTH STREET,Ptlm. Elie,167,15-Sep-18,"Two-Way , Not Divided",Dry,Dark - Lighted,Clear,Other,No,No Controls,3,1,Incapacitating,,41.79275,-71.42748
747763,2018-00098000,2018-09-16,1:53:00 AM,Pedestrian,1,,,,1,WESTMINSTER ST,MEMORIAL BLVD,Raymond Criner,340,16-Sep-18,"Two-Way , Not Divided",Dry,Dark - Lighted,Clear,Not a Collision Between Two Motor Vehicles in Transport,No,Traffic Control Signal,3,1,Complains Of Pain,,41.82529,-71.40895
747764,2018-00097984,2018-09-16,1:14:00 AM,Pedestrian,1,,,,1,OREGON ST,WHIPPLE ST ,Kalvin Rosado,380,16-Sep-18,"Two-Way , Not Divided",Dry,Dark - Lighted,Clear,Unknown,"Yes, M/V and Driver Left Scene",No Controls,2,1,Incapacitating,2,41.83878,-71.42033
747940,2018-00098932,2018-09-18,3:31:00 PM,Pedestrian,1,,,,1,dorrance st ,WESTMINSTER ST ,Joseph Lopes,227,18-Sep-18,"Two-Way , Not Divided",Wet,Daylight,Rain,Not a Collision Between Two Motor Vehicles in Transport,No,Traffic Control Signal,3,1,Complains Of Pain,,41.82363,-71.41169
747941,2018-00098944,2018-09-18,4:23:00 PM,Bicycle,,1,,,1,337 Plainfield St,PLAINFIELD ST ,Michael Camardo,357,18-Sep-18,"Two-Way, Divided, Unprotected (painted>4feet) Medium",Wet,Daylight,Rain,Angle (Front - to - Side) Same Direction,No,Stop Signs,2,1,Complains Of Pain,,41.81377,-71.44864
747952,2018-00099001,2018-09-18,6:22:00 PM,Bicycle,,1,,,2,North Main St ,N MAIN ST ,Joseph Lopes,227,18-Sep-18,One-Way Trafficway,Wet,Daylight,Rain,Not a Collision Between Two Motor Vehicles in Transport,No,Stop Signs,7,1,Complains Of Pain,,41.83014,-71.41016
747992,2018-00099145,2018-09-19,8:03:00 AM,Pedestrian,2,,,,1,315 BROAD ST,,KEN MATSUMOTO,348,19-Sep-18,Unknown,Wet,Daylight,Cloudy,Not a Collision Between Two Motor Vehicles in Transport,"Yes, M/V and Driver Left Scene",No Controls,3,0,No Injury,,41.81436,-71.42118
748019,2018-00099286,2018-09-19,3:30:00 PM,Pedestrian,1,,,,1,POINT ST,EDDY ST ,Ralph Abenante,511,19-Sep-18,"Two-Way, Divided, Positive Median Barrier",Dry,Daylight,Cloudy,Not a Collision Between Two Motor Vehicles in Transport,No,Traffic Control Signal,3,0,No Injury,,41.81682,-71.4066
748043,2018-00099411,2018-09-19,8:19:00 PM,Pedestrian,1,,,,1,dexter st ,WARREN ST ,Joseph Lopes,227,19-Sep-18,"Two-Way , Not Divided",Dry,Dark - Lighted,Clear,Not a Collision Between Two Motor Vehicles in Transport,No,No Controls,5,1,Non-Incapacitating,,41.81111,-71.42893
748068,2018-00099680,2018-09-20,2:29:00 PM,Pedestrian,1,,,,1,WEST RIVER ST,BRANCH AVE ,Jose Deschamps,419,20-Sep-18,"Two-Way , Not Divided",Dry,Daylight,Clear,Other,No,Traffic Control Signal,2,1,Complains Of Pain,,41.8469,-71.41269
748069,2018-00099673,2018-09-20,2:08:00 PM,Pedestrian,1,,,,1,BROADWAY,HARRIS AVE ,Jose Deschamps,419,20-Sep-18,"Two-Way, Divided, Unprotected (painted>4feet) Medium",Dry,Daylight,Clear,Other,No,Stop Signs,5,1,Complains Of Pain,,41.81705,-71.44029
748102,2018-00099746,2018-09-20,4:30:00 PM,Pedestrian,1,,,,1,Broadway,BERCLAY ST ,Jennifer Fonseca,402,20-Sep-18,"Two-Way, Divided, Unprotected (painted>4feet) Medium",Dry,Daylight,Clear,Not a Collision Between Two Motor Vehicles in Transport,"Yes, M/V and Driver Left Scene",No Controls,1,0,No Injury,,41.82165,-71.42156
748162,2018-00100264,2018-09-21,8:05:00 PM,Pedestrian,1,,,,1,EXCHANGE TER,FRANCIS ST ,Cory Vingi,237,21-Sep-18,One-Way Trafficway,Dry,Dark - Lighted,Clear,Not a Collision Between Two Motor Vehicles in Transport,No,Traffic Control Signal,4,1,Complains Of Pain,,41.82497,-71.41496
748256,2018-00100666,2018-09-22,5:19:00 PM,Pedestrian,1,,,,1,450 Cranston Street ,Superior Street ,James Lanier,211,22-Sep-18,"Two-Way , Not Divided",Dry,Daylight,Clear,Not a Collision Between Two Motor Vehicles in Transport,No,No Controls,4,1,Non-Incapacitating,1,41.8107,-71.43234
748264,2018-00100722,2018-09-22,7:11:00 PM,Pedestrian,1,,,,1,REYNOLDS AVE,BROAD STREET,Daniel Hernandez,255,22-Sep-18,"Two-Way , Not Divided",Dry,Dark - Lighted,Clear,Head-On (Front - to - Front),No,No Controls,2,1,Complains Of Pain,,41.80357,-71.41907
748410,2018-00101569,2018-09-24,11:49:00 PM,Pedestrian,1,,,,1,SMITH ST,CHALKSTONE AVE ,Robert Heaton,539,25-Sep-18,"Two-Way , Not Divided",Dry,Dark - Lighted,Clear,Other,"Yes, M/V and Driver Left Scene",Pavement Markings,2,1,Complains Of Pain,2,41.83507,-71.42528
748422,2018-00101618,2018-09-25,5:58:00 AM,Pedestrian,1,,,,1,201 Messer St,UNION AVE ,Jason Dennis,392,25-Sep-18,"Two-Way , Not Divided",Dry,Dark - Lighted,Clear,Not a Collision Between Two Motor Vehicles in Transport,"Yes, M/V and Driver Left Scene",No Controls,2,1,Complains Of Pain,,41.81007,-71.43481
748439,2018-00101680,2018-09-25,11:10:00 AM,Bicycle,,1,,,2,DORRANCE ST,CLIFFORD ST ,Jose Deschamps,419,25-Sep-18,"Two-Way, Divided, Unprotected (painted>4feet) Medium",Wet,Daylight,"Sleet, Hail (Freezing Rain or Drizzle)",Other,No,No Controls,4,1,Complains Of Pain,,41.82161,-71.4089
748510,2018-00101821,2018-09-25,7:47:00 PM,Pedestrian,1,,,,1,FRICKER ST,BROAD ST ,Robert Heaton,539,25-Sep-18,"Two-Way , Not Divided",Wet,Dark - Lighted,Rain,Angle - Direction Not Specified,"Yes, M/V and Driver Left Scene",Pavement Markings,3,1,Incapacitating,2,41.81537,-71.42074
748576,2018-00101758,2018-09-25,3:58:00 AM,Pedestrian,1,,,,1,172 Roanoke Street,CARLETON ST ,Isaiah Nerney,15636,26-Sep-18,"Two-Way , Not Divided",Dry,Daylight,Rain,Not a Collision Between Two Motor Vehicles in Transport,"Yes, M/V and Driver Left Scene",No Controls,1,0,No Injury,,41.83139,-71.44787
748620,2018-00102374,2018-09-27,8:22:00 AM,Bicycle,,1,,,1,DOYLE AVE,HOPE ST ,Darren Hull,598,27-Sep-18,"Two-Way, Divided, Unprotected (painted>4feet) Medium",Dry,Daylight,Clear,Angle (Front - to - Side) Right Angle (Includes Broadside),No,Traffic Control Signal,8,1,Complains Of Pain,2,41.83877,-71.4001
748629,2018-00102397,2018-09-27,10:30:00 AM,Pedestrian,1,,,,1,274 Mount Pleasant Ave,MANOMET ST ,Peter Salmons,207,27-Sep-18,"Two-Way , Not Divided",Dry,Daylight,Clear,Not a Collision Between Two Motor Vehicles in Transport,No,No Controls,3,1,Complains Of Pain,,41.83393,-71.45004
748631,2018-00102435,2018-09-27,12:17:00 PM,Pedestrian,1,,,,1,80 Dexter St,DIVISION ST ,John Bento,329,27-Sep-18,"Two-Way, Divided, Unprotected (painted>4feet) Medium",Dry,Daylight,Clear,Not a Collision Between Two Motor Vehicles in Transport,"Yes, M/V and Driver Left Scene",No Controls,4,1,Complains Of Pain,,41.81452,-71.43044
748636,2018-00102450,2018-09-27,1:06:00 PM,Pedestrian,1,,,,1,ASHBURTON ST,ASHBURTON ST ,Cynthia Rodriguez,693,27-Sep-18,One-Way Trafficway,Dry,Daylight,Clear,Not a Collision Between Two Motor Vehicles in Transport,No,No Controls,4,1,Complains Of Pain,,41.83665,-71.41407
748664,2018-00102520,2018-09-27,4:17:00 PM,Pedestrian,1,,,,1,GANO ST,ANGELL ST ,Robert Heaton,539,27-Sep-18,"Two-Way , Not Divided",Dry,Daylight,Clear,Other,No,Pavement Markings,3,1,Complains Of Pain,2,41.82955,-71.39097
748894,2018-00103499,2018-09-29,11:48:00 PM,Pedestrian,1,,,,1,BROAD ST,ELMWOOD AVE ,Robert Heaton,539,30-Sep-18,One-Way Trafficway,Dry,Dark - Lighted,Clear,Other,No,Traffic Control Signal,3,0,No Injury,3,41.81286,-71.42197
748948,2018-00103125,2018-09-29,2:13:00 AM,Bicycle,,1,,,1,BUCKLIN ST,REDWING ST ,Jason Dennis,392,1-Oct-18,"Two-Way , Not Divided",Dry,Dark - Lighted,Clear,Not a Collision Between Two Motor Vehicles in Transport,"Yes, M/V and Driver Left Scene",Stop Signs,3,1,Complains Of Pain,,41.79923,-71.42774
749444,2018-00103504,2018-09-29,11:57:00 PM,Pedestrian,1,,,,1,Manton,HILLARD ST ,Irvin Torres,346,6-Oct-18,"Two-Way , Not Divided",Dry,Dark - Lighted,Clear,Other,No,No Controls,3,1,Complains Of Pain,,41.8201,-71.44685
749010,2018-00104079,2018-10-01,1:12:00 PM,Bicycle,,1,,,1,WILLIAMS ST,S WATER ST ,CAR 623 - KEN MATSUMOTO,348,1-Oct-18,One-Way Trafficway,Wet,Daylight,Clear,Not a Collision Between Two Motor Vehicles in Transport,No,Stop Signs,3,1,Complains Of Pain,,41.82157,-71.40438
749072,2018-00104210,2018-10-01,6:38:00 PM,Pedestrian,1,,,,1,160 CHAPIN AVE,ELLERY ST ,Deanna Johnson,408,1-Oct-18,"Two-Way , Not Divided",Wet,Dark - Lighted,Rain,Other,No,No Controls,2,1,Complains Of Pain,,41.81186,-71.43764
749095,2018-00104261,2018-10-01,10:15:00 PM,Pedestrian,1,,,,1,SMITH ST,DANFORTH ST ,Christopher Brown,259,1-Oct-18,"Two-Way, Divided, Unprotected (painted>4feet) Medium",Wet,Dark - Lighted,"Sleet, Hail (Freezing Rain or Drizzle)",Not a Collision Between Two Motor Vehicles in Transport,"Yes, M/V and Driver Left Scene",No Controls,2,1,Complains Of Pain,,41.83557,-71.42652
749129,2018-00104421,2018-10-02,12:45:00 PM,Pedestrian,1,,,,1,WESTMINSTER ST,DORRANCE ST ,Thomas Rose,465,2-Oct-18,"Two-Way , Not Divided",Wet,Daylight,Cloudy,Other,No,Traffic Control Signal,2,1,Complains Of Pain,,41.82361,-71.41167
749512,2018-00105515,2018-10-05,3:02:00 PM,Bicycle,,1,,,1,WASHINGTON ST,EXCHANGE ST ,Matthew Goddard,171,6-Oct-18,One-Way Trafficway,Dry,Daylight,Clear,Not a Collision Between Two Motor Vehicles in Transport,No,No Controls,3,0,No Injury,,41.8246,-71.41254
749771,2018-00105557,2018-10-05,4:50:00 PM,Pedestrian,1,,,,1,Messer Street,Cranston Street,James Lanier,211,9-Oct-18,"Two-Way , Not Divided",Dry,Daylight,Clear,Not a Collision Between Two Motor Vehicles in Transport,"Yes, M/V and Driver Left Scene",No Controls,1,1,Non-Incapacitating,1,41.80964,-71.43347
749493,2018-00105973,2018-10-06,4:25:00 PM,Pedestrian,1,,,,1,Smith St,CHALKSTONE AVE ,Joseph Lopes,227,6-Oct-18,"Two-Way , Not Divided",Dry,Daylight,Clear,Not a Collision Between Two Motor Vehicles in Transport,No,Traffic Control Signal,5,1,Complains Of Pain,,41.83522,-71.42566
749561,2018-00106386,2018-10-07,2:42:00 PM,Pedestrian,2,,,,1,315 broad st,BROAD ST ,Joseph Lopes,227,7-Oct-18,"Two-Way , Not Divided",Dry,Daylight,Clear,Not a Collision Between Two Motor Vehicles in Transport,"Yes, M/V and Driver Left Scene",No Controls,3,2,Non-Incapacitating,,41.8144,-71.42116
749574,2018-00106508,2018-10-07,7:25:00 PM,Bicycle,,2,,,1,Hawkins Street,YORKSHIRE ST ,Ybelis Gonzalez,376,7-Oct-18,"Two-Way , Not Divided",Wet,Dark - Lighted,Rain,Not a Collision Between Two Motor Vehicles in Transport,No,No Controls,4,0,No Injury,,41.84871,-71.4257
751407,2018-00109995,2018-10-07,3:13:00 PM,Pedestrian,1,,,,1,Douglas Avenue ,Fillmore Street ,James Lanier,211,17-Oct-18,"Two-Way, Divided, Unprotected (painted>4feet) Medium",Dry,Daylight,Clear,Not a Collision Between Two Motor Vehicles in Transport,"Yes, M/V and Driver Left Scene",Pavement Markings,3,1,Non-Incapacitating,1,41.83718,-71.42232
749877,2018-00107541,2018-10-10,5:10:00 PM,Pedestrian,2,,,,1,MERINO ST,CROWNINSHIELD ST ,Graig Sion,254,10-Oct-18,"Two-Way, Divided, Unprotected (painted>4feet) Medium",Dry,Daylight,Clear,Other,"Yes, M/V and Driver Left Scene",No Controls,2,2,Complains Of Pain,,41.81852,-71.45909
749882,2018-00107503,2018-10-10,5:07:00 PM,Pedestrian,1,,,,1,ALVERSON AVE,NYE ST ,Graig Sion,254,10-Oct-18,"Two-Way, Divided, Unprotected (painted>4feet) Medium",Dry,Daylight,Clear,Not a Collision Between Two Motor Vehicles in Transport,No,No Controls,2,1,Complains Of Pain,,41.81874,-71.46007
749929,2018-00107786,2018-10-11,10:30:00 AM,Pedestrian,1,,,,1,Elmwood Ave,BURNETT ST ,James Annis,454,11-Oct-18,"Two-Way , Not Divided",Dry,Daylight,Clear,Not a Collision Between Two Motor Vehicles in Transport,No,Pavement Markings,4,1,Complains Of Pain,2,41.80299,-71.42587
749983,2018-00107925,2018-10-11,6:11:00 PM,Bicycle,,1,,,1,ADMIRAL ST,DOUGLAS AVE ,KEN MATSUMOTO,348,11-Oct-18,"Two-Way , Not Divided",Wet,Dark - Lighted,Rain,Not a Collision Between Two Motor Vehicles in Transport,No,Traffic Control Signal,3,1,Complains Of Pain,,41.84605,-71.429
750049,2018-00108177,2018-10-12,2:11:00 PM,Bicycle,,1,,,1,MANTON AVE,CHAFFEE ST ,Ivan Tavarez,204,12-Oct-18,"Two-Way, Divided, Unprotected (painted>4feet) Medium",Dry,Daylight,Clear,Not a Collision Between Two Motor Vehicles in Transport,No,No Controls,3,1,Complains Of Pain,,41.81879,-71.44572
751349,2018-00108362,2018-10-12,10:10:00 PM,Bicycle,,1,,,1,ATWELLS AVENUE,ACADEMY AVE ,Meghan Vittorioso,388,12-Oct-18,"Two-Way , Not Divided",Dry,Dark - Lighted,Clear,Not a Collision Between Two Motor Vehicles in Transport,No,Traffic Control Signal,2,1,Complains Of Pain,,41.82478,-71.44338
751114,2018-00108545,2018-10-13,9:58:00 AM,Pedestrian,1,,,,1,RESERVOIR AVE,ALGONQUIN ST ,Robert Heaton,539,13-Oct-18,"Two-Way , Not Divided",Wet,Daylight,Rain,Other,No,No Controls,2,1,Complains Of Pain,2,41.79342,-71.42708
751342,2018-00109638,2018-10-16,2:27:00 PM,Pedestrian,1,,,,1,BROOK STREET,MANNING WALK,Jessica Salmeron,356,16-Oct-18,"Two-Way , Not Divided",Dry,Daylight,Clear,Not a Collision Between Two Motor Vehicles in Transport,No,Yield Signs,2,1,Complains Of Pain,2,41.82648,-71.39918
751370,2018-00109878,2018-10-17,8:33:00 AM,Pedestrian,1,,,,1,HUXLEY AVE,ADMIRAL ST ,Robert Heaton,539,17-Oct-18,"Two-Way , Not Divided",Dry,Daylight,Clear,Other,No,No Controls,4,1,Non-Incapacitating,2,41.84669,-71.43266
751418,2018-00110110,2018-10-17,8:58:00 PM,Pedestrian,1,,,,1,Chalkstone Ave,Grosvenor Ave ,Harrison Northup,232,17-Oct-18,"Two-Way , Not Divided",Dry,Dark - Lighted,Clear,Not a Collision Between Two Motor Vehicles in Transport,No,No Controls,3,1,Complains Of Pain,,41.83236,-71.43979
751607,2018-00111036,2018-10-20,2:00:00 PM,Pedestrian,1,,,,1,Eddy Street,PAVILION AVE ,Edwardo Curi,294,20-Oct-18,"Two-Way , Not Divided",Dry,Daylight,Clear,Not a Collision Between Two Motor Vehicles in Transport,"Yes, M/V and Driver Left Scene",No Controls,1,1,Complains Of Pain,,41.79732,-71.40511
751655,2018-00111135,2018-10-20,7:42:00 PM,Pedestrian,1,,,,1,UNION AVE,WHITEHALL ST ,Cory Vingi,237,20-Oct-18,"Two-Way , Not Divided",Dry,Dark - Lighted,Clear,Unknown,No,No Controls,3,1,Complains Of Pain,,41.80789,-71.44347
751673,2018-00111127,2018-10-20,7:21:00 PM,Pedestrian,1,,,,1,Elmwood ave/ reservoir ave,,Matthew Sheridan,229,21-Oct-18,"Two-Way , Not Divided",Dry,Daylight,Clear,Not a Collision Between Two Motor Vehicles in Transport,No,Unknown,2,1,Complains Of Pain,,41.79782,-71.42611
751985,2018-00112553,2018-10-24,5:34:00 PM,Pedestrian,1,,,,1,731 Eddy Street,,James Lanier,211,24-Oct-18,"Two-Way , Not Divided",Dry,Daylight,Clear,Not a Collision Between Two Motor Vehicles in Transport,No,No Controls,3,1,Non-Incapacitating,,41.8087,-71.40723
752103,2018-00113172,2018-10-26,1:21:00 PM,Pedestrian,1,,,,1,VEAZIE ST,DOUGLAS AVE ,Adam Chin,289,26-Oct-18,"Two-Way , Not Divided",Dry,Daylight,Clear,Other,No,No Controls,6,0,No Injury,,41.85107,-71.43444
752139,2018-00113276,2018-10-26,5:21:00 PM,Bicycle,,1,,,1,WILLIAMS ST,BROOK ST ,Giana Valletta,396,26-Oct-18,"Two-Way, Divided, Unprotected (painted>4feet) Medium",Dry,Daylight,Clear,Angle (Front - to - Side) Opposite Direction,No,Stop Signs,2,1,Complains Of Pain,,41.82245,-71.39859
752155,2018-00113321,2018-10-26,7:33:00 PM,Bicycle,,1,,,1,Smith St,Holden St,Cory Vingi,237,26-Oct-18,"Two-Way , Not Divided",Dry,Dark - Lighted,Clear,Not a Collision Between Two Motor Vehicles in Transport,No,No Controls,3,1,Incapacitating,,41.83226,-71.41818
752173,2018-00113374,2018-10-27,9:58:00 PM,Pedestrian,1,,,,1,BENEFIT ST,COLLEGE ST ,Matthew Goddard,171,27-Oct-18,"Two-Way , Not Divided",Dry,Dark - Lighted,Clear,Not a Collision Between Two Motor Vehicles in Transport,"Yes, M/V and Driver Left Scene",Stop Signs,2,1,Complains Of Pain,,41.826,-71.40683
752183,2018-00113659,2018-10-27,5:43:00 PM,Pedestrian,1,,,,1,ALLENS AVE,TORONTO AVE,Jose Buten,322,27-Oct-18,"Two-Way, Divided, Unprotected (painted>4feet) Medium",Wet,Dark - Lighted,Rain,Angle (Front - to - Side) Opposite Direction,"Yes, M/V and Driver Left Scene",No Controls,1,1,Complains Of Pain,,41.79268,-71.39721
752199,2018-00113717,2018-10-27,9:17:00 PM,Pedestrian,1,,,,1,Pearl St,Broad St,Cory Vingi,237,27-Oct-18,"Two-Way , Not Divided",Wet,Dark - Lighted,Rain,Not a Collision Between Two Motor Vehicles in Transport,No,Traffic Control Signal,3,1,Complains Of Pain,,41.81528,-71.42039
752235,2018-00113518,2018-10-27,6:30:00 AM,Pedestrian,1,,,,1,141 Weybosset St,EDDY ST ,Gary Slater,365,28-Oct-18,"Two-Way , Not Divided",Wet,Dawn,Rain,Not a Collision Between Two Motor Vehicles in Transport,"Yes, M/V and Driver Left Scene",No Controls,1,1,Complains Of Pain,,41.82271,-71.41137
752329,2018-00114337,2018-10-29,3:29:00 PM,Bicycle,,1,,,1,PARK ST,PROMENADE ST ,Cory Vingi,237,29-Oct-18,"Two-Way , Not Divided",Dry,Daylight,Clear,Not a Collision Between Two Motor Vehicles in Transport,No,Traffic Control Signal,3,1,Complains Of Pain,,41.82773,-71.41764
752521,2018-00114940,2018-10-31,7:20:00 AM,Pedestrian,1,,,,1,DUDLEY ST,GAY ST ,Peter Salmons,207,31-Oct-18,"Two-Way , Not Divided",Dry,Daylight,Clear,Not a Collision Between Two Motor Vehicles in Transport,No,No Controls,2,1,Complains Of Pain,,41.80998,-71.41326
752541,2018-00114953,2018-10-31,8:15:00 AM,Other,,,X,,2,S MAIN ST,COLLEGE ST ,Robert Heaton,539,31-Oct-18,One-Way Trafficway,Dry,Daylight,Clear,Rear End(Front-to-Rear),No,Pavement Markings,3,0,No Injury,2,41.82602,-71.40816
752544,2018-00114965,2018-10-31,8:51:00 AM,Bicycle,,1,,,1,EAST RIVER ST,WATERMAN ST,Robert Heaton,539,31-Oct-18,"Two-Way , Not Divided",Dry,Daylight,Clear,Other,No,No Controls,3,1,Complains Of Pain,2,41.82768,-71.3814
752714,2018-00115759,2018-11-02,7:22:00 AM,Bicycle,,1,,,1,500 Broad St,Pine St,James Annis,454,2-Nov-18,"Two-Way , Not Divided",Wet,Dawn,Cloudy,Not a Collision Between Two Motor Vehicles in Transport,"Yes, M/V and Driver Left Scene",No Controls,2,1,Complains Of Pain,2,,
775754,2018-00115884,2018-11-02,2:25:00 PM,Pedestrian,1,,,,1,35 Camp Street,Doyle Ave,Alicia Hersperger,327,25-Mar-19,"Two-Way , Not Divided",Dry,Daylight,Clear,Other,"Yes, M/V and Driver Left Scene",No Controls,4,1,Complains Of Pain,2,,
752842,2018-00116152,2018-11-03,5:43:00 AM,Pedestrian,1,,,,1,Memorial Blvd,EXIT 22A  (RT ),Kristen Barth,247,3-Nov-18,"Two-Way, Divided, Positive Median Barrier",Wet,Dark - Lighted,Rain,Not a Collision Between Two Motor Vehicles in Transport,No,Traffic Control Signal,2,1,Incapacitating,,41.82583,-71.41506
752870,2018-00116337,2018-11-03,6:38:00 PM,Pedestrian,1,,,,1,RANDALL ST,CHARLES ST ,Jared Sherman,292,3-Nov-18,"Two-Way , Not Divided",Dry,Dark - Lighted,Clear,Not a Collision Between Two Motor Vehicles in Transport,No,No Controls,2,1,Complains Of Pain,,41.83761,-71.41032
752881,2018-00116419,2018-11-03,10:43:00 PM,Pedestrian,1,,,,1,SMITH ST,CHALKSTONE AVE ,Cory Vingi,237,4-Nov-18,"Two-Way , Not Divided",Dry,Dark - Lighted,Clear,Not a Collision Between Two Motor Vehicles in Transport,No,No Controls,3,1,Incapacitating,,41.8353,-71.42585
753001,2018-00116734,2018-11-04,5:22:00 PM,Pedestrian,1,,,,1,Camp Street ,Jenkins Street,James Lanier,211,5-Nov-18,"Two-Way , Not Divided",Dry,Dark - Lighted,Clear,Not a Collision Between Two Motor Vehicles in Transport,"Yes, M/V and Driver Left Scene",Pavement Markings,2,1,Non-Incapacitating,1,41.84076,-71.4036
753034,2018-00117051,2018-11-05,5:39:00 PM,Pedestrian,1,,,,1,THURBERS AVE,PRAIRIE AVE ,Joseph Lopes,227,5-Nov-18,"Two-Way , Not Divided",Wet,Dark - Lighted,Rain,Not a Collision Between Two Motor Vehicles in Transport,No,Traffic Control Signal,4,1,Non-Incapacitating,,41.79873,-71.41191