CrashReportId,ReportNumber,CrashDate,CrashTime,Collision Type,CountPedestrian,CountBicycle,Scooter,Wheel Chair,NumberofVehicles,StreetOrHighway,NearestIntersection,Officer,Badge,ReportDate,TypeOfRoadway,RoadSurfaceCondition,LightCondition,WeatherCondition,MannerofImpact,HitAndRun,TrafficControl,PersonCount,InjuryCount,MostSeriousInjury,NumberOfLanes,Latitude,Longitude
785528,2019-00057107,2019-06-17,5:28:00 PM,Pedestrian,1,,,,1,BROAD ST,CLAVERICK ST ,Donald Castigliego,287,17-Jun-19,"Two-Way , Not Divided",Dry,Daylight,Clear,Not a Collision Between Two Motor Vehicles in Transport,No,Traffic Control Signal,3,0,No Injury,,41.81938,-71.41493
785680,2019-00057610,2019-06-19,7:52:00 AM,Bicycle,,1,,,1,Broadway,Almy Street,Kristen Barth,247,19-Jun-19,"Two-Way , Not Divided",Dry,Daylight,Clear,Not a Collision Between Two Motor Vehicles in Transport,No,Traffic Control Signal,3,0,No Injury,,41.81896,-71.43294
785687,2019-00057637,2019-06-19,9:26:00 AM,Bicycle,,1,,,1,Branch Ave,Branch Ave Exit,Kristen Barth,247,19-Jun-19,"Two-Way, Divided, Positive Median Barrier",Dry,Daylight,Clear,Not a Collision Between Two Motor Vehicles in Transport,"Yes, M/V and Driver Left Scene",No Controls,2,1,Complains Of Pain,,41.8461,-71.4114
785760,2019-00057862,2019-06-19,8:59:00 PM,Pedestrian,1,,,,1,ELMWOOD AVENUE,MAWNEY STREET,Donald Castigliego,287,19-Jun-19,"Two-Way , Not Divided",Dry,Dark - Lighted,Clear,Not a Collision Between Two Motor Vehicles in Transport,"Yes, M/V and Driver Left Scene",Pavement Markings,1,1,Complains Of Pain,,41.80357,-71.42571
785823,2019-00058111,2019-06-20,4:04:00 PM,Pedestrian,1,,,,1,384 NIAGARA ST,,Donald Castigliego,287,20-Jun-19,"Two-Way , Not Divided",Wet,Daylight,"Fog, Smog, Smoke",Not a Collision Between Two Motor Vehicles in Transport,"Yes, M/V and Driver Left Scene",No Controls,1,1,Non-Incapacitating,,41.79272,-71.41417
786034,2019-00058997,2019-06-22,9:38:00 PM,Pedestrian,1,,,,1,123 ELMWOOD AVE ,ELMWOOD AVE ,Joseph Lopes,227,22-Jun-19,"Two-Way , Not Divided",Dry,Dark - Lighted,Clear,Not a Collision Between Two Motor Vehicles in Transport,No,No Controls,4,1,Complains Of Pain,,41.80996,-71.424
786084,2019-00059251,2019-06-23,1:45:00 PM,Pedestrian,1,,,,1,FREMONT ST,IVES ST ,Fernando Lopez,156,23-Jun-19,"Two-Way , Not Divided",Dry,Daylight,Clear,Not a Collision Between Two Motor Vehicles in Transport,No,No Controls,3,1,Complains Of Pain,,41.8223,-71.39225
786287,2019-00059692,2019-06-24,1:00:00 PM,Bicycle,,1,,,1,630 MOUNT PLEASANT AVE,LENNON ST ,Raymond Criner,340,25-Jun-19,"Two-Way , Not Divided",Dry,Daylight,Clear,Not a Collision Between Two Motor Vehicles in Transport,"Yes, Driver Left Scene",No Controls,3,0,No Injury,,41.84355,-71.45318
786384,2019-00060161,2019-06-25,8:37:00 PM,Bicycle,,1,,,1,CHAPIN AVE,ELLERY ST ,Cory Vingi,237,25-Jun-19,"Two-Way , Not Divided",Wet,Dark - Lighted,Rain,Not a Collision Between Two Motor Vehicles in Transport,No,Stop Signs,2,0,No Injury,,41.81189,-71.43845
786387,2019-00060164,2019-06-25,8:58:00 PM,Pedestrian,2,,,,1,325 WASHINGTON ST,DEAN ST ,Cory Vingi,237,25-Jun-19,"Two-Way , Not Divided",Wet,Dark - Lighted,Clear,Not a Collision Between Two Motor Vehicles in Transport,No,Traffic Control Signal,3,2,Complains Of Pain,,41.81961,-71.41983
786641,2019-00060980,2019-06-27,10:40:00 PM,Bicycle,,1,,,1,MEMORIAL BLVD,WASHINGTON ST ,Patrick Hourahan,243,27-Jun-19,"Two-Way, Divided, Positive Median Barrier",Dry,Dark - Lighted,Clear,Angle (Front - to - Side) Right Angle (Includes Broadside),No,Traffic Control Signal,2,1,Complains Of Pain,,41.82641,-71.41005
786766,2019-00061291,2019-06-28,5:16:00 PM,Pedestrian,1,,,,1,CRANSTON ST,BENEDICT ST ,Luis Pelaez,336,28-Jun-19,"Two-Way , Not Divided",Dry,Daylight,Clear,Not a Collision Between Two Motor Vehicles in Transport,No,No Controls,6,1,Complains Of Pain,2,41.80547,-71.43722
786875,2019-00061767,2019-06-29,6:06:00 PM,Pedestrian,1,,,,1,65 CONGDON ST,CUSHING ST ,Joseph Lopes,227,29-Jun-19,"Two-Way , Not Divided",Dry,Daylight,Clear,Not a Collision Between Two Motor Vehicles in Transport,"Yes, M/V and Driver Left Scene",No Controls,2,0,No Injury,,41.8299,-71.40692
787108,2019-00062563,2019-07-01,2:08:00 PM,Bicycle,,1,,,1,Academy Ave,Dover St,James Annis,454,1-Jul-19,"Two-Way , Not Divided",Dry,Daylight,Clear,Not a Collision Between Two Motor Vehicles in Transport,No,No Controls,3,1,Complains Of Pain,2,,
787127,2019-00062619,2019-07-01,4:59:00 PM,Bicycle,,1,,,1,DEXTER ST,LINWOOD AVE ,Wilkens Georges,548,1-Jul-19,"Two-Way , Not Divided",Dry,Daylight,Clear,Not a Collision Between Two Motor Vehicles in Transport,No,No Controls,3,1,Complains Of Pain,,41.80552,-71.42951
787314,2019-00063368,2019-07-03,3:38:00 PM,Bicycle,,1,,,1,OWEN ST,MANTON AVE ,Shaolin Herr,556,3-Jul-19,"Two-Way , Not Divided",Dry,Daylight,Clear,Not a Collision Between Two Motor Vehicles in Transport,No,No Controls,2,1,Complains Of Pain,,41.82392,-71.45189
787527,2019-00064243,2019-07-05,3:31:00 PM,Bicycle,,1,,,1,7th street,HIGHLAND AVE ,Shaolin Herr,556,5-Jul-19,"Two-Way , Not Divided",Dry,Daylight,Clear,Not a Collision Between Two Motor Vehicles in Transport,No,No Controls,2,0,No Injury,,41.85307,-71.39935
787555,2019-00064349,2019-07-05,7:20:00 PM,Bicycle,,1,,,1,ASHBURTON ST,CHARLES ST ,Cory Vingi,237,5-Jul-19,"Two-Way , Not Divided",Dry,Daylight,Clear,Not a Collision Between Two Motor Vehicles in Transport,"Yes, M/V and Driver Left Scene",No Controls,1,0,No Injury,,41.8394,-71.41616
787950,2019-00065729,2019-07-09,10:37:00 AM,Bicycle,,,X,,2,Cambridge Avenue ,Academy Avenue ,James Lanier,211,9-Jul-19,"Two-Way , Not Divided",Dry,Daylight,Clear,Head-On (Front - to - Front),No,Stop Signs,3,1,Complains Of Pain,1,,
787994,2019-00065838,2019-07-09,3:23:00 PM,Bicycle,,1,,,1,BROADWAY,SERVICE ROAD 7 ,Ralph Abenante,511,9-Jul-19,One-Way Trafficway,Dry,Daylight,Clear,Head-On (Front - to - Front),"Yes, M/V and Driver Left Scene",Traffic Control Signal,2,1,Non-Incapacitating,,41.82178,-71.4208
788066,2019-00066025,2019-07-09,10:52:00 PM,Bicycle,,1,,,1,19 Pope St.,KOSSUTH ST ,Larissa Vadney,401,10-Jul-19,"Two-Way , Not Divided",Dry,Dark - Lighted,Clear,Not a Collision Between Two Motor Vehicles in Transport,"Yes, M/V and Driver Left Scene",No Controls,1,1,Non-Incapacitating,,41.82213,-71.44874
788188,2019-00066333,2019-07-10,7:04:00 PM,Other,1,,X,,1,W FOUNTAIN ST,CARGILL ST ,Jeffrey Gagnon,317,10-Jul-19,"Two-Way , Not Divided",Dry,Dusk,Clear,Angle (Front - to - Side) Right Angle (Includes Broadside),No,No Controls,4,1,Complains Of Pain,2,41.81896,-71.42218
788345,2019-00066957,2019-07-11,10:40:00 AM,Bicycle,,1,,,1,STEWART ST,BROAD ST ,Robert Ballinger,520,12-Jul-19,"Two-Way , Not Divided",Dry,Daylight,Cloudy,Angle (Front - to - Side) Right Angle (Includes Broadside),No,No Controls,3,0,No Injury,,41.8169,-71.41794
788463,2019-00067307,2019-07-13,1:22:00 AM,Other,,1,X,,1,Atwells Ave,SUTTON ST ,Mitchell Guerra,217,13-Jul-19,"Two-Way , Not Divided",Dry,Dark - Lighted,Clear,Angle (Front - to - Side) Right Angle (Includes Broadside),No,No Controls,2,1,Complains Of Pain,,41.82376,-71.42929
788730,2019-00068180,2019-07-15,12:44:00 PM,Bicycle,,1,,,1,Prairie Avenue ,Oxford Avenue ,James Lanier,211,15-Jul-19,"Two-Way , Not Divided",Dry,Daylight,Clear,Not a Collision Between Two Motor Vehicles in Transport,No,Stop Signs,2,1,Non-Incapacitating,1,,
788891,2019-00068734,2019-07-16,7:37:00 PM,Pedestrian,1,,,,1,DEAN ST,KINSLEY AVE ,Joseph Lopes,227,16-Jul-19,One-Way Trafficway,Dry,Daylight,Clear,Not a Collision Between Two Motor Vehicles in Transport,"Yes, M/V and Driver Left Scene",No Controls,1,1,Complains Of Pain,,41.82747,-71.42616
789112,2019-00069472,2019-07-17,7:30:00 PM,Pedestrian,1,,,,1,Broad St,Potters Ave,Christopher Hines,537,18-Jul-19,"Two-Way , Not Divided",Wet,Daylight,Rain,Not a Collision Between Two Motor Vehicles in Transport,No,Traffic Control Signal,4,1,Complains Of Pain,2,41.80296,-71.41895
789107,2019-00069439,2019-07-18,5:53:00 PM,Bicycle,,1,,,1,UPTON AVE,BLACKSTONE BLVD ,Shaolin Herr,556,18-Jul-19,One-Way Trafficway,Wet,Other,Cloudy,Not a Collision Between Two Motor Vehicles in Transport,No,Stop Signs,3,1,Complains Of Pain,,41.83957,-71.38575
789161,2019-00069631,2019-07-19,8:09:00 AM,Pedestrian,1,,,,1,BROAD ST,CAHIR ST ,Robert Ballinger,520,19-Jul-19,"Two-Way , Not Divided",Dry,Daylight,Clear,Not a Collision Between Two Motor Vehicles in Transport,No,Traffic Control Signal,4,1,Complains Of Pain,,41.81692,-71.41795
789421,2019-00070637,2019-07-21,6:56:00 PM,Bicycle,,1,,,1,BROAD ST,PAYTON ST,Kenneth Demarco,176,21-Jul-19,"Two-Way , Not Divided",Dry,Daylight,Clear,Not a Collision Between Two Motor Vehicles in Transport,No,Stop Signs,2,1,Complains Of Pain,,41.78841,-71.40366
789493,2019-00070958,2019-07-22,4:47:00 PM,Pedestrian,1,,,,1,FRIENDSHIP ST,DORRANCE ST ,Shawn Kennedy,547,22-Jul-19,One-Way Trafficway,Dry,Daylight,Clear,Angle (Front - to - Side) Same Direction,No,No Controls,2,1,Complains Of Pain,,41.82196,-71.4095
789511,2019-00070993,2019-07-22,6:22:00 PM,Bicycle,,1,,,1,CHARLES ST,CHARLES ST EXIT 23 ,Thomas Savard,335,22-Jul-19,One-Way Trafficway,Dry,Daylight,Clear,Not a Collision Between Two Motor Vehicles in Transport,"Yes, M/V and Driver Left Scene",Yield Signs,1,1,Complains Of Pain,,41.83785,-71.41426
789571,2019-00071179,2019-07-23,8:33:00 AM,Pedestrian,1,,,,1,MATHEWSON ST,FOUNTAIN ST ,Fernando Lopez,156,23-Jul-19,One-Way Trafficway,Wet,Daylight,Rain,Not a Collision Between Two Motor Vehicles in Transport,No,No Controls,5,1,Complains Of Pain,,41.82371,-71.41586
789588,2019-00071177,2019-07-23,8:00:00 AM,Bicycle,,1,,,1,BROADWAY,VALLEY ST ,Stephen Perez,560,23-Jul-19,"Two-Way, Divided, Unprotected (painted>4feet) Medium",Wet,Daylight,Rain,Not a Collision Between Two Motor Vehicles in Transport,No,Traffic Control Signal,3,1,Complains Of Pain,,41.81684,-71.44101
789754,2019-00071632,2019-07-24,12:55:00 PM,Bicycle,,1,,,1,MEMORIAL BLVD,FRANCIS ST ,Steven Perez,560,24-Jul-19,"Two-Way, Divided, Positive Median Barrier",Dry,Daylight,Clear,Not a Collision Between Two Motor Vehicles in Transport,No,Traffic Control Signal,3,0,No Injury,,41.8259,-71.41535
789813,2019-00071813,2019-07-24,8:40:00 PM,Bicycle,,1,,,1,TERRACE AVE,WEBSTER AVE ,Jeann Lugo,543,24-Jul-19,"Two-Way , Not Divided",Dry,Dark - Unknown Lighting,Clear,Not a Collision Between Two Motor Vehicles in Transport,"Yes, M/V and Driver Left Scene",Unknown,1,1,Complains Of Pain,,41.80371,-71.4474
789994,2019-00072229,2019-07-25,9:57:00 PM,Bicycle,,1,,,1,EDDY ST,RICHMOND ST ,Donald Brien,630,26-Jul-19,"Two-Way, Divided, Positive Median Barrier",Dry,Dark - Not Lighted,Clear,Not a Collision Between Two Motor Vehicles in Transport,No,No Controls,3,1,Complains Of Pain,4,41.81607,-71.40661
790308,2019-00073444,2019-07-28,6:54:00 PM,Bicycle,,1,,,1,121 ROGER WILLIAMS AVE ,NARRAGANSETT AVE ,Joseph Lopes,227,29-Jul-19,"Two-Way , Not Divided",Dry,Daylight,Clear,Not a Collision Between Two Motor Vehicles in Transport,"Yes, M/V and Driver Left Scene",No Controls,1,1,Complains Of Pain,,41.78851,-71.42364
790691,2019-00074951,2019-08-01,1:47:00 PM,Bicycle,,1,,,1,BROAD ST,PEARL ST,Nicholas Manfredi,343,1-Aug-19,"Two-Way , Not Divided",Dry,Daylight,Clear,Not a Collision Between Two Motor Vehicles in Transport,"Yes, M/V and Driver Left Scene",No Controls,1,1,Complains Of Pain,,41.8149,-71.42087
790704,2019-00074993,2019-08-01,4:05:00 PM,Bicycle,,1,,,1,81 DELAINE STREET,SONOMA CT ,Mabel Addai,513,1-Aug-19,"Two-Way, Divided, Unprotected (painted>4feet) Medium",Dry,Daylight,Clear,"Sideswipe, Same Direction",No,No Controls,2,1,Complains Of Pain,2,41.81948,-71.44192
790756,2019-00075275,2019-08-02,8:44:00 AM,Bicycle,,1,,,1,CHAD BROWN STREET,RADCLIFFE AVENUE,Joseph Madeira,552,2-Aug-19,"Two-Way , Not Divided",Dry,Daylight,Clear,Angle (Front - to - Side) Right Angle (Includes Broadside),No,Stop Signs,4,1,Non-Incapacitating,2,41.83349,-71.41682
790872,2019-00075645,2019-08-02,11:38:00 PM,Bicycle,,1,,,1,ATWELLS AVE,BOND ST ,Daviniel Urizar,555,3-Aug-19,"Two-Way, Divided, Unprotected (painted>4feet) Medium",Dry,Dark - Lighted,Clear,Not a Collision Between Two Motor Vehicles in Transport,"Yes, Driver Left Scene",No Controls,1,0,No Injury,,41.82333,-71.42318
790916,2019-00075901,2019-08-03,2:30:00 PM,Bicycle,,1,,,1,BROAD ST ,LOCKWOOD ST ,Joseph Lopes,227,3-Aug-19,"Two-Way , Not Divided",Dry,Daylight,Clear,Not a Collision Between Two Motor Vehicles in Transport,"Yes, M/V and Driver Left Scene",No Controls,1,1,Complains Of Pain,,41.81536,-71.42062
790982,2019-00076092,2019-08-03,10:30:00 PM,Pedestrian,1,,,,1,BROAD ST,VERNDALE AVE ,Stephen Sage,353,4-Aug-19,"Two-Way, Divided, Unprotected (painted>4feet) Medium",Dry,Dark - Lighted,Clear,Other,"Yes, M/V and Driver Left Scene",No Controls,2,1,Incapacitating,,41.79177,-71.40668
791294,2019-00077546,2019-08-07,2:50:00 PM,Bicycle,,1,,,1,Manton Avenue,Westcott Street,David Girard,690,7-Aug-19,"Two-Way , Not Divided",Dry,Daylight,Clear,Angle (Front - to - Side) Right Angle (Includes Broadside),No,Stop Signs,3,1,Non-Incapacitating,,,
791398,2019-00078091,2019-08-08,9:48:00 AM,Bicycle,,1,,,1,ATWELLS AVE,VALLEY ST ,Daviniel Urizar,555,8-Aug-19,"Two-Way, Divided, Positive Median Barrier",Wet,Dark - Lighted,Cloudy,Other,No,No Controls,4,1,Complains Of Pain,,41.82456,-71.4395
791459,2019-00078487,2019-08-09,10:49:00 PM,Bicycle,,1,,,1,174 Linwood ave,DEXTER ST ,Dayshantell Ramirez,571,10-Aug-19,"Two-Way , Not Divided",Dry,Dark - Lighted,Clear,Angle (Front - to - Side) Same Direction,No,No Controls,3,1,Complains Of Pain,,41.806,-71.43194
791488,2019-00078758,2019-08-10,5:02:00 PM,Pedestrian,1,,,,1,Pleasant Valley Parkway,Winrooth Ave,Harrison Northup,232,10-Aug-19,One-Way Trafficway,Dry,Daylight,Clear,Not a Collision Between Two Motor Vehicles in Transport,"Yes, M/V and Driver Left Scene",No Controls,1,0,No Injury,1,41.83545,-71.43677
791503,2019-00078804,2019-08-10,7:20:00 PM,Pedestrian,1,,,,1,S MAIN ST,TRANSIT ST ,Donald Castigliego,287,10-Aug-19,One-Way Trafficway,Dry,Dusk,Clear,Not a Collision Between Two Motor Vehicles in Transport,"Yes, M/V and Driver Left Scene",No Controls,2,1,Non-Incapacitating,,41.82012,-71.40301
791569,2019-00079211,2019-08-11,4:26:00 PM,Bicycle,,1,,,1,N MAIN ST,SMITH ST ,Donald Castigliego,287,11-Aug-19,One-Way Trafficway,Dry,Daylight,Clear,Not a Collision Between Two Motor Vehicles in Transport,"Yes, M/V and Driver Left Scene",No Controls,1,1,Complains Of Pain,,41.8315,-71.41063
791597,2019-00079321,2019-08-11,8:37:00 PM,Bicycle,,1,,,1,Plainfield Street,Union Street,Abraham Lugo,525,11-Aug-19,"Two-Way, Divided, Unprotected (painted>4feet) Medium",Dry,Dark - Lighted,Clear,Angle (Front - to - Side) Same Direction,No,Stop Signs,4,1,Complains Of Pain,,41.8088,-71.46314
791957,2019-00080871,2019-08-15,6:41:00 PM,Pedestrian,1,,,,1,REGENT AVE,HURON ST ,David Liu,318,15-Aug-19,"Two-Way , Not Divided",Dry,Daylight,Clear,Not a Collision Between Two Motor Vehicles in Transport,"Yes, M/V and Driver Left Scene",No Controls,1,0,No Injury,,41.8295,-71.44139
791989,2019-00081192,2019-08-16,2:50:00 PM,Bicycle,,1,,,1,ELMWOOD AVE,WILSON STREET ,Donald Castigliego,287,16-Aug-19,"Two-Way , Not Divided",Dry,Daylight,Clear,Not a Collision Between Two Motor Vehicles in Transport,"Yes, M/V and Driver Left Scene",No Controls,1,1,Complains Of Pain,,41.81119,-71.42317
792001,2019-00081215,2019-08-16,3:48:00 PM,Bicycle,,1,,,1,F C GREENE MEMORIAL BLVD,CARR ST ,Cory Vingi,237,16-Aug-19,"Two-Way , Not Divided",Dry,Daylight,Clear,Not a Collision Between Two Motor Vehicles in Transport,No,No Controls,3,1,Incapacitating,,41.78713,-71.41026
792184,2019-00081331,2019-08-16,8:13:00 PM,Pedestrian,1,,,,1,FRANCIS ST,AMERICAN EXPRESS PLZ ,Jose Deschamps,419,19-Aug-19,"Two-Way, Divided, Unprotected (painted>4feet) Medium",Dry,Daylight,Clear,Not a Collision Between Two Motor Vehicles in Transport,No,Traffic Control Signal,4,1,Complains Of Pain,,41.82741,-71.41541
792659,2019-00084014,2019-08-23,8:38:00 PM,Bicycle,,1,,,1,PONAGANSETT AVE / DRESSER ST,PONAGANSETT AVE ,Casey Correia,521,23-Aug-19,"Two-Way , Not Divided",Dry,Dusk,Clear,Not a Collision Between Two Motor Vehicles in Transport,No,No Controls,2,1,Complains Of Pain,,41.81979,-71.4584
792734,2019-00084517,2019-08-25,12:56:00 AM,Pedestrian,1,,,,1,ORMS ST,CANDACE ST ,Jeffrey Gagnon,317,25-Aug-19,"Two-Way , Not Divided",Dry,Dark - Lighted,Clear,Other,"Yes, M/V and Driver Left Scene",No Controls,3,1,Complains Of Pain,,41.83378,-71.42189
793135,2019-00084695,2019-08-25,2:40:00 PM,Pedestrian,1,,,,1,HAUXHURST AVE,LAUREL HILL AVE,Timothy Phok,561,29-Aug-19,One-Way Trafficway,Dry,Daylight,Clear,Not a Collision Between Two Motor Vehicles in Transport,No,No Controls,2,1,Non-Incapacitating,,41.82179,-71.4554
793187,2019-00086114,2019-08-29,2:54:00 PM,Pedestrian,1,,,,1,863 BROAD STREET,OXFORD ST ,Giana Valletta,396,29-Aug-19,"Two-Way, Divided, Unprotected (painted>4feet) Medium",Dry,Daylight,Clear,Not a Collision Between Two Motor Vehicles in Transport,"Yes, M/V and Driver Left Scene",No Controls,2,1,Complains Of Pain,,41.80061,-71.41763
793201,2019-00086290,2019-08-29,10:00:00 AM,Pedestrian,1,,,,1,DEAN ST,ATWELLS AVE ,Louis Prete,522,29-Aug-19,"Two-Way, Not Divided With a Continuous Left Turn Lane",Dry,Dark - Lighted,Clear,Not a Collision Between Two Motor Vehicles in Transport,No,Traffic Control Signal,6,1,Complains Of Pain,,41.82341,-71.42423
793244,2019-00086411,2019-08-30,9:40:00 AM,Pedestrian,1,,,,1,Allens Avenue ,Georgia Avenue ,James Lanier,211,30-Aug-19,"Two-Way, Divided, Unprotected (painted>4feet) Medium",Dry,Daylight,Clear,Not a Collision Between Two Motor Vehicles in Transport,No,Stop Signs,2,1,Complains Of Pain,2,,
793399,2019-00087004,2019-08-31,4:13:00 PM,Pedestrian,1,,,,1,PLAINFIELD STREET,KILLINGLY ST ,Wilkens Georges,548,31-Aug-19,"Two-Way, Divided, Unprotected (painted>4feet) Medium",Dry,Daylight,Clear,Not a Collision Between Two Motor Vehicles in Transport,No,No Controls,2,1,Non-Incapacitating,,41.81265,-71.45897
794424,2019-00087288,2019-09-01,2:08:00 AM,Pedestrian,1,,,,1,1193 Eddy Street,,Flavio Tavares,371,1-Sep-19,"Two-Way , Not Divided",Dry,Dark - Lighted,Clear,Not a Collision Between Two Motor Vehicles in Transport,"Yes, M/V and Driver Left Scene",No Controls,2,1,Incapacitating,,41.79321,-71.40396
794468,2019-00087554,2019-09-01,7:42:00 PM,Pedestrian,1,,,,1,HAMMOND ST,DIVISION ST ,Shaolin Herr,556,1-Sep-19,"Two-Way , Not Divided",Dry,Dark - Lighted,Cloudy,Not a Collision Between Two Motor Vehicles in Transport,No,Stop Signs,4,1,Complains Of Pain,,41.81507,-71.42855
794476,2019-00087679,2019-09-02,12:12:00 AM,Bicycle,,1,,,1,Elmwood Ave ,Roger Williams Ave,Louis Ferreras,332,2-Sep-19,"Two-Way, Divided, Unprotected (painted>4feet) Medium",Dry,Dark - Lighted,Clear,Not a Collision Between Two Motor Vehicles in Transport,"Yes, M/V and Driver Left Scene",No Controls,2,1,Complains Of Pain,,41.78767,-71.42041
794517,2019-00088052,2019-09-03,3:47:00 AM,Pedestrian,1,,,,1,551 North Main ST,N MAIN ST ,Khari Bass,312,3-Sep-19,"Two-Way, Divided, Positive Median Barrier",Wet,Dark - Lighted,Rain,Not a Collision Between Two Motor Vehicles in Transport,"Yes, M/V and Driver Left Scene",No Controls,1,1,Complains Of Pain,,41.8371,-71.4095
794790,2019-00089230,2019-09-05,10:59:00 PM,Pedestrian,1,,,,1,KENNEDY PLAZA,DORRANCE ST ,Lucas Ramalho,507,6-Sep-19,One-Way Trafficway,Dry,Dark - Lighted,Clear,Not a Collision Between Two Motor Vehicles in Transport,No,No Controls,3,1,Complains Of Pain,,41.82415,-71.41232
795002,2019-00090051,2019-09-08,12:58:00 AM,Bicycle,,1,,,1,BRANCH AVE,95 SOUTH ON-RAMP,Mitchel Voyer,355,8-Sep-19,One-Way Trafficway,Dry,Dark - Lighted,Clear,Not a Collision Between Two Motor Vehicles in Transport,No,No Controls,2,1,Non-Incapacitating,,41.85064,-71.42521
795441,2019-00091993,2019-09-12,11:14:00 PM,Pedestrian,1,,,,1,Oakland Ave.,CHAD BROWN ST ,Mitchel Voyer,355,13-Sep-19,"Two-Way , Not Divided",Dry,Dark - Lighted,Clear,Not a Collision Between Two Motor Vehicles in Transport,"Yes, M/V and Driver Left Scene",No Controls,2,1,Non-Incapacitating,,41.8389,-71.42936
795476,2019-00009270,2019-09-13,7:32:00 AM,Pedestrian,1,,,,1,NARRAGANSETT BLVD,CALIFORNIA AVE ,Matthew Sheridan,,13-Sep-19,"Two-Way , Not Divided",Dry,Daylight,Cloudy,Not a Collision Between Two Motor Vehicles in Transport,No,No Controls,2,1,Complains Of Pain,,41.7892,-71.39606
795511,2019-00092259,2019-09-13,5:53:00 PM,Pedestrian,1,,,,1,VALLEY ST,DELAINE ST ,Joseph Lopes,227,13-Sep-19,"Two-Way , Not Divided",Dry,Daylight,Clear,Not a Collision Between Two Motor Vehicles in Transport,No,Stop Signs,3,1,Non-Incapacitating,,41.81951,-71.4405
795544,2019-00092605,2019-09-14,3:16:00 PM,Pedestrian,1,,,,1,SERVICE ROAD 8,BROAD ST ,Joseph Lopes,227,14-Sep-19,One-Way Trafficway,Wet,Daylight,Rain,Not a Collision Between Two Motor Vehicles in Transport,No,Traffic Control Signal,4,1,Non-Incapacitating,,41.818,-71.41637
796573,2019-00092721,2019-09-14,7:31:00 PM,Bicycle,,2,,,1,FISK ST,BERNARD ST ,Joseph Lopes,227,14-Sep-19,"Two-Way , Not Divided",Wet,Dark - Unknown Lighting,Rain,Not a Collision Between Two Motor Vehicles in Transport,No,Stop Signs,4,2,Non-Incapacitating,,41.79002,-71.40751
796617,2019-00093011,2019-09-15,1:23:00 PM,Bicycle,,1,,,1,GREENWICH ST,BUCKLIN ST ,David Sepe,504,15-Sep-19,"Two-Way , Not Divided",Dry,Daylight,Clear,Angle (Front - to - Side) Right Angle (Includes Broadside),No,Traffic Control Signal,6,1,Complains Of Pain,,41.80237,-71.42609
796739,2019-00093491,2019-09-16,4:30:00 PM,Bicycle,,,,,2,N MAIN ST,MEETING ST ,Donald Castigliego,287,16-Sep-19,"Two-Way , Not Divided",Dry,Daylight,Clear,"Sideswipe, Same Direction",No,No Controls,3,1,Complains Of Pain,,41.82849,-71.40959
796787,2019-00093712,2019-09-17,7:46:00 AM,Pedestrian,1,,,,1,CRANSTON ST,BRIDGHAM ST ,Jose Deschamps,419,17-Sep-19,"Two-Way, Divided, Unprotected (painted>4feet) Medium",Dry,Daylight,Clear,Not a Collision Between Two Motor Vehicles in Transport,No,Traffic Control Signal,4,1,Complains Of Pain,,41.81396,-71.42694
796855,2019-00094026,2019-09-17,9:56:00 PM,Bicycle,,1,,,1,SOUTH ST,RICHMOND ST ,Lucas Ramalho,507,17-Sep-19,"Two-Way , Not Divided",Dry,Dark - Lighted,Clear,Not a Collision Between Two Motor Vehicles in Transport,No,Stop Signs,3,1,Complains Of Pain,,41.81737,-71.40785
797015,2019-00094522,2019-09-19,8:33:00 AM,Pedestrian,1,,,,1,STATE ST,SMITH ST ,Wayne Mann,563,19-Sep-19,One-Way Trafficway,Dry,Daylight,Clear,Other,No,Stop Signs,3,1,Non-Incapacitating,1,41.83158,-71.41284
797016,2019-00094524,2019-09-19,8:44:00 AM,Bicycle,,1,,,1,PUBLIC ST,I 95 N ,Edwardo Curi,294,19-Sep-19,"Two-Way , Not Divided",Dry,Daylight,Cloudy,Angle (Front - to - Side) Right Angle (Includes Broadside),No,Traffic Control Signal,2,1,Complains Of Pain,,41.80821,-71.40371
797024,2019-00094621,2019-09-19,1:41:00 PM,Bicycle,,1,,,1,53 Harold Street ,Harold St,James Lanier,211,19-Sep-19,"Two-Way , Not Divided",Dry,Daylight,Clear,Not a Collision Between Two Motor Vehicles in Transport,No,No Controls,3,1,Complains Of Pain,1,,
797129,2019-00095177,2019-09-20,8:18:00 PM,Bicycle,,1,,,1,BELLEVUE AVE,DEXTER ST ,Joseph Lopes,227,20-Sep-19,"Two-Way , Not Divided",Dry,Dark - Lighted,Clear,Not a Collision Between Two Motor Vehicles in Transport,"Yes, M/V and Driver Left Scene",Stop Signs,2,1,Non-Incapacitating,,41.80744,-71.42869