CrashReportId,ReportNumber,CrashDate,CrashTime,Collision Type,CountPedestrian,CountBicycle,Scooter,Wheel Chair,NumberofVehicles,StreetOrHighway,NearestIntersection,Officer,Badge,ReportDate,TypeOfRoadway,RoadSurfaceCondition,LightCondition,WeatherCondition,MannerofImpact,HitAndRun,TrafficControl,PersonCount,InjuryCount,MostSeriousInjury,NumberOfLanes,Latitude,Longitude
802995,2019-00095161,2019-09-20,7:22:00 PM,Bicycle,,1,,,1,ELMWOOD AVE,ROGER WILLIAMS AVE ,Kenneth Demarco,176,20-Sep-19,"Two-Way, Divided, Positive Median Barrier",Dry,Dark - Lighted,Clear,Not a Collision Between Two Motor Vehicles in Transport,"Yes, M/V and Driver Left Scene",Traffic Control Signal,1,1,Complains Of Pain,,41.7883,-71.4209
797187,2019-00095622,2019-09-21,7:11:00 PM,Pedestrian,1,,,,1,ATWELLS AVE,DEAN ST ,Donald Castigliego,287,21-Sep-19,"Two-Way , Not Divided",Dry,Dark - Lighted,Clear,Not a Collision Between Two Motor Vehicles in Transport,No,No Controls,3,0,No Injury,,41.82339,-71.4242
797245,2019-00095928,2019-09-22,11:21:00 AM,Pedestrian,1,,,,1,310 Cranston Street,GILMORE ST ,Luis Fernandez,531,22-Sep-19,"Two-Way , Not Divided",Dry,Daylight,Clear,"Sidwswipe, Opposite Direction","Yes, M/V and Driver Left Scene",No Controls,1,1,Complains Of Pain,,41.81336,-71.4281
797265,2019-00096007,2019-09-22,3:18:00 PM,Bicycle,,1,,,1,39 SALMON ST ,SALMON ST ,Joseph Lopes,227,22-Sep-19,"Two-Way , Not Divided",Dry,Daylight,Clear,Not a Collision Between Two Motor Vehicles in Transport,"Yes, M/V and Driver Left Scene",No Controls,1,1,Non-Incapacitating,,41.82376,-71.45643
797310,2019-00096257,2019-09-23,7:01:00 AM,Pedestrian,1,,,,1,Dave Gavitt Way ,Broadway,James Lanier,211,23-Sep-19,One-Way Trafficway,Dry,Daylight,Clear,Not a Collision Between Two Motor Vehicles in Transport,No,Traffic Control Signal,2,1,Non-Incapacitating,3,,
797371,2019-00096431,2019-09-23,3:05:00 PM,Pedestrian,1,,,,1,elmwood ave,CADILLAC DR ,Ptlw. Levesque,248,23-Sep-19,"Two-Way , Not Divided",Dry,Daylight,Clear,Not a Collision Between Two Motor Vehicles in Transport,No,No Controls,2,1,Complains Of Pain,,41.78916,-71.42126
797387,2019-00096479,2019-09-23,4:47:00 PM,Bicycle,,1,,,1,SERVICE ROAD 8,WESTMINSTER ST ,Donald Castigliego,287,23-Sep-19,One-Way Trafficway,Dry,Daylight,Clear,Not a Collision Between Two Motor Vehicles in Transport,No,Stop Signs,3,1,Complains Of Pain,,41.81924,-71.41784
797431,2019-00096484,2019-09-23,4:43:00 PM,Pedestrian,1,,,,1,Empire Street,BROADWAY ,Southavout Im,382,23-Sep-19,"Two-Way , Not Divided",Dry,Daylight,Clear,Other,No,Traffic Control Signal,5,1,Complains Of Pain,,41.82255,-71.41742
797671,2019-00097433,2019-09-25,9:11:00 PM,Bicycle,,1,,,1,BROADWAY,VALLEY ST ,Graig Sion,254,25-Sep-19,"Two-Way, Divided, Unprotected (painted>4feet) Medium",Dry,Dark - Lighted,Clear,Not a Collision Between Two Motor Vehicles in Transport,"Yes, M/V and Driver Left Scene",No Controls,1,1,Complains Of Pain,,41.81683,-71.44103
797680,2019-00097476,2019-09-25,11:59:00 PM,Pedestrian,1,,,,1,270 broad street,LOCKWOOD ST ,Kristen Barth,247,26-Sep-19,"Two-Way , Not Divided",Dry,Dark - Lighted,Clear,Not a Collision Between Two Motor Vehicles in Transport,"Yes, M/V and Driver Left Scene",No Controls,1,1,Complains Of Pain,,41.81548,-71.42054
797718,2019-00097617,2019-09-26,12:04:00 PM,Pedestrian,1,,,,1,Pine Street ,Lockwood Street ,James Lanier,211,26-Sep-19,"Two-Way , Not Divided",Dry,Daylight,Clear,Not a Collision Between Two Motor Vehicles in Transport,"Yes, M/V and Driver Left Scene",Pavement Markings,1,1,Complains Of Pain,1,,
797901,2019-00098151,2019-09-27,4:48:00 PM,Bicycle,,1,,,1,OLNEY ST,BROWN ST ,Joseph Lopes,227,27-Sep-19,"Two-Way , Not Divided",Dry,Daylight,Clear,Not a Collision Between Two Motor Vehicles in Transport,No,No Controls,3,1,Complains Of Pain,,41.8356,-71.40544
797975,2019-00098559,2019-09-28,1:10:00 PM,Pedestrian,1,,,,1,HOPE ST,BLACKSTONE BLVD ,Fernando Lopez,156,28-Sep-19,"Two-Way , Not Divided",Dry,Daylight,Clear,Not a Collision Between Two Motor Vehicles in Transport,No,No Controls,4,1,Complains Of Pain,,41.8566,-71.39127
798041,2019-00098702,2019-09-28,7:07:00 PM,Pedestrian,1,,,,1,BROAD STREET,PORTLAND STREET ,Donald Castigliego,287,28-Sep-19,"Two-Way , Not Divided",Dry,Dark - Lighted,Clear,Not a Collision Between Two Motor Vehicles in Transport,No,No Controls,4,1,Complains Of Pain,,41.81413,-71.42131
798136,2019-00099400,2019-09-30,12:12:00 PM,Bicycle,,1,,,1,Weybosset St ,Eddy St,James Annis,454,30-Sep-19,"Two-Way , Not Divided",Dry,Daylight,Clear,Not a Collision Between Two Motor Vehicles in Transport,No,No Controls,4,1,Complains Of Pain,2,,
798352,2019-00100344,2019-10-02,7:07:00 PM,Pedestrian,1,,,,1,NARRAGANSETT BLVD,MASSACHUSETTS AVE,Jason Cotugno,173,2-Oct-19,"Two-Way , Not Divided",Wet,Dark - Lighted,Rain,Not a Collision Between Two Motor Vehicles in Transport,"Yes, M/V and Driver Left Scene",No Controls,1,1,Complains Of Pain,4,41.78756,-71.39551
798383,2019-00100424,2019-10-02,11:48:00 PM,Pedestrian,1,,,,1,Elmwood Ave ,POTTERS AVE ,Kristen Barth,247,3-Oct-19,"Two-Way , Not Divided",Dry,Dark - Lighted,Clear,Not a Collision Between Two Motor Vehicles in Transport,"Yes, M/V and Driver Left Scene",No Controls,1,1,Complains Of Pain,,41.80128,-71.42641
798409,2019-00100568,2019-10-03,12:06:00 PM,Bicycle,,,,,1,BROADWAY,ANDREW ST ,Victor Tavarez,564,3-Oct-19,"Two-Way, Divided, Unprotected (painted>4feet) Medium",Dry,Daylight,Cloudy,Not a Collision Between Two Motor Vehicles in Transport,No,No Controls,3,1,Complains Of Pain,2,41.81966,-71.42995
798439,2019-00100668,2019-10-03,4:30:00 PM,Pedestrian,1,,,,1,KNIGHT ST,BROADWAY ,Larissa Vadney,401,3-Oct-19,"Two-Way , Not Divided",Dry,Daylight,Cloudy,Not a Collision Between Two Motor Vehicles in Transport,No,Traffic Control Signal,3,1,Complains Of Pain,,41.81981,-71.42938
798522,2019-00100922,2019-10-04,10:25:00 AM,Pedestrian,1,,,,1,REDWING ST,BUCKLIN ST ,Luis Fernandez,531,4-Oct-19,"Two-Way , Not Divided",Dry,Daylight,Clear,Not a Collision Between Two Motor Vehicles in Transport,"Yes, M/V and Driver Left Scene",Unknown,1,1,Complains Of Pain,,41.79939,-71.42649
798578,2019-00101045,2019-10-04,4:12:00 PM,Bicycle,1,,,,1,PLAINFIELD ST,SILVER LAKE AVE ,Ryan Malloy,311,4-Oct-19,"Two-Way , Not Divided",Dry,Daylight,Clear,"Sideswipe, Same Direction",No,No Controls,2,1,Incapacitating,,41.80587,-71.46492
798596,2019-00101217,2019-10-05,12:50:00 AM,Pedestrian,1,,,,1,S Water Street,Tockwotton Street,Kristen Barth,247,5-Oct-19,One-Way Trafficway,Dry,Dark - Lighted,Clear,Not a Collision Between Two Motor Vehicles in Transport,"Yes, M/V and Driver Left Scene",No Controls,1,1,Complains Of Pain,,41.81694,-71.40012
798844,2019-00102811,2019-10-09,9:24:00 AM,Pedestrian,1,,,,1,Smith St,Maude St,James Annis,454,9-Oct-19,"Two-Way , Not Divided",Wet,Daylight,Rain,Not a Collision Between Two Motor Vehicles in Transport,No,No Controls,3,1,Complains Of Pain,2,,
799139,2019-00103720,2019-10-11,5:47:00 PM,Bicycle,,1,,,1,HARRIS AVE,ATWELLS AVE ,Donald Castigliego,287,11-Oct-19,"Two-Way , Not Divided",Wet,Daylight,Rain,Not a Collision Between Two Motor Vehicles in Transport,No,Traffic Control Signal,2,0,No Injury,,41.82446,-71.4355
799178,2019-00103829,2019-10-11,11:00:00 PM,Pedestrian,1,,,,1,SISSON ST,MANTON AVE ,Ptlm. Silva,252,12-Oct-19,"Two-Way , Not Divided",Wet,Dark - Lighted,Rain,Not a Collision Between Two Motor Vehicles in Transport,"Yes, M/V and Driver Left Scene",No Controls,1,1,Complains Of Pain,,41.82561,-71.45536
799262,2019-00104137,2019-10-12,7:59:00 PM,Bicycle,,1,,,1,BROAD ST,W FRIENDSHIP ST,Patrick Hourahan,243,12-Oct-19,"Two-Way , Not Divided",Dry,Dark - Lighted,Clear,Not a Collision Between Two Motor Vehicles in Transport,No,No Controls,3,1,Complains Of Pain,,41.80948,-71.42093
799336,2019-00104469,2019-10-13,3:59:00 PM,Bicycle,,1,,,1,ADELAIDE AVE,EMERSON ST ,Joshua Cascione,225,13-Oct-19,"Two-Way , Not Divided",Dry,Daylight,Clear,Not a Collision Between Two Motor Vehicles in Transport,"Yes, M/V and Driver Left Scene",No Controls,1,1,Non-Incapacitating,2,41.79861,-71.4162
799573,2019-00105230,2019-10-15,3:30:00 PM,Pedestrian,1,,,,1,BROAD ST,MARLBOROUGH ST ,Adrian Francis,239,15-Oct-19,"Two-Way , Not Divided",Dry,Daylight,Clear,Not a Collision Between Two Motor Vehicles in Transport,No,No Controls,2,1,Complains Of Pain,,41.80572,-71.41978
799577,2019-00105358,2019-10-15,9:22:00 PM,Pedestrian,1,,,,1,Imera St,CHALKSTONE AVE ,Christopher Castagliuolo,351,15-Oct-19,"Two-Way , Not Divided",Dry,Dark - Lighted,Clear,Not a Collision Between Two Motor Vehicles in Transport,No,No Controls,3,1,Incapacitating,,41.83205,-71.45649
799651,2019-00105371,2019-10-15,10:03:00 PM,Pedestrian,1,,,,1,Atwells Ave ,NEWTON ST ,Jennifer Fonseca,402,16-Oct-19,"Two-Way, Divided, Unprotected (painted>4feet) Medium",Dry,Dark - Lighted,Clear,Not a Collision Between Two Motor Vehicles in Transport,"Yes, Driver Left Scene",No Controls,1,1,Complains Of Pain,,41.82327,-71.42228
799597,2019-00105484,2019-10-16,10:06:00 AM,Bicycle,,,,,2,95 Lydia St ,CANDACE ST ,James Annis,454,16-Oct-19,"Two-Way , Not Divided",Dry,Daylight,Clear,Angle (Front - to - Side) Right Angle (Includes Broadside),No,No Controls,3,1,Complains Of Pain,1,41.83493,-71.42109
799790,2019-00106029,2019-10-17,3:43:00 PM,Bicycle,,1,,,1,Veazie Street,DOUGLAS AVE ,Taft Manzotti,377,17-Oct-19,"Two-Way , Not Divided",Dry,Daylight,Cloudy,Angle (Front - to - Side) Right Angle (Includes Broadside),No,No Controls,2,1,Complains Of Pain,,41.85154,-71.43468
799861,2019-00106368,2019-10-18,3:29:00 PM,Pedestrian,1,,,,1,66 BENEFIT STREET,,Donald Castigliego,287,18-Oct-19,"Two-Way , Not Divided",Dry,Daylight,Clear,Not a Collision Between Two Motor Vehicles in Transport,No,No Controls,2,1,Complains Of Pain,,41.83168,-71.40933
799978,2019-00106812,2019-10-19,4:32:00 PM,Bicycle,,1,,,1,TRANSIT ST,BROOK ST ,Joseph Lopes,227,19-Oct-19,"Two-Way , Not Divided",Dry,Daylight,Clear,Not a Collision Between Two Motor Vehicles in Transport,No,Stop Signs,6,1,Non-Incapacitating,,41.82056,-71.39839
800132,2019-00107234,2019-10-20,5:05:00 PM,Pedestrian,1,,,,1,60 VALLEY ST,SAN SOUCI DR ,Joseph Lopes,227,20-Oct-19,"Two-Way , Not Divided",Dry,Unknown,Clear,Unknown,"Yes, M/V and Driver Left Scene",No Controls,1,1,Complains Of Pain,,41.81767,-71.44086
800245,2019-00107533,2019-10-21,3:31:00 PM,Pedestrian,1,,,,1,380 HOPE ST,CARRINGTON AVE ,Joseph Lopes,227,21-Oct-19,"Two-Way , Not Divided",Dry,Daylight,Clear,Not a Collision Between Two Motor Vehicles in Transport,"Yes, M/V and Driver Left Scene",No Controls,1,1,Complains Of Pain,,41.83668,-71.40113
800520,2019-00108323,2019-10-23,4:04:00 PM,Bicycle,,1,,,1,EDDY ST,EDDY ST EXIT ,Donald Castigliego,287,23-Oct-19,"Two-Way , Not Divided",Dry,Daylight,Clear,Not a Collision Between Two Motor Vehicles in Transport,"Yes, M/V and Driver Left Scene",No Controls,1,0,No Injury,,41.81156,-71.40709
800606,2019-00108629,2019-10-24,2:50:00 PM,Bicycle,,1,,,1,533 ELMWOOD AVE,533 ELMWOOD AVE ,Jose Buten,322,24-Oct-19,"Two-Way , Not Divided",Dry,Daylight,Clear,Angle (Front - to - Side) Opposite Direction,No,No Controls,2,1,Complains Of Pain,,41.79939,-71.42649
800693,2019-00108898,2019-10-25,7:51:00 AM,Pedestrian,1,,,,1,ACADEMY AVE,REGENT AVE ,Jin O,147,25-Oct-19,"Two-Way , Not Divided",Dry,Daylight,Clear,Not a Collision Between Two Motor Vehicles in Transport,"Yes, M/V and Driver Left Scene",Person,2,1,Complains Of Pain,,41.82926,-71.44403
800745,2019-00109076,2019-10-25,5:43:00 PM,Bicycle,,1,,,1,CLEMATIS ST,MOLLOY ST ,Joshua Cascione,225,25-Oct-19,"Two-Way , Not Divided",Dry,Dark - Lighted,Clear,Rear End(Front-to-Rear),No,No Controls,2,1,Incapacitating,2,41.83357,-71.44595
801148,2019-00110582,2019-10-29,5:13:00 PM,Bicycle,,1,,,1,537 BROAD STREET,,Donald Castigliego,287,29-Oct-19,"Two-Way , Not Divided",Dry,Daylight,Cloudy,Not a Collision Between Two Motor Vehicles in Transport,No,No Controls,3,0,No Injury,,41.80968,-71.42098
801151,2019-00110596,2019-10-29,6:00:00 PM,Pedestrian,1,,,,1,SMITH ST,GENTIAN AVE ,Joshua Cascione,225,29-Oct-19,"Two-Way , Not Divided",Dry,Dark - Lighted,Cloudy,Not a Collision Between Two Motor Vehicles in Transport,No,Traffic Control Signal,5,0,No Injury,,41.846,-71.45167
801206,2019-00110902,2019-10-30,2:43:00 PM,Pedestrian,1,,,,1,COLLEGE ST,BENEFIT ST ,Donald Castigliego,287,30-Oct-19,One-Way Trafficway,Wet,Daylight,Rain,Not a Collision Between Two Motor Vehicles in Transport,No,Traffic Control Signal,2,1,Complains Of Pain,,41.826,-71.40683
801281,2019-00111247,2019-10-31,2:15:00 PM,Bicycle,,1,,,1,SORRENTO ST,LINWOOD AVE ,Thiago Gomes,532,31-Oct-19,"Two-Way , Not Divided",Wet,Daylight,Rain,"Sidwswipe, Opposite Direction",No,Stop Signs,3,1,Complains Of Pain,2,41.80789,-71.43735
801300,2019-00111359,2019-10-31,6:03:00 PM,Pedestrian,1,,,,1,ATWELLS AVE,TUXEDO AVE ,Joshua Cascione,225,31-Oct-19,"Two-Way , Not Divided",Wet,Dark - Lighted,Rain,Not a Collision Between Two Motor Vehicles in Transport,No,Other,2,1,Incapacitating,,41.82454,-71.43894
801320,2019-00111406,2019-10-31,8:58:00 PM,Pedestrian,1,,,,1,ATWELLS AVE,CUTLER ST ,Joshua Cascione,225,31-Oct-19,"Two-Way , Not Divided",Wet,Dark - Lighted,Rain,Not a Collision Between Two Motor Vehicles in Transport,"Yes, M/V and Driver Left Scene",No Controls,1,1,Incapacitating,,41.82467,-71.44135
801458,2019-00111898,2019-11-01,5:57:00 PM,Pedestrian,1,,,,1,HARTFORD AVE,HARTFORD AVE ,Brendan McKenna,314,1-Nov-19,"Two-Way, Divided, Unprotected (painted>4feet) Medium",Dry,Daylight,Clear,Head-On (Front - to - Front),"Yes, M/V and Driver Left Scene",Unknown,2,1,Complains Of Pain,,41.81827,-71.45698
801460,2019-00111878,2019-11-01,3:36:00 PM,Pedestrian,1,,,,1,Dean St,W EXCHANGE ST ,Deanna Johnson,408,1-Nov-19,"Two-Way, Divided, Positive Median Barrier",Dry,Daylight,Clear,Not a Collision Between Two Motor Vehicles in Transport,"Yes, M/V and Driver Left Scene",Traffic Control Signal,1,1,Complains Of Pain,,41.82543,-71.42583
802737,2019-00112995,2019-11-04,2:16:00 PM,Pedestrian,1,,,,1,BROADWAY,HARRIS AVE ,Lucio Andreozzi,381,5-Nov-19,"Two-Way, Divided, Unprotected (painted>4feet) Medium",Dry,Daylight,Clear,Other,No,No Controls,3,1,Complains Of Pain,2,41.81705,-71.44029
802806,2019-00113400,2019-11-05,4:59:00 PM,Bicycle,,1,,,1,DUPONT DR,NIANTIC AVE ,Joshua Cascione,225,5-Nov-19,"Two-Way , Not Divided",Wet,Dark - Lighted,Rain,Angle (Front - to - Side) Right Angle (Includes Broadside),No,Traffic Control Signal,2,1,Complains Of Pain,,41.80066,-71.43901
802844,2019-00113448,2019-11-05,7:53:00 PM,Bicycle,,1,,,1,BROAD ST,BROAD ST ,Cory Vingi,237,5-Nov-19,"Two-Way , Not Divided",Dry,Dark - Lighted,Clear,Not a Collision Between Two Motor Vehicles in Transport,"Yes, M/V and Driver Left Scene",Pavement Markings,2,1,Complains Of Pain,,41.81632,-71.41929
802873,2019-00113727,2019-11-06,3:55:00 PM,Bicycle,,,,,2,19 Preston St,GOVERNOR ST ,Andrew In,540,6-Nov-19,"Two-Way , Not Divided",Dry,Dusk,Clear,Not a Collision Between Two Motor Vehicles in Transport,No,No Controls,2,0,No Injury,,41.82425,-71.39368
802933,2019-00114131,2019-11-07,5:47:00 PM,Pedestrian,1,,,,1,DOYLE AVE,PROCTOR PL ,Joshua Cascione,225,7-Nov-19,"Two-Way , Not Divided",Wet,Dark - Lighted,Rain,Not a Collision Between Two Motor Vehicles in Transport,"Yes, M/V and Driver Left Scene",No Controls,2,1,Complains Of Pain,,41.83877,-71.40094
802957,2019-00114090,2019-11-07,3:55:00 PM,Pedestrian,1,,,,1,Point ,Eddy,Shawn Kennedy,547,7-Nov-19,"Two-Way , Not Divided",Dry,Daylight,Clear,Angle (Front - to - Side) Same Direction,No,Traffic Control Signal,2,1,Complains Of Pain,2,41.81655,-71.40727
802963,2019-00114259,2019-11-08,1:23:00 AM,Bicycle,,1,,,1,VALLEY ST,DELAINE ST ,Ajay Subramaniam,569,8-Nov-19,"Two-Way , Not Divided",Wet,Dark - Lighted,Rain,Not a Collision Between Two Motor Vehicles in Transport,No,Stop Signs,2,1,Non-Incapacitating,,41.8195,-71.4405
803027,2019-00114600,2019-11-08,11:31:00 PM,Pedestrian,1,,,,1,N MAIN ST,RANDALL ST ,Victor Tavarez,564,9-Nov-19,"Two-Way, Divided, Positive Median Barrier",Dry,Dusk,Clear,Angle - Direction Not Specified,No,No Controls,5,1,Non-Incapacitating,2,41.83888,-71.40937
805194,2019-00115614,2019-11-11,4:30:00 PM,Pedestrian,1,,,,1,OAKWOOD AVE,CHALKSTONE AVE ,Joshua Cascione,225,11-Nov-19,"Two-Way , Not Divided",Dry,Dark - Lighted,Cloudy,Not a Collision Between Two Motor Vehicles in Transport,No,No Controls,4,1,Incapacitating,,41.83316,-71.45964
805387,2019-00116283,2019-11-13,3:57:00 PM,Pedestrian,1,,,,1,UNION AVE,RICOM WAY ,Joseph Lopes,227,13-Nov-19,"Two-Way , Not Divided",Dry,Daylight,Clear,Not a Collision Between Two Motor Vehicles in Transport,No,No Controls,3,1,Complains Of Pain,,41.80829,-71.44198
805704,2019-00116263,2019-11-13,3:16:00 PM,Pedestrian,1,,,,1,BROAD ST,FRICKER ST ,Joshua Cascione,225,13-Nov-19,"Two-Way , Not Divided",Dry,Daylight,Clear,Not a Collision Between Two Motor Vehicles in Transport,No,Pavement Markings,3,1,Complains Of Pain,,41.81528,-71.42066
805597,2019-00116900,2019-11-15,9:50:00 AM,Pedestrian,1,,,,1,ROUTE 10 SOUTH RESERVOIR AVE EXIT,RESERVOIR AVE ,Fernando Lopez,156,15-Nov-19,One-Way Trafficway,Dry,Daylight,Clear,Not a Collision Between Two Motor Vehicles in Transport,No,Pavement Markings,3,1,Complains Of Pain,,41.78762,-71.43257
805662,2019-00117033,2019-11-15,4:45:00 PM,Pedestrian,1,,,,1,MEMORIAL BLVD,FRANCIS ST ,Cory Vingi,237,15-Nov-19,"Two-Way , Not Divided",Dry,Dark - Lighted,Clear,Not a Collision Between Two Motor Vehicles in Transport,No,Traffic Control Signal,3,1,Incapacitating,,41.82589,-71.41539
805830,2019-00117854,2019-11-17,9:02:00 PM,Bicycle,,,,,2,BROAD ST,SERVICE ROAD 7 ,Southavout Im,382,17-Nov-19,"Two-Way , Not Divided",Dry,Dark - Lighted,Clear,Angle (Front - to - Side) Right Angle (Includes Broadside),"Yes, M/V and Driver Left Scene",Traffic Control Signal,2,0,No Injury,,41.81736,-71.41696
805939,2019-00118376,2019-11-19,9:43:00 AM,Pedestrian,1,,,,1,MEMORIAL BLVD,COLLEGE ST ,Fernando Lopez,156,19-Nov-19,"Two-Way , Not Divided",Wet,Daylight,Rain,Not a Collision Between Two Motor Vehicles in Transport,No,Pavement Markings,3,1,Complains Of Pain,,41.82523,-71.40892
805971,2019-00118477,2019-11-19,3:26:00 PM,Pedestrian,1,,,,1,BARTON ST,WESTMINSTER ST ,Deanna Johnson,408,19-Nov-19,"Two-Way , Not Divided",Dry,Daylight,Clear,Other,No,School Zone Signs,4,0,No Injury,,41.81615,-71.43659
805972,2019-00118518,2019-11-19,5:00:00 PM,Pedestrian,1,,,,1,SOMERSET STREET,BROAD STREET,Giuseppe Scarcello,485,19-Nov-19,"Two-Way , Not Divided",Dry,Dark - Lighted,Clear,Not a Collision Between Two Motor Vehicles in Transport,"Yes, M/V and Driver Left Scene",No Controls,1,1,Non-Incapacitating,,41.81735,-71.45075
806138,2019-00119165,2019-11-21,1:35:00 PM,Pedestrian,1,,,,1,FRANCIS ST,MEMORIAL BLVD ,Wayne Mann,563,21-Nov-19,"Two-Way , Not Divided",Dry,Daylight,Clear,Other,No,Traffic Control Signal,4,1,Complains Of Pain,4,41.82602,-71.4154
806319,2019-00120084,2019-11-23,10:03:00 PM,Pedestrian,1,,,,1,WESTMINSTER ST,STOKES ST ,Joshua Cascione,225,23-Nov-19,"Two-Way , Not Divided",Dry,Dark - Lighted,Clear,Not a Collision Between Two Motor Vehicles in Transport,No,No Controls,4,1,Complains Of Pain,,41.81668,-71.44236
806355,2019-00120218,2019-11-24,8:04:00 AM,Pedestrian,1,,,,1,HAWKINS ST,ADMIRAL ST ,Fernando Lopez,156,24-Nov-19,"Two-Way , Not Divided",Wet,Daylight,Rain,Not a Collision Between Two Motor Vehicles in Transport,"Yes, M/V and Driver Left Scene",Stop Signs,1,1,Complains Of Pain,,41.84594,-71.42837
806494,2019-00120721,2019-11-25,6:32:00 PM,Pedestrian,1,,,,1, FRANCIS ST,AMERICAN EXPRESS PLZ ,Joseph Lopes,227,25-Nov-19,"Two-Way , Not Divided",Dry,Dark - Lighted,Clear,Not a Collision Between Two Motor Vehicles in Transport,No,Traffic Control Signal,4,1,Non-Incapacitating,,41.82745,-71.41541
806651,2019-00121162,2019-11-26,8:36:00 PM,Pedestrian,1,,,,1,BROADWAY,HARRIS AVE ,Donald Castigliego,287,26-Nov-19,"Two-Way , Not Divided",Dry,Daylight,Clear,Not a Collision Between Two Motor Vehicles in Transport,No,Pavement Markings,3,1,Complains Of Pain,,41.81705,-71.44029
806764,2019-00121507,2019-11-27,8:05:00 PM,Bicycle,,1,,,1,WALLACE ST,WEBSTER AVE ,Donald Castigliego,287,27-Nov-19,"Two-Way , Not Divided",Wet,Dark - Lighted,Rain,Not a Collision Between Two Motor Vehicles in Transport,"Yes, M/V and Driver Left Scene",Stop Signs,2,0,No Injury,,41.80936,-71.44876
806766,2019-00121497,2019-11-27,7:28:00 PM,Pedestrian,1,,,,1,ELMWOOD AVE,POTTERS AVE ,Adrian Francis,239,27-Nov-19,"Two-Way, Divided, Unprotected (painted>4feet) Medium",Wet,Daylight,Rain,Not a Collision Between Two Motor Vehicles in Transport,"Yes, M/V and Driver Left Scene",Traffic Control Signal,1,1,Complains Of Pain,,41.80151,-71.42635
806817,2019-00122030,2019-11-29,12:44:00 PM,Pedestrian,1,,,,1,219 Manton Avenue ,219 Manton Avenue ,James Lanier,211,29-Nov-19,"Two-Way, Divided, Unprotected (painted>4feet) Medium",Dry,Daylight,Clear,Not a Collision Between Two Motor Vehicles in Transport,"Yes, M/V and Driver Left Scene",No Controls,2,1,Non-Incapacitating,1,,
807337,2019-00124118,2019-12-05,7:45:00 PM,Pedestrian,1,,,,1,EXIT 22A (RT ),FRANCIS ST ,Donald Castigliego,287,5-Dec-19,"Two-Way, Divided, Positive Median Barrier",Dry,Dark - Lighted,Clear,Not a Collision Between Two Motor Vehicles in Transport,No,Traffic Control Signal,4,1,Incapacitating,,41.82577,-71.41527
807420,2019-00124153,2019-12-05,10:52:00 PM,Pedestrian,1,,,,1,CHARLES ST,SILVER SPRING ST ,Waldorf Pognon,501,6-Dec-19,"Two-Way , Not Divided",Dry,Dark - Lighted,Cloudy,Not a Collision Between Two Motor Vehicles in Transport,No,No Controls,2,1,Complains Of Pain,,41.84488,-71.41873
807356,2019-00124244,2019-12-06,10:05:00 AM,Bicycle,,1,,,1,HOPE ST,MANNING ST ,Fernando Lopez,156,6-Dec-19,"Two-Way , Not Divided",Dry,Daylight,Clear,Not a Collision Between Two Motor Vehicles in Transport,No,No Controls,4,1,Complains Of Pain,,41.82653,-71.39727
807529,2019-00124850,2019-12-07,11:03:00 PM,Pedestrian,1,,,,1,DEAN ST,CAHIR ST ,Erick Ramos,554,8-Dec-19,"Two-Way , Not Divided",Dry,Dark - Lighted,Clear,Not a Collision Between Two Motor Vehicles in Transport,"Yes, M/V and Driver Left Scene",No Controls,2,1,Complains Of Pain,,41.81823,-71.42019
807531,2019-00124998,2019-12-08,9:36:00 AM,Bicycle,,1,,,1,HARTFORD AVE,BOWLETT ST,Fernando Lopez,156,8-Dec-19,"Two-Way , Not Divided",Dry,Daylight,Clear,Not a Collision Between Two Motor Vehicles in Transport,"Yes, M/V and Driver Left Scene",No Controls,1,1,Complains Of Pain,,41.81907,-71.46225
807600,2019-00125307,2019-12-09,10:28:00 AM,Pedestrian,1,,,,1,CHALKSTONE AVE,ACADEMY AVE ,Fernando Lopez,156,9-Dec-19,"Two-Way , Not Divided",Wet,Daylight,Rain,Not a Collision Between Two Motor Vehicles in Transport,No,Pavement Markings,4,1,Complains Of Pain,,41.83246,-71.44464
807602,2019-00125312,2019-12-09,10:47:00 AM,Bicycle,,1,,,1,Weybosset St,Dorrance St ,Gary Slater,365,9-Dec-19,"Two-Way , Not Divided",Wet,Daylight,Rain,Not a Collision Between Two Motor Vehicles in Transport,No,Traffic Control Signal,3,1,Complains Of Pain,,41.82308,-71.41096
807648,2019-00125446,2019-12-09,5:34:00 PM,Pedestrian,1,,,,1,MEMORIAL BLVD,FRANICS ST,Joseph Lopes,227,9-Dec-19,"Two-Way, Divided, Positive Median Barrier",Wet,Dark - Lighted,Rain,Not a Collision Between Two Motor Vehicles in Transport,No,Traffic Control Signal,2,1,Non-Incapacitating,,41.82578,-71.41523