CrashReportId,ReportNumber,CrashDate,CrashTime,Collision Type,CountPedestrian,CountBicycle,Scooter,Wheel Chair,NumberofVehicles,StreetOrHighway,NearestIntersection,Officer,Badge,ReportDate,TypeOfRoadway,RoadSurfaceCondition,LightCondition,WeatherCondition,MannerofImpact,HitAndRun,TrafficControl,PersonCount,InjuryCount,MostSeriousInjury,NumberOfLanes,Latitude,Longitude
807722,2019-00125434,2019-12-09,4:48:00 PM,Pedestrian,1,,,,1,51 Silver Spring St,Touro St,Shaun Marmas,216,10-Dec-19,Unknown,Dry,Dark - Lighted,Clear,Not a Collision Between Two Motor Vehicles in Transport,No,No Controls,2,1,Complains Of Pain,,41.84546,-71.41783
807712,2019-00125748,2019-12-10,4:11:00 PM,Pedestrian,1,,,,1,FRANCIS ST,AMERICAN EXPRESS PLZ ,Cameron Clift,524,10-Dec-19,"Two-Way , Not Divided",Wet,Dark - Lighted,Rain,Not a Collision Between Two Motor Vehicles in Transport,No,Traffic Control Signal,2,1,Complains Of Pain,2,41.82745,-71.41541
808064,2019-00126835,2019-12-13,8:19:00 PM,Pedestrian,1,,,,1,WHIPPLE ST ,ADMIRAL ST,Joseph Lopes,227,13-Dec-19,"Two-Way , Not Divided",Wet,Dark - Lighted,Rain,Not a Collision Between Two Motor Vehicles in Transport,No,No Controls,2,1,Complains Of Pain,,41.84049,-71.41906
808094,2019-00126965,2019-12-14,2:00:00 AM,Pedestrian,1,,,,1,727 Cranston Street,ANTHONY AVE ,Alexander Wagoner,541,14-Dec-19,"Two-Way , Not Divided",Wet,Dark - Lighted,Rain,Not a Collision Between Two Motor Vehicles in Transport,No,No Controls,3,1,Incapacitating,2,41.80465,-71.43823
808283,2019-00128034,2019-12-17,5:45:00 AM,Pedestrian,1,,,,1,244 smith street,SMITH ST ,David Forte,518,17-Dec-19,"Two-Way , Not Divided",Wet,Dark - Lighted,"Sleet, Hail (Freezing Rain or Drizzle)",Not a Collision Between Two Motor Vehicles in Transport,No,No Controls,3,1,Complains Of Pain,,41.83284,-71.41965
808330,2019-00128178,2019-12-17,5:50:00 PM,Bicycle,,1,,,1,BENEVOLENT ST,BROWN ST ,Gargar Grimes,323,17-Dec-19,"Two-Way, Not Divided With a Continuous Left Turn Lane",Wet,Dark - Lighted,"Sleet, Hail (Freezing Rain or Drizzle)",Not a Collision Between Two Motor Vehicles in Transport,No,No Controls,2,1,Complains Of Pain,,41.8246,-71.40271
808497,2019-00128702,2019-12-19,11:54:00 AM,Pedestrian,1,,,,1,Pine St,DYER ST ,Michelle Chasse,264,19-Dec-19,One-Way Trafficway,Dry,Daylight,Clear,Not a Collision Between Two Motor Vehicles in Transport,"Yes, M/V and Driver Left Scene",No Controls,2,1,Complains Of Pain,,41.82384,-71.40863
808527,2019-00128780,2019-12-19,4:33:00 PM,Pedestrian,1,,,,1,BROADWAY,AMERICA ST ,Joshua Cascione,225,19-Dec-19,"Two-Way , Not Divided",Dry,Dark - Lighted,Clear,Not a Collision Between Two Motor Vehicles in Transport,No,Pavement Markings,3,1,Complains Of Pain,2,41.82046,-71.42654
808628,2019-00129007,2019-12-20,10:19:00 AM,Pedestrian,1,,,,1,PLAINFIELD ST,DIKE ST ,Fernando Lopez,156,20-Dec-19,"Two-Way , Not Divided",Dry,Daylight,Clear,Not a Collision Between Two Motor Vehicles in Transport,No,No Controls,3,1,Complains Of Pain,,41.81651,-71.44418
808791,2019-00130197,2019-12-23,4:43:00 PM,Pedestrian,1,,,,1,LEDGE ST,PETER ST ,Joshua Cascione,225,23-Dec-19,"Two-Way , Not Divided",Dry,Dark - Lighted,Clear,Not a Collision Between Two Motor Vehicles in Transport,No,No Controls,2,1,Complains Of Pain,2,41.85338,-71.41955
808792,2019-00130201,2019-12-23,4:56:00 PM,Bicycle,,1,,,1,RICHMOND STREET,EDDY STREET,Joseph Madeira,552,23-Dec-19,"Two-Way , Not Divided",Dry,Dark - Not Lighted,Clear,Other,No,No Controls,3,0,No Injury,,41.83616,-71.41597
808799,2019-00130232,2019-12-23,6:28:00 PM,Pedestrian,1,,,,1,LORETO ST,TOURO ST ,Joshua Cascione,225,23-Dec-19,"Two-Way , Not Divided",Dry,Dark - Lighted,Clear,Not a Collision Between Two Motor Vehicles in Transport,"Yes, M/V and Driver Left Scene",Stop Signs,1,1,Complains Of Pain,,41.84794,-71.41871
808930,2019-00130787,2019-12-25,5:46:00 PM,Bicycle,,1,,,1,HARTFORD AVE ,HARTFORD AVE ,Joseph Lopes,227,25-Dec-19,"Two-Way , Not Divided",Dry,Dark - Lighted,Clear,Not a Collision Between Two Motor Vehicles in Transport,"Yes, M/V and Driver Left Scene",No Controls,7,1,Non-Incapacitating,,41.81967,-71.46639
809071,2019-00131313,2019-12-27,5:13:00 PM,Pedestrian,1,,,,1,DEAN ST,ATWELLS AVE ,Joseph Lopes,227,27-Dec-19,"Two-Way , Not Divided",Dry,Dark - Lighted,Clear,Not a Collision Between Two Motor Vehicles in Transport,No,Traffic Control Signal,3,1,Non-Incapacitating,,41.82332,-71.42413
809207,2019-00131954,2019-12-29,1:39:00 PM,Pedestrian,1,,,,1,Elmwood Avenue ,W. Friendship Street ,James Lanier,211,29-Dec-19,"Two-Way, Divided, Unprotected (painted>4feet) Medium",Dry,Daylight,Clear,Not a Collision Between Two Motor Vehicles in Transport,No,Traffic Control Signal,2,1,Complains Of Pain,1,,
809302,2019-00132323,2019-12-30,10:17:00 PM,Pedestrian,1,,,,1,BROAD ST,LENOX AVE,Raymond Criner,340,31-Dec-19,"Two-Way , Not Divided",Wet,Dark - Lighted,Rain,Not a Collision Between Two Motor Vehicles in Transport,No,Pavement Markings,2,1,Complains Of Pain,2,41.79828,-71.41478
809378,2020-00000129,2020-01-01,3:35:00 AM,Pedestrian,1,,,,1,YALE AVE,LYNCH ST ,Jenna Heeder,557,1-Jan-20,"Two-Way , Not Divided",Dry,Dark - Lighted,Clear,Unknown,"Yes, M/V and Driver Left Scene",Stop Signs,1,1,Complains Of Pain,,41.82677,-71.45203
809510,2020-00000480,2020-01-02,10:47:00 AM,Pedestrian,1,,,,1,118 DUDLEY ST,,Fernando Lopez,156,2-Jan-20,Unknown,Dry,Daylight,Clear,Not a Collision Between Two Motor Vehicles in Transport,No,No Controls,2,1,Complains Of Pain,,,
809587,2020-00000868,2020-01-03,1:27:00 PM,Pedestrian,1,,,,1,Bucklin Street ,Whitmarsh Street ,James Lanier,211,3-Jan-20,"Two-Way , Not Divided",Dry,Daylight,Clear,Not a Collision Between Two Motor Vehicles in Transport,No,No Controls,2,0,No Injury,1,,
809737,2020-00001889,2020-01-06,3:30:00 PM,Pedestrian,1,,,,1,PLAINFIELD ST,PLAINFIELD ST ,Joshua Cascione,225,6-Jan-20,"Two-Way , Not Divided",Dry,Daylight,Clear,Not a Collision Between Two Motor Vehicles in Transport,No,No Controls,3,1,Complains Of Pain,2,41.81444,-71.447
809880,2020-00002489,2020-01-08,3:17:00 PM,Pedestrian,1,,,,1,FRICKER STREET,CRANSTON ST ,Kirsten Doldoorian,221,8-Jan-20,One-Way Trafficway,Snow,Daylight,Snow,Not a Collision Between Two Motor Vehicles in Transport,"Yes, M/V and Driver Left Scene",No Controls,1,1,Complains Of Pain,,41.81657,-71.42176
810317,2020-00003453,2020-01-11,12:28:00 PM,Bicycle,,1,,,1,Manton Ave ,Aleppo St,Juan Rodrigues,194,15-Jan-20,"Two-Way , Not Divided",Dry,Daylight,Clear,Other,No,No Controls,3,1,Complains Of Pain,,41.82019,-71.44695
810423,2020-00005176,2020-01-16,2:57:00 PM,Pedestrian,1,,,,1,CHALKSTONE AVE,RIVER AVE ,Joshua Cascione,225,16-Jan-20,"Two-Way , Not Divided",Dry,Daylight,Clear,Not a Collision Between Two Motor Vehicles in Transport,No,No Controls,5,1,Complains Of Pain,2,41.83252,-71.43882
810467,2020-00005424,2020-01-17,7:40:00 AM,Pedestrian,1,,,,1,BROAD ST,THURBERS AVE ,Fernando Lopez,156,17-Jan-20,"Two-Way , Not Divided",Dry,Daylight,Clear,Not a Collision Between Two Motor Vehicles in Transport,No,Pavement Markings,4,1,Complains Of Pain,,41.79811,-71.41456
810505,2020-00005618,2020-01-17,6:05:00 PM,Pedestrian,1,,,,1,THURBERS AVE ,OCEAN ST ,Joseph Lopes,227,17-Jan-20,"Two-Way , Not Divided",Dry,Dark - Lighted,Clear,Not a Collision Between Two Motor Vehicles in Transport,No,No Controls,3,1,Complains Of Pain,,41.7993,-71.409
810614,2020-00005985,2020-01-18,10:10:00 PM,Pedestrian,1,,,,1,oakland ave,SMITH ST ,Thomas Savard,335,18-Jan-20,"Two-Way , Not Divided",Snow,Dark - Lighted,Snow,Not a Collision Between Two Motor Vehicles in Transport,"Yes, M/V and Driver Left Scene",No Controls,1,1,Complains Of Pain,,41.83606,-71.43046
810635,2020-00005996,2020-01-18,11:03:00 PM,Pedestrian,1,,,,1,Elmwood Ave,CARTER ST ,Christopher Hines,537,19-Jan-20,"Two-Way , Not Divided",Snow,Dark - Lighted,Snow,"Sideswipe, Same Direction",No,No Controls,3,1,Complains Of Pain,,41.80069,-71.42654
810849,2020-00006849,2020-01-21,6:29:00 PM,Pedestrian,1,,,,1,WILLARD AVE,PLAIN ST ,Joshua Cascione,225,21-Jan-20,"Two-Way , Not Divided",Dry,Dark - Lighted,Clear,Not a Collision Between Two Motor Vehicles in Transport,No,Stop Signs,3,1,Complains Of Pain,,41.80891,-71.41075
810989,2020-00007523,2020-01-23,7:21:00 PM,Pedestrian,1,,,,1,POCASSET AVE,MAGNOLIA ST ,Joshua Cascione,225,23-Jan-20,"Two-Way , Not Divided",Dry,Dark - Lighted,Clear,Not a Collision Between Two Motor Vehicles in Transport,"Yes, M/V and Driver Left Scene",No Controls,1,1,Complains Of Pain,2,41.81152,-71.4514
811069,2020-00007820,2020-01-24,3:59:00 PM,Pedestrian,1,,,,1,ELMWOOD AVE,POTTERS AVE ,Joshua Cascione,225,24-Jan-20,"Two-Way , Not Divided",Dry,Daylight,Clear,Not a Collision Between Two Motor Vehicles in Transport,"Yes, M/V and Driver Left Scene",Traffic Control Signal,2,1,Complains Of Pain,2,41.80121,-71.42643
811082,2020-00007881,2020-01-24,7:25:00 PM,Bicycle,,1,,,1,STEEPLE ST,CANAL ST ,Joshua Cascione,225,24-Jan-20,"Two-Way , Not Divided",Dry,Dark - Lighted,Cloudy,Angle (Front - to - Side) Right Angle (Includes Broadside),No,Traffic Control Signal,2,1,Complains Of Pain,,41.82718,-71.40991
811090,2020-00007908,2020-01-24,8:48:00 PM,Pedestrian,1,,,,1,PEARL ST ,PINE ST ,Joseph Lopes,227,24-Jan-20,"Two-Way , Not Divided",Dry,Dark - Lighted,Clear,Not a Collision Between Two Motor Vehicles in Transport,No,No Controls,2,1,Complains Of Pain,,41.81346,-71.41852
811153,2020-00008264,2020-01-25,6:04:00 PM,Pedestrian,1,,,,1,NARRAGANSETT BLVD,OHIO AVE ,Nicholas Manfredi,343,25-Jan-20,"Two-Way , Not Divided",Wet,Dark - Lighted,Rain,Not a Collision Between Two Motor Vehicles in Transport,No,No Controls,3,1,Incapacitating,,41.78986,-71.39628
811190,2020-00008561,2020-01-26,3:34:00 PM,Pedestrian,1,,,,1,WHIPPLE ST,ADMIRAL ST ,Donald Castigliego,287,26-Jan-20,"Two-Way , Not Divided",Dry,Daylight,Clear,Not a Collision Between Two Motor Vehicles in Transport,No,Traffic Control Signal,7,1,Incapacitating,,41.84068,-71.41897
811272,2020-00008756,2020-01-27,8:32:00 AM,Pedestrian,1,,,,1,EXCHANGE TER,EXCHANGE ST ,Gary Slater,365,28-Jan-20,One-Way Trafficway,Dry,Daylight,Cloudy,Not a Collision Between Two Motor Vehicles in Transport,No,Stop Signs,3,1,Complains Of Pain,,41.82611,-71.4116
811324,2020-00009590,2020-01-29,6:37:00 PM,Pedestrian,1,,,,1,SERVICE ROAD 7,BROAD ST ,Southavout Im,382,29-Jan-20,One-Way Trafficway,Dry,Dark - Lighted,Clear,Other,"Yes, M/V and Driver Left Scene",Traffic Control Signal,1,1,Complains Of Pain,,41.81737,-71.41698
811518,2020-00010550,2020-02-01,10:24:00 AM,Pedestrian,1,,,,1,CHALKSTONE AVE,FALLON AVE ,Fernando Lopez,156,1-Feb-20,"Two-Way , Not Divided",Dry,Daylight,Clear,Not a Collision Between Two Motor Vehicles in Transport,"Yes, M/V and Driver Left Scene",Pavement Markings,1,1,Complains Of Pain,,41.83234,-71.44342
811556,2020-00010706,2020-02-01,7:20:00 PM,Bicycle,,1,,,1,CRANSTON ST,HUNTINGTON AVE ,Cory Vingi,237,1-Feb-20,"Two-Way , Not Divided",Dry,Dark - Lighted,Clear,Not a Collision Between Two Motor Vehicles in Transport,No,Traffic Control Signal,2,0,No Injury,,41.80406,-71.43888
811700,2020-00011752,2020-02-04,11:05:00 PM,Pedestrian,1,,,X,2,460 SMITH ST,CHALKSTONE AVE ,Casey Correia,521,5-Feb-20,"Two-Way , Not Divided",Wet,Dark - Lighted,Rain,Rear End(Front-to-Rear),No,No Controls,4,1,Complains Of Pain,,41.83541,-71.42612
811713,2020-00011875,2020-02-05,9:19:00 AM,Pedestrian,1,,,,1,100 Butler Drive,100 Butler Drive,James Lanier,211,5-Feb-20,"Two-Way , Not Divided",Dry,Daylight,Clear,Not a Collision Between Two Motor Vehicles in Transport,No,No Controls,3,1,Complains Of Pain,1,,
812012,2020-00013920,2020-02-11,7:56:00 AM,Pedestrian,1,,,,1,Sabin Street ,West Exchange Street ,James Lanier,211,11-Feb-20,One-Way Trafficway,Wet,Daylight,Rain,Not a Collision Between Two Motor Vehicles in Transport,No,No Controls,4,1,Complains Of Pain,1,,
812015,2020-00013921,2020-02-11,8:13:00 AM,Pedestrian,1,,,,1,BROAD ST ,ADELAIDE AVE ,Fernando Lopez,156,11-Feb-20,"Two-Way , Not Divided",Wet,Daylight,Rain,Not a Collision Between Two Motor Vehicles in Transport,No,Pavement Markings,3,1,Complains Of Pain,,41.79891,-71.41554
812072,2020-00014091,2020-02-11,7:05:00 PM,Pedestrian,1,,,,1,FRANCIS ST,FINANCE WAY,Joseph Lopes,227,11-Feb-20,"Two-Way , Not Divided",Wet,Dark - Lighted,Rain,Not a Collision Between Two Motor Vehicles in Transport,No,Traffic Control Signal,3,1,Incapacitating,,41.82754,-71.41539
812169,2020-00014614,2020-02-13,6:32:00 AM,Pedestrian,1,,,,1,Plain Street,Lockwood Street,Kristen Barth,247,13-Feb-20,"Two-Way , Not Divided",Wet,Dark - Unknown Lighting,Rain,Not a Collision Between Two Motor Vehicles in Transport,No,No Controls,3,1,Incapacitating,,41.81238,-71.41199
812260,2020-00014851,2020-02-13,9:09:00 PM,Pedestrian,1,,,,1,Smith St,Orms St,Kyle Richards,209,13-Feb-20,"Two-Way, Divided, Unprotected (painted>4feet) Medium",Wet,Dark - Lighted,Cloudy,Not a Collision Between Two Motor Vehicles in Transport,"Yes, M/V and Driver Left Scene",No Controls,1,1,Complains Of Pain,,41.83377,-71.42198
812530,2020-00016248,2020-02-17,11:50:00 PM,Pedestrian,1,,,,1,,CRANSTON ST ,Kristen Barth,247,17-Feb-20,"Two-Way , Not Divided",Dry,Dark - Lighted,Clear,Not a Collision Between Two Motor Vehicles in Transport,"Yes, M/V and Driver Left Scene",Traffic Control Signal,1,1,Complains Of Pain,,41.80316,-71.43987
812675,2020-00016781,2020-02-19,3:49:00 PM,Pedestrian,1,,,,1,ROCHAMBEAU AVE,HOPE ST ,Joseph Lopes,227,19-Feb-20,"Two-Way , Not Divided",Dry,Daylight,Clear,Not a Collision Between Two Motor Vehicles in Transport,No,Traffic Control Signal,2,1,Complains Of Pain,,41.84691,-71.39599
812757,2020-00017150,2020-02-20,6:49:00 PM,Pedestrian,1,,,,1,Wayland Ave,Waterman St,Noel Field,260,20-Feb-20,"Two-Way , Not Divided",Dry,Dark - Lighted,Clear,Not a Collision Between Two Motor Vehicles in Transport,No,Traffic Control Signal,4,1,Complains Of Pain,2,41.8286,-71.38838
812856,2020-00017407,2020-02-21,4:00:00 PM,Bicycle,,1,,,1,SERVICE ROAD 3,WESTMINSTER ST ,Shawn Kennedy,547,22-Feb-20,"Two-Way , Not Divided",Dry,Daylight,Clear,"Sidwswipe, Opposite Direction","Yes, M/V and Driver Left Scene",No Controls,1,1,Complains Of Pain,,41.81632,-71.44059
812899,2020-00017903,2020-02-23,12:15:00 AM,Pedestrian,1,,,,1,987 NORTH MAIN ST ,DEXTERDALE RD,Joseph Lopes,227,23-Feb-20,"Two-Way, Divided, Positive Median Barrier",Dry,Dark - Lighted,Clear,Not a Collision Between Two Motor Vehicles in Transport,No,No Controls,3,1,Non-Incapacitating,,41.84849,-71.40412
812906,2020-00017949,2020-02-23,2:19:00 AM,Pedestrian,1,,,,1,Broad Street ,Detroit Avenue ,James Lanier,211,23-Feb-20,"Two-Way , Not Divided",Dry,Dark - Lighted,Clear,Not a Collision Between Two Motor Vehicles in Transport,"Yes, M/V and Driver Left Scene",No Controls,2,1,Non-Incapacitating,1,,
812957,2020-00018184,2020-02-23,9:11:00 PM,Pedestrian,1,,,,1,BROAD ST,BROAD ST ,Joshua Cascione,225,23-Feb-20,"Two-Way , Not Divided",Dry,Daylight,Clear,Not a Collision Between Two Motor Vehicles in Transport,No,No Controls,2,1,Complains Of Pain,,41.81434,-71.42119
813200,2020-00019176,2020-02-26,8:26:00 PM,Pedestrian,1,,,,1,LIEGE ST,DOUGLAS AVE ,Erik Breault,226,26-Feb-20,"Two-Way, Divided, Unprotected (painted>4feet) Medium",Wet,Dark - Lighted,Clear,Unknown,No,No Controls,5,1,Complains Of Pain,,41.84161,-71.42747
813232,2020-00019293,2020-02-27,9:11:00 AM,Pedestrian,1,,,,1,RUGGLES ST,Smith Street,Ybelis Gonzalez,376,27-Feb-20,"Two-Way , Not Divided",Wet,Daylight,Rain,Not a Collision Between Two Motor Vehicles in Transport,No,Stop Signs,3,1,Complains Of Pain,,41.83624,-71.42825
813256,2020-00019495,2020-02-27,7:25:00 PM,Pedestrian,1,,,,1,4TH ST,HIGHLAND AVE ,Cory Vingi,237,27-Feb-20,"Two-Way , Not Divided",Dry,Dark - Lighted,Clear,Not a Collision Between Two Motor Vehicles in Transport,No,Stop Signs,2,0,No Injury,,41.85116,-71.4001
813355,2020-00019787,2020-02-28,4:12:00 PM,Pedestrian,1,,,,1,douglas ave,DOUGLAS AVE ,Thomas Savard,335,28-Feb-20,"Two-Way , Not Divided",Dry,Daylight,Clear,Not a Collision Between Two Motor Vehicles in Transport,No,No Controls,2,1,Complains Of Pain,,41.83605,-71.41962
813409,2020-00020203,2020-02-29,6:40:00 PM,Bicycle,,1,,,1,MEMORIAL BLVD,FRANCIS ST ,Kristen Barth,247,29-Feb-20,One-Way Trafficway,Dry,Dark - Lighted,Clear,Not a Collision Between Two Motor Vehicles in Transport,No,Traffic Control Signal,4,1,Complains Of Pain,,41.8259,-71.41535
814513,2020-00020714,2020-03-02,9:20:00 AM,Pedestrian,1,,,,1,GEORGE ST,BENEFIT ST ,Fernando Lopez,156,2-Mar-20,"Two-Way , Not Divided",Dry,Daylight,Clear,Not a Collision Between Two Motor Vehicles in Transport,No,Pavement Markings,2,1,Complains Of Pain,,41.82517,-71.40609
814563,2020-00020835,2020-03-02,4:03:00 PM,Pedestrian,1,,,,1,George St,Brown St,Noel Field,260,2-Mar-20,"Two-Way , Not Divided",Dry,Daylight,Clear,Not a Collision Between Two Motor Vehicles in Transport,No,Pavement Markings,4,1,Complains Of Pain,2,41.82535,-71.40276
814571,2020-00020841,2020-03-02,4:19:00 PM,Pedestrian,1,,,,1,BARRY RD,BARRY RD ,Ryan Malloy,311,2-Mar-20,"Two-Way , Not Divided",Dry,Daylight,Clear,Not a Collision Between Two Motor Vehicles in Transport,"Yes, M/V and Driver Left Scene",No Controls,2,1,Incapacitating,,41.81821,-71.4504
815286,2020-00021125,2020-03-03,8:30:00 AM,Pedestrian,1,,,,1,CRANSTON ST,FRICKER ST ,Christopher Brown,259,11-Mar-20,"Two-Way , Not Divided",Dry,Daylight,Clear,Not a Collision Between Two Motor Vehicles in Transport,"Yes, M/V and Driver Left Scene",Traffic Control Signal,1,1,Complains Of Pain,,41.81709,-71.4224
814758,2020-00021834,2020-03-05,1:42:00 PM,Pedestrian,1,,,,1,UNION ST,WASHINGTON ST ,Fernando Lopez,156,5-Mar-20,"Two-Way , Not Divided",Dry,Daylight,Clear,Not a Collision Between Two Motor Vehicles in Transport,"Yes, M/V and Driver Left Scene",No Controls,1,1,Complains Of Pain,,41.82357,-71.41395
815010,2020-00022610,2020-03-07,4:25:00 PM,Pedestrian,1,,,,1,Angell St,Hope St,Noel Field,260,7-Mar-20,One-Way Trafficway,Dry,Daylight,Clear,Not a Collision Between Two Motor Vehicles in Transport,No,Traffic Control Signal,4,1,Complains Of Pain,,41.8284,-71.39751
815092,2020-00022894,2020-03-08,3:02:00 PM,Pedestrian,1,,,,1,BROAD ST,ADELAIDE AVE ,Donald Castigliego,287,8-Mar-20,"Two-Way , Not Divided",Dry,Daylight,Clear,Not a Collision Between Two Motor Vehicles in Transport,No,No Controls,2,1,Complains Of Pain,,41.79837,-71.41488
815171,2020-00023189,2020-03-09,1:28:00 PM,Pedestrian,1,,,,1,ROGER WILLIAMS CT,ELMWOOD AVE ,Albert Deschamps,527,9-Mar-20,"Two-Way, Divided, Positive Median Barrier",Dry,Daylight,Clear,Not a Collision Between Two Motor Vehicles in Transport,No,No Controls,2,1,Non-Incapacitating,,41.78912,-71.42138
815181,2020-00023209,2020-03-09,2:41:00 PM,Bicycle,,1,,,1,FOUNTAIN ST,DORRANCE ST ,Donald Castigliego,287,9-Mar-20,One-Way Trafficway,Dry,Daylight,Clear,Not a Collision Between Two Motor Vehicles in Transport,No,Traffic Control Signal,3,1,Complains Of Pain,,41.82482,-71.41422
815196,2020-00023255,2020-03-09,5:02:00 PM,Pedestrian,1,,,,1,ACADEMY AVENUE,ARMINGTON AVE ,Gargar Grimes,323,9-Mar-20,"Two-Way, Divided, Unprotected (painted>4feet) Medium",Dry,Daylight,Clear,Not a Collision Between Two Motor Vehicles in Transport,No,No Controls,3,1,Complains Of Pain,,41.8274,-71.44374
815226,2020-00023508,2020-03-10,10:15:00 AM,Pedestrian,1,,,,1,WASHINGTON ST,SERVICE ROAD 8 ,Thomas Rose,465,10-Mar-20,"Two-Way , Not Divided",Dry,Daylight,Clear,Angle (Front - to - Side) Right Angle (Includes Broadside),No,No Controls,2,1,Complains Of Pain,,41.82021,-71.41885
815261,2020-00023736,2020-03-10,8:12:00 PM,Pedestrian,1,,,,1,PITMAN ST,BUTLER AVE ,Joshua Cascione,225,10-Mar-20,"Two-Way , Not Divided",Dry,Dark - Lighted,Cloudy,Not a Collision Between Two Motor Vehicles in Transport,No,Pavement Markings,5,1,Fatal,,41.8268,-71.38713
815306,2020-00023941,2020-03-11,2:42:00 PM,Pedestrian,1,,,,1,BRANCH AVE,VANDEWATER ST ,Tyler Calandra,418,11-Mar-20,"Two-Way, Divided, Unprotected (painted>4feet) Medium",Dry,Daylight,Clear,Other,"Yes, M/V and Driver Left Scene",No Controls,1,1,Complains Of Pain,,41.85364,-71.42871
815401,2020-00024342,2020-03-12,4:39:00 PM,Pedestrian,1,,,,1,MANTON AVE ,POPE ST ,Joseph Lopes,227,12-Mar-20,"Two-Way , Not Divided",Dry,Daylight,Clear,Not a Collision Between Two Motor Vehicles in Transport,"Yes, M/V and Driver Left Scene",No Controls,1,1,Complains Of Pain,,41.82186,-71.44906
815433,2020-00024525,2020-03-13,7:05:00 AM,Pedestrian,1,,,,1,STEUBEN ST,ATWELLS AVE ,Fernando Lopez,156,13-Mar-20,"Two-Way , Not Divided",Wet,Daylight,Rain,Not a Collision Between Two Motor Vehicles in Transport,No,Pavement Markings,5,1,Complains Of Pain,,41.82504,-71.44935
815555,2020-00025048,2020-03-14,9:11:00 PM,Bicycle,,1,,,1,MEMORIAL BLVD,FRANCIS ST ,Donald Castigliego,287,14-Mar-20,"Two-Way, Divided, Positive Median Barrier",Dry,Dark - Lighted,Clear,Not a Collision Between Two Motor Vehicles in Transport,No,Traffic Control Signal,3,1,Complains Of Pain,,41.8259,-71.41535
815612,2020-00025443,2020-03-16,4:18:00 AM,Pedestrian,1,,,,1,EAST DR,MIDDLE DR ,David Forte,518,16-Mar-20,"Two-Way , Not Divided",Dry,Dark - Lighted,Clear,Not a Collision Between Two Motor Vehicles in Transport,"Yes, M/V and Driver Left Scene",No Controls,2,1,Non-Incapacitating,,41.85234,-71.44313
815629,2020-00025468,2020-03-16,8:06:00 AM,Bicycle,,1,,,1,Manton Avenue ,Chaffee Street,James Lanier,211,16-Mar-20,"Two-Way, Divided, Unprotected (painted>4feet) Medium",Dry,Daylight,Clear,Not a Collision Between Two Motor Vehicles in Transport,No,Pavement Markings,3,1,Incapacitating,1,,
815736,2020-00026047,2020-03-19,6:08:00 PM,Pedestrian,2,,,,1,MANTON AVE,SHERIDAN ST ,Joseph Lopes,227,19-Mar-20,"Two-Way , Not Divided",Wet,Daylight,Cloudy,Not a Collision Between Two Motor Vehicles in Transport,No,No Controls,5,2,Non-Incapacitating,,41.8237,-71.45158
815744,2020-00026112,2020-03-20,6:02:00 AM,Pedestrian,1,,,,1,N. Main Street ,Eight Street ,James Lanier,211,20-Mar-20,"Two-Way, Divided, Positive Median Barrier",Dry,Dawn,Clear,Not a Collision Between Two Motor Vehicles in Transport,No,No Controls,2,1,Complains Of Pain,2,,
815752,2020-00026179,2020-03-20,3:07:00 PM,Pedestrian,1,,,,1,BROAD STREET,MARLBOROUGH AVE,Donald Castigliego,287,20-Mar-20,"Two-Way , Not Divided",Dry,Daylight,Clear,Not a Collision Between Two Motor Vehicles in Transport,No,No Controls,3,1,Complains Of Pain,,41.80572,-71.41978
815849,2020-00026917,2020-03-24,5:12:00 PM,Pedestrian,1,,,,1,POCASSET AVE,MERCY ST ,Joshua Cascione,225,24-Mar-20,"Two-Way , Not Divided",Dry,Daylight,Cloudy,Not a Collision Between Two Motor Vehicles in Transport,"Yes, M/V and Driver Left Scene",No Controls,2,1,Complains Of Pain,,41.80862,-71.45557
815897,2020-00027564,2020-03-28,11:51:00 AM,Bicycle,,1,,,1,POCASSET AVE,LAUREL HILL AVE ,Ivan Tavarez,204,28-Mar-20,"Two-Way, Divided, Unprotected (painted>4feet) Medium",Dry,Daylight,Clear,Angle (Front - to - Side) Right Angle (Includes Broadside),No,Traffic Control Signal,2,0,No Injury,,41.81072,-71.4541
815989,2020-00028357,2020-04-02,5:06:00 PM,Pedestrian,1,,,,1,ATWELLS AVE,BRADFORD ST ,Joshua Cascione,225,2-Apr-20,"Two-Way , Not Divided",Dry,Daylight,Cloudy,Not a Collision Between Two Motor Vehicles in Transport,No,Pavement Markings,3,1,Complains Of Pain,,41.82323,-71.42183