CrashReportId,ReportNumber,CrashDate,CrashTime,Collision Type,CountPedestrian,CountBicycle,Scooter,Wheel Chair,NumberofVehicles,StreetOrHighway,NearestIntersection,Officer,Badge,ReportDate,TypeOfRoadway,RoadSurfaceCondition,LightCondition,WeatherCondition,MannerofImpact,HitAndRun,TrafficControl,PersonCount,InjuryCount,MostSeriousInjury,NumberOfLanes,Latitude,Longitude
816018,2020-00028541,2020-04-03,8:30:00 PM,Pedestrian,1,,,,1,GLENBRIDGE AVE,LARK ST ,Cory Vingi,237,3-Apr-20,"Two-Way , Not Divided",Wet,Dark - Lighted,Rain,Not a Collision Between Two Motor Vehicles in Transport,No,No Controls,2,1,Complains Of Pain,,41.82556,-71.45854
816048,2020-00029041,2020-04-06,8:10:00 PM,Bicycle,,1,,,1,PLAINFIELD ST EXIT,PLAINFIELD ST ,Cory Vingi,237,6-Apr-20,"Two-Way , Not Divided",Dry,Dark - Lighted,Clear,Not a Collision Between Two Motor Vehicles in Transport,No,Pavement Markings,3,1,Complains Of Pain,,41.81539,-71.44587
816052,2020-00029129,2020-04-07,11:32:00 AM,Pedestrian,1,,,,1,110 LOCKWOOD ST,,Fernando Lopez,156,7-Apr-20,Unknown,Dry,Daylight,Clear,Not a Collision Between Two Motor Vehicles in Transport,No,No Controls,4,1,Complains Of Pain,,,
816135,2020-00029258,2020-04-08,1:26:00 AM,Pedestrian,1,,,,1,ATLANTIC AVE,Broad Street,Kristen Barth,247,10-Apr-20,"Two-Way , Not Divided",Dry,Dark - Lighted,Clear,Not a Collision Between Two Motor Vehicles in Transport,"Yes, M/V and Driver Left Scene",No Controls,1,1,Complains Of Pain,,41.79934,-71.41632
816124,2020-00029609,2020-04-10,7:30:00 AM,Bicycle,,1,,,1,ORMS ST,SMITH ST ,Alex Diaz,420,10-Apr-20,"Two-Way, Divided, Positive Median Barrier",Dry,Daylight,Clear,Not a Collision Between Two Motor Vehicles in Transport,No,Traffic Control Signal,2,0,No Injury,,41.83377,-71.42198
816148,2020-00029830,2020-04-11,1:06:00 PM,Bicycle,,1,,,1,NORTH MAIN ST,WHITE ST ,Fernando Lopez,156,11-Apr-20,"Two-Way , Not Divided",Dry,Daylight,Clear,Not a Collision Between Two Motor Vehicles in Transport,No,Traffic Control Signal,4,1,Complains Of Pain,,41.85548,-71.40015
816204,2020-00030159,2020-04-13,2:10:00 PM,Bicycle,,1,,,1,WESTMINSTER ST,BOUGH ST ,Jason Andrade,200,14-Apr-20,"Two-Way, Divided, Positive Median Barrier",Dry,Daylight,Rain,Head-On (Front - to - Front),"Yes, M/V and Driver Left Scene",No Controls,2,1,Complains Of Pain,,41.81656,-71.44159
816215,2020-00030401,2020-04-14,9:17:00 PM,Pedestrian,1,,,,1,CRANSTON STREET,HANOVER ST ,Donald Castigliego,287,14-Apr-20,"Two-Way , Not Divided",Dry,Dark - Lighted,Clear,Not a Collision Between Two Motor Vehicles in Transport,"Yes, M/V and Driver Left Scene",No Controls,1,1,Non-Incapacitating,,41.80933,-71.43368
816246,2020-00031003,2020-04-18,9:59:00 AM,Pedestrian,1,,,,1,NORTH MAIN ST,RANDALL ST ,Fernando Lopez,156,18-Apr-20,"Two-Way, Divided, Positive Median Barrier",Wet,Daylight,Snow,Not a Collision Between Two Motor Vehicles in Transport,No,Pavement Markings,2,1,Complains Of Pain,,41.83666,-71.40959
816329,2020-00031586,2020-04-21,5:00:00 PM,Pedestrian,1,,,,1,broad street,SACKETT ST ,Ptlw. Levesque,248,21-Apr-20,"Two-Way , Not Divided",Wet,Daylight,Rain,Not a Collision Between Two Motor Vehicles in Transport,"Yes, M/V and Driver Left Scene",No Controls,1,1,Complains Of Pain,,41.79614,-71.4121
816558,2020-00032214,2020-04-25,12:21:00 AM,Pedestrian,1,,,,1,BROAD ST,BROAD ST ,Kyle Endres,220,25-Apr-20,"Two-Way , Not Divided",Dry,Dark - Lighted,Clear,Not a Collision Between Two Motor Vehicles in Transport,"Yes, M/V and Driver Left Scene",No Controls,1,0,No Injury,,41.81606,-71.41988
817611,2020-00032454,2020-04-25,8:38:00 PM,Pedestrian,1,,,,1,ELMWOOD AVENUE,PARKIS AVE ,Kirsten Doldoorian,221,25-Apr-20,"Two-Way , Not Divided",Dry,Dark - Lighted,Clear,Not a Collision Between Two Motor Vehicles in Transport,No,No Controls,2,1,Incapacitating,,41.80892,-71.42459
817956,2020-00033445,2020-05-01,8:33:00 AM,Pedestrian,2,,,,1,CAMP ST,DOYLE AVE ,Jose Deschamps,419,1-May-20,"Two-Way , Not Divided",Wet,Daylight,"Sleet, Hail (Freezing Rain or Drizzle)",Not a Collision Between Two Motor Vehicles in Transport,"Yes, Driver Left Scene",Stop Signs,8,2,Incapacitating,,41.8388,-71.40419
818021,2020-00034114,2020-05-03,1:17:00 PM,Pedestrian,1,,,,1,PRESIDENT AVE,ELMGROVE AVE ,George Pereira,421,3-May-20,"Two-Way , Not Divided",Dry,Daylight,Clear,Not a Collision Between Two Motor Vehicles in Transport,No,Stop Signs,2,1,Complains Of Pain,,41.83523,-71.39117
818037,2020-00034313,2020-05-03,9:15:00 PM,Pedestrian,1,,,,1,CRANSTON ST,BRIDGHAM ST ,Joshua Cascione,225,3-May-20,"Two-Way , Not Divided",Dry,Dark - Lighted,Clear,Not a Collision Between Two Motor Vehicles in Transport,"Yes, M/V and Driver Left Scene",Traffic Control Signal,3,1,Incapacitating,,41.81396,-71.42694
818165,2020-00034664,2020-05-05,1:46:00 PM,Pedestrian,1,,,,1,REGENT AVE,ACADEMY AVE ,Fernando Lopez,156,5-May-20,"Two-Way , Not Divided",Dry,Daylight,Clear,Not a Collision Between Two Motor Vehicles in Transport,No,No Controls,2,1,Complains Of Pain,,41.82929,-71.44397
818498,2020-00036423,2020-05-13,8:58:00 AM,Pedestrian,1,,,,1,460 SMITH ST,CHALKSTONE AVE ,Jose Deschamps,419,13-May-20,"Two-Way, Divided, Unprotected (painted>4feet) Medium",Dry,Daylight,Clear,Not a Collision Between Two Motor Vehicles in Transport,"Yes, M/V and Driver Left Scene",No Controls,3,1,Non-Incapacitating,,41.83524,-71.42571
818685,2020-00037715,2020-05-17,2:00:00 PM,Bicycle,,1,,,2,CAROLINA AVE,VIRGINIA AVE ,Fernando Lopez,156,17-May-20,"Two-Way , Not Divided",Dry,Daylight,Clear,Angle (Front - to - Side) Right Angle (Includes Broadside),No,No Controls,4,3,Complains Of Pain,,41.79101,-71.39991
819160,2020-00039731,2020-05-24,4:52:00 PM,Bicycle,,1,,,1,PLAINFIELD ST,GIFFORD ST,Joseph Lopes,227,24-May-20,"Two-Way , Not Divided",Dry,Daylight,Clear,Not a Collision Between Two Motor Vehicles in Transport,No,Other,2,1,Complains Of Pain,,41.81378,-71.4485
819216,2020-00040030,2020-05-25,4:20:00 PM,Bicycle,,1,,,1,DOVER ST,PEMBERTON ST ,Donald Castigliego,287,25-May-20,"Two-Way , Not Divided",Dry,Daylight,Cloudy,Not a Collision Between Two Motor Vehicles in Transport,No,No Controls,2,0,No Injury,,41.82991,-71.44564
819314,2020-00040496,2020-05-26,7:21:00 PM,Pedestrian,1,,,,1,SMITH ST,RUGGLES ST ,Donald Castigliego,287,26-May-20,"Two-Way , Not Divided",Dry,Dusk,Clear,Not a Collision Between Two Motor Vehicles in Transport,No,No Controls,5,1,Complains Of Pain,,41.83616,-71.42831
819369,2020-00040794,2020-05-27,4:29:00 PM,Pedestrian,1,,,,1,CHARLES ST,HAWKINS ST ,Jose Deschamps,419,27-May-20,"Two-Way, Divided, Unprotected (painted>4feet) Medium",Dry,Daylight,Clear,Not a Collision Between Two Motor Vehicles in Transport,No,No Controls,2,1,Incapacitating,,41.8514,-71.42016
819423,2020-00041156,2020-05-28,4:38:00 PM,Bicycle,,1,,,1,BROOK ST,WILLIAMS ST ,Miguel Castillo,489,28-May-20,"Two-Way , Not Divided",Dry,Daylight,Cloudy,Angle (Front - to - Side) Right Angle (Includes Broadside),No,Stop Signs,3,1,Complains Of Pain,2,41.82248,-71.3986
819586,2020-00042174,2020-05-31,10:48:00 AM,Pedestrian,1,,,,1,CRANSTON ST,DEXTER ST ,Fernando Lopez,156,31-May-20,"Two-Way , Not Divided",Dry,Daylight,Clear,Not a Collision Between Two Motor Vehicles in Transport,No,Pavement Markings,2,1,Complains Of Pain,,41.81264,-71.42952
819705,2020-00042710,2020-06-01,11:30:00 PM,Pedestrian,1,,,,1,77 Union Ave,SORRENTO ST ,Cory Vingi,237,2-Jun-20,"Two-Way , Not Divided",Dry,Dark - Lighted,Clear,Not a Collision Between Two Motor Vehicles in Transport,No,No Controls,2,1,Incapacitating,,41.80984,-71.43621
819708,2020-00043075,2020-06-02,9:25:00 PM,Pedestrian,1,,,,1,EDDY ST,BROOM ST ,Joshua Cascione,225,2-Jun-20,"Two-Way , Not Divided",Dry,Dark - Lighted,Clear,Not a Collision Between Two Motor Vehicles in Transport,"Yes, M/V and Driver Left Scene",No Controls,4,1,Complains Of Pain,,41.79061,-71.40323
819863,2020-00043918,2020-06-05,2:28:00 PM,Bicycle,,1,,,1,OPPER STREET,SOCIAL STREET,Joseph Madeira,552,5-Jun-20,"Two-Way , Not Divided",Dry,Daylight,Clear,Angle (Front - to - Side) Right Angle (Includes Broadside),No,Stop Signs,3,0,No Injury,,41.83465,-71.41632
819873,2020-00044022,2020-06-05,9:00:00 PM,Pedestrian,1,,,,1,ROCHAMBEAU AVE,HOPE ST ,Jessica Salmeron,356,5-Jun-20,"Two-Way, Not Divided With a Continuous Left Turn Lane",Wet,Dusk,Clear,Not a Collision Between Two Motor Vehicles in Transport,"Yes, Driver Left Scene",Traffic Control Signal,2,1,Complains Of Pain,,41.84691,-71.39608
819963,2020-00044519,2020-06-07,1:12:00 PM,Bicycle,,1,,,1,BROAD ST,ALDRICH ST ,Joshua Cascione,225,7-Jun-20,"Two-Way , Not Divided",Dry,Daylight,Clear,Not a Collision Between Two Motor Vehicles in Transport,No,No Controls,2,0,No Injury,,41.79362,-71.40898
820038,2020-00045058,2020-06-09,2:25:00 AM,Pedestrian,1,,,,1,JEWETT ST,CALVERLY ST ,Kyle Endres,220,9-Jun-20,"Two-Way , Not Divided",Dry,Dark - Lighted,Clear,Not a Collision Between Two Motor Vehicles in Transport,"Yes, M/V and Driver Left Scene",No Controls,2,1,Complains Of Pain,,41.83279,-71.4214
820249,2020-00046492,2020-06-13,5:55:00 PM,Bicycle,,1,,,1,CHARLES ST,CORLISS ST ,Donald Castigliego,287,13-Jun-20,One-Way Trafficway,Dry,Daylight,Clear,Not a Collision Between Two Motor Vehicles in Transport,No,No Controls,4,1,Complains Of Pain,,41.83867,-71.41526
820509,2020-00047710,2020-06-17,1:03:00 PM,Pedestrian,1,,X,,1,501 SILVER SPRING STREET,SMITHFIELD AVE ,Gargar Grimes,323,17-Jun-20,"Two-Way, Divided, Unprotected (painted>4feet) Medium",Dry,Daylight,Clear,Not a Collision Between Two Motor Vehicles in Transport,No,No Controls,3,1,Complains Of Pain,,41.85619,-71.41091
820583,2020-00047698,2020-06-17,12:23:00 PM,Other,1,,X,,1,1271 Broad St,BROAD ST ,Michelle Chasse,264,18-Jun-20,"Two-Way , Not Divided",Dry,Daylight,Clear,Not a Collision Between Two Motor Vehicles in Transport,"Yes, M/V and Driver Left Scene",No Controls,2,1,Complains Of Pain,,41.79195,-71.4069
820596,2020-00047778,2020-06-17,4:30:00 PM,Bicycle,,1,,,1,POTTERS AVE,BROAD ST ,Nicholas Manfredi,343,18-Jun-20,"Two-Way , Not Divided",Dry,Daylight,Clear,Not a Collision Between Two Motor Vehicles in Transport,"Yes, M/V and Driver Left Scene",No Controls,1,1,Complains Of Pain,,41.80297,-71.41891
820567,2020-00047944,2020-06-18,3:29:00 AM,Pedestrian,1,,,,1,SORRENTO ST,WADSWORTH ST ,Ryan Fedo,,18-Jun-20,Unknown,Dry,Dark - Lighted,Clear,Not a Collision Between Two Motor Vehicles in Transport,"Yes, M/V and Driver Left Scene",Unknown,1,1,Non-Incapacitating,,41.80679,-71.43831
820799,2020-00048792,2020-06-20,6:29:00 PM,Bicycle,,1,,,1,LLOYD AVE,ELMGROVE AVE ,Noel Field,260,20-Jun-20,"Two-Way , Not Divided",Dry,Daylight,Clear,Not a Collision Between Two Motor Vehicles in Transport,No,Stop Signs,6,1,Incapacitating,2,41.83416,-71.3908
821099,2020-00050156,2020-06-24,3:12:00 PM,Pedestrian,1,,,,1,BORDEN ST,PLAIN ST ,Joseph Lopes,227,24-Jun-20,"Two-Way , Not Divided",Dry,Daylight,Clear,Not a Collision Between Two Motor Vehicles in Transport,No,No Controls,2,1,Complains Of Pain,,41.81331,-71.412
821230,2020-00050715,2020-06-26,3:09:00 AM,Pedestrian,1,,,,1,CASS ST,BROAD ST,Matthew Fadale,214,26-Jun-20,"Two-Way , Not Divided",Dry,Dark - Not Lighted,Clear,Not a Collision Between Two Motor Vehicles in Transport,"Yes, M/V and Driver Left Scene",No Controls,1,1,Incapacitating,,41.79331,-71.40795
821292,2020-00051186,2020-06-27,12:09:00 PM,Bicycle,,1,,,1,Valley Street ,Hemlock Street ,James Lanier,211,27-Jun-20,"Two-Way, Divided, Unprotected (painted>4feet) Medium",Dry,Daylight,Clear,Not a Collision Between Two Motor Vehicles in Transport,No,Stop Signs,2,0,No Injury,1,,
821321,2020-00051242,2020-06-27,3:25:00 PM,Bicycle,,1,,,1,GALLATIN ST,EMERSON ST ,John Benros,481,27-Jun-20,"Two-Way , Not Divided",Wet,Daylight,Rain,Other,No,No Controls,2,0,No Injury,,41.79717,-71.41358
821347,2020-00051394,2020-06-27,11:16:00 PM,Pedestrian,1,,,,1,315 BROAD STREET,,Donald Castigliego,287,28-Jun-20,"Two-Way , Not Divided",Other,Dark - Lighted,Cloudy,Not a Collision Between Two Motor Vehicles in Transport,No,No Controls,3,1,Incapacitating,,41.81433,-71.4212
821352,2020-00051389,2020-06-27,11:07:00 PM,Pedestrian,1,,,,1,Webster Ave,Dora Street,Kristen Barth,247,28-Jun-20,"Two-Way , Not Divided",Wet,Dark - Lighted,Rain,Rear End(Front-to-Rear),No,No Controls,3,1,Incapacitating,,41.8081,-71.44815
821406,2020-00051656,2020-06-28,5:33:00 PM,Bicycle,,1,,,1,COLFAX ST,OCEAN ST ,John Benros,481,28-Jun-20,"Two-Way , Not Divided",Dry,Daylight,Clear,Other,"Yes, M/V and Driver Left Scene",No Controls,1,0,Unknown,,41.80006,-71.40956
821414,2020-00051729,2020-06-28,9:17:00 PM,Pedestrian,1,,,,1,FLORA ST,ASHTON ST ,Taft Manzotti,377,28-Jun-20,"Two-Way , Not Divided",Wet,Dark - Lighted,Rain,"Sideswipe, Same Direction","Yes, M/V and Driver Left Scene",No Controls,1,1,Complains Of Pain,,41.84931,-71.41545
821420,2020-00051770,2020-06-28,10:56:00 PM,Pedestrian,1,,,,1,Thayer Street,Bowen Street,Kristen Barth,247,28-Jun-20,One-Way Trafficway,Wet,Dark - Lighted,Clear,Not a Collision Between Two Motor Vehicles in Transport,No,Stop Signs,3,1,Complains Of Pain,,41.83084,-71.401
821625,2020-00052654,2020-07-01,7:30:00 PM,Bicycle,,1,,,1,ADMIRAL ST,HAWKINS ST ,Cory Vingi,237,1-Jul-20,"Two-Way , Not Divided",Dry,Daylight,Clear,Not a Collision Between Two Motor Vehicles in Transport,No,No Controls,2,1,Complains Of Pain,,41.84592,-71.42839
821951,2020-00053927,2020-07-05,12:02:00 AM,Pedestrian,1,,,,1,GROSVENOR AVE,CHALKSTONE AVE ,Robert Savage,238,5-Jul-20,"Two-Way, Divided, Unprotected (painted>4feet) Medium",Dry,Dark - Lighted,Clear,Not a Collision Between Two Motor Vehicles in Transport,No,No Controls,6,1,Non-Incapacitating,,41.83377,-71.43953
822102,2020-00054491,2020-07-06,3:03:00 PM,Pedestrian,1,,,,1,Charles St,W River St,Shaun Marmas,216,6-Jul-20,"Two-Way, Divided, Unprotected (painted>4feet) Medium",Dry,Daylight,Clear,Not a Collision Between Two Motor Vehicles in Transport,No,No Controls,2,1,Complains Of Pain,,41.83961,-71.41638
822165,2020-00054604,2020-07-06,9:20:00 PM,Pedestrian,1,,,,1,73 AYRAULT ST,CHALKSTONE AVE ,Joseph Lopes,227,6-Jul-20,One-Way Trafficway,Dry,Dark - Lighted,Clear,Not a Collision Between Two Motor Vehicles in Transport,"Yes, M/V and Driver Left Scene",No Controls,2,1,Incapacitating,,41.8336,-71.42903
822281,2020-00055182,2020-07-08,6:19:00 PM,Bicycle,,1,,,1,ADELAIDE AVE,RESERVOIR AVE ,Jose Buten,322,8-Jul-20,"Two-Way, Divided, Unprotected (painted>4feet) Medium",Dry,Daylight,Clear,Not a Collision Between Two Motor Vehicles in Transport,No,Traffic Control Signal,4,1,Incapacitating,,41.79275,-71.42748
822283,2020-00055176,2020-07-08,5:52:00 PM,Pedestrian,1,,,,1,31 Croyland Road ,POTTERS AVE ,Alex Schneider,411,8-Jul-20,"Two-Way , Not Divided",Dry,Daylight,Clear,Not a Collision Between Two Motor Vehicles in Transport,"Yes, M/V and Driver Left Scene",No Controls,3,1,Complains Of Pain,,41.80342,-71.41471
822339,2020-00055227,2020-07-08,8:56:00 PM,Pedestrian,1,,,,1,EXCHANGE TER,MEMORIAL BLVD ,ENDRES,220,8-Jul-20,"Two-Way , Not Divided",Dry,Dark - Lighted,Clear,Other,No,Traffic Control Signal,2,1,Non-Incapacitating,,41.82669,-71.41075
822390,2020-00055429,2020-07-09,1:58:00 PM,Pedestrian,1,,,,1,HOPE ST ,4TH ST ,Kyana Williams,426,10-Jul-20,"Two-Way , Not Divided",Dry,Daylight,Clear,Not a Collision Between Two Motor Vehicles in Transport,No,No Controls,4,1,Complains Of Pain,,41.84929,-71.39488
822636,2020-00056734,2020-07-13,1:43:00 PM,Pedestrian,1,,,,1,GOVERNOR ST,POWER ST ,Joshua Cascione,225,13-Jul-20,"Two-Way , Not Divided",Dry,Daylight,Clear,Not a Collision Between Two Motor Vehicles in Transport,No,Other,6,1,Incapacitating,,41.82373,-71.39412
822723,2020-00057029,2020-07-14,1:34:00 PM,Bicycle,,1,,,1,HARRIS AVE,ACORN ST ,Joshua Cascione,225,14-Jul-20,"Two-Way , Not Divided",Dry,Daylight,Clear,Not a Collision Between Two Motor Vehicles in Transport,No,No Controls,3,0,No Injury,,41.82636,-71.42768
822757,2020-00057253,2020-07-15,11:39:00 AM,Pedestrian,1,,,,1,ATWELLS AVE,VALLEY ST ,Joshua Cascione,225,15-Jul-20,"Two-Way , Not Divided",Dry,Daylight,Clear,Not a Collision Between Two Motor Vehicles in Transport,"Yes, M/V and Driver Left Scene",No Controls,1,1,Complains Of Pain,,41.82456,-71.43948
822802,2020-00057325,2020-07-15,3:58:00 PM,Bicycle,,1,,,1,PARKIS AVE,BROAD ST ,Wilkens Georges,548,15-Jul-20,"Two-Way, Divided, Unprotected (painted>4feet) Medium",Dry,Daylight,Clear,Not a Collision Between Two Motor Vehicles in Transport,"Yes, M/V and Driver Left Scene",Traffic Control Signal,1,1,Complains Of Pain,,41.80915,-71.42088
823018,2020-00058108,2020-07-18,1:40:00 AM,Pedestrian,2,,,,1,BROAD ST,SACKETT ST ,Cory Vingi,237,18-Jul-20,"Two-Way , Not Divided",Dry,Dark - Lighted,Clear,Not a Collision Between Two Motor Vehicles in Transport,"Yes, M/V and Driver Left Scene",No Controls,2,2,Incapacitating,,41.79589,-71.41179
823036,2020-00058203,2020-07-18,10:43:00 AM,Pedestrian,2,,,,1,WILLARD AVE,BROAD ST ,Erick Fernandez,228,18-Jul-20,"Two-Way , Not Divided",Dry,Daylight,Clear,Not a Collision Between Two Motor Vehicles in Transport,No,No Controls,3,1,Complains Of Pain,,41.80717,-71.41967
827532,2020-00058971,2020-07-20,2:26:00 PM,Pedestrian,1,,,,1,UNION AVE,WEBSTER AVE ,Alex Diaz,420,31-Aug-20,"Two-Way , Not Divided",Dry,Daylight,Clear,"Sidwswipe, Opposite Direction",No,No Controls,2,1,Complains Of Pain,,41.80697,-71.44703
823236,2020-00059290,2020-07-21,3:33:00 PM,Bicycle,,1,,,1,CHARLES ST ,CANAL ST ,Joseph Lopes,227,21-Jul-20,"Two-Way , Not Divided",Dry,Daylight,Clear,Not a Collision Between Two Motor Vehicles in Transport,No,No Controls,3,1,Complains Of Pain,,41.83329,-71.41136
823312,2020-00059367,2020-07-21,8:12:00 PM,Pedestrian,1,,,,1,DOUGLAS AVE,WHIPPLE ST ,Joseph Lopes,227,22-Jul-20,"Two-Way , Not Divided",Dry,Dark - Lighted,Clear,Not a Collision Between Two Motor Vehicles in Transport,"Yes, M/V and Driver Left Scene",No Controls,1,1,Complains Of Pain,,41.83686,-71.42156
823326,2020-00059577,2020-07-22,4:03:00 PM,Pedestrian,1,,,,1,BODELL AVE,WHELAN RD ,Raymond Hull,94,22-Jul-20,Unknown,Dry,Daylight,Clear,"Sidwswipe, Opposite Direction",No,No Controls,4,1,Complains Of Pain,,41.81789,-71.45408
823463,2020-00060144,2020-07-24,4:56:00 PM,Bicycle,,1,,,1,VALLEY ST ,RIVER AVE ,Joseph Lopes,227,24-Jul-20,"Two-Way , Not Divided",Dry,Daylight,Clear,Not a Collision Between Two Motor Vehicles in Transport,No,Traffic Control Signal,4,1,Complains Of Pain,,41.82796,-71.43516
823477,2020-00060268,2020-07-25,12:05:00 AM,Bicycle,,1,,,1,CRANSTON ST,ALTHEA ST ,Cory Vingi,237,25-Jul-20,"Two-Way , Not Divided",Dry,Dark - Lighted,Clear,Not a Collision Between Two Motor Vehicles in Transport,No,No Controls,2,1,Complains Of Pain,,41.80773,-71.43508
823580,2020-00060848,2020-07-26,7:24:00 PM,Bicycle,,1,,,1,PLAINFIELD ST,LABAN ST ,Donald Castigliego,287,26-Jul-20,"Two-Way , Not Divided",Dry,Dusk,Clear,Not a Collision Between Two Motor Vehicles in Transport,No,No Controls,3,0,No Injury,,41.81501,-71.44633
823950,2020-00061891,2020-07-30,12:08:00 PM,Pedestrian,1,,,,1,343 BROAD ST,343 BROAD ST ,Jose Buten,322,30-Jul-20,"Two-Way, Divided, Unprotected (painted>4feet) Medium",Dry,Daylight,Cloudy,Not a Collision Between Two Motor Vehicles in Transport,"Yes, M/V and Driver Left Scene",No Controls,1,1,Complains Of Pain,,41.81415,-71.4213
824083,2020-00062305,2020-07-31,6:36:00 PM,Pedestrian,1,,,,1,61 AMERICA ST,FEDERAL ST ,Deanna Johnson,408,31-Jul-20,One-Way Trafficway,Dry,Daylight,Clear,Not a Collision Between Two Motor Vehicles in Transport,No,Traffic Control Signal,3,1,Complains Of Pain,,41.82203,-71.42738
824041,2020-00062209,2020-07-31,12:49:00 PM,Bicycle,,1,,,1,DOUGLAS AVENUE,ADMIRAL STREET,Ybelis Gonzalez,376,31-Jul-20,"Two-Way , Not Divided",Dry,Daylight,Clear,Angle (Front - to - Side) Right Angle (Includes Broadside),No,Traffic Control Signal,2,1,Complains Of Pain,,41.84605,-71.429
824206,2020-00062921,2020-08-02,12:28:00 PM,Other,,1,X,,1,DOYLE AVE,N MAIN ST ,Joshua Cascione,225,2-Aug-20,"Two-Way , Not Divided",Dry,Daylight,Clear,Not a Collision Between Two Motor Vehicles in Transport,No,No Controls,3,1,Complains Of Pain,,41.83835,-71.40896
824225,2020-00063147,2020-08-03,8:44:00 AM,Bicycle,,1,,,1,GANO ST EXIT,GANO ST ,Joshua Cascione,225,3-Aug-20,One-Way Trafficway,Dry,Daylight,Clear,Not a Collision Between Two Motor Vehicles in Transport,No,Traffic Control Signal,2,0,No Injury,,41.82113,-71.38944
824536,2020-00064157,2020-08-06,7:39:00 AM,Bicycle,,1,,,1,MUTUAL PL,ROCHAMBEAU AVE ,Joshua Cascione,225,6-Aug-20,"Two-Way , Not Divided",Dry,Daylight,Clear,Not a Collision Between Two Motor Vehicles in Transport,"Yes, M/V and Driver Left Scene",No Controls,1,0,No Injury,,41.84706,-71.39487
824563,2020-00064284,2020-08-06,4:04:00 PM,Bicycle,,1,,,1,INDIA STREET,,Donald Castigliego,287,6-Aug-20,"Two-Way , Not Divided",Dry,Daylight,Clear,Not a Collision Between Two Motor Vehicles in Transport,"Yes, M/V and Driver Left Scene",No Controls,2,1,Complains Of Pain,,41.81823,-71.39259
824576,2020-00064367,2020-08-06,9:00:00 PM,Bicycle,,1,,,1,F C GREENE MEMORIAL BLVD,F C GREENE MEMORIAL BLVD ,Matthew Fadale,214,6-Aug-20,"Two-Way , Not Divided",Dry,Dark - Not Lighted,Clear,Not a Collision Between Two Motor Vehicles in Transport,No,No Controls,2,1,Complains Of Pain,,41.77945,-71.41418
824716,2020-00065039,2020-08-09,1:56:00 AM,Pedestrian,1,,,,1,OAKLAND AVE,CHAD BROWN ST ,Daviniel Urizar,555,9-Aug-20,"Two-Way , Not Divided",Dry,Dark - Lighted,Clear,Not a Collision Between Two Motor Vehicles in Transport,"Yes, M/V and Driver Left Scene",Stop Signs,1,1,Incapacitating,,41.8389,-71.42936
824749,2020-00065184,2020-08-09,11:19:00 AM,Pedestrian,2,,,,1,W RIVER ST,CHARLES ST ,Ybelis Gonzalez,376,9-Aug-20,"Two-Way , Not Divided",Dry,Daylight,Clear,Not a Collision Between Two Motor Vehicles in Transport,No,Stop Signs,3,1,Complains Of Pain,,41.83972,-71.4163
824782,2020-00065336,2020-08-09,10:11:00 PM,Pedestrian,1,,,,1,Atwells ave,DE PASQUALE AVE ,Jan Delle Johnson,529,9-Aug-20,"Two-Way, Divided, Unprotected (painted>4feet) Medium",Dry,Dark - Lighted,Clear,Not a Collision Between Two Motor Vehicles in Transport,No,Traffic Control Signal,3,1,Complains Of Pain,,41.8236,-71.42708
824791,2020-00065286,2020-08-09,7:09:00 PM,Pedestrian,1,,,,1,SMITH ST,CHALKSTONE AVE ,Raymond Criner,340,10-Aug-20,"Two-Way , Not Divided",Dry,Daylight,Clear,Not a Collision Between Two Motor Vehicles in Transport,No,Traffic Control Signal,2,1,Complains Of Pain,,41.83522,-71.42567
824815,2020-00065582,2020-08-10,7:30:00 PM,Pedestrian,1,,,,1,GANO ST,,Alexandre Santos,502,10-Aug-20,"Two-Way , Not Divided",Dry,Daylight,Clear,Not a Collision Between Two Motor Vehicles in Transport,No,No Controls,2,2,Non-Incapacitating,,41.81876,-71.38931
824824,2020-00065643,2020-08-10,11:40:00 PM,Bicycle,,1,,,1,BROAD ST,PARKSIDE CIR ,Cory Vingi,237,11-Aug-20,"Two-Way , Not Divided",Dry,Dark - Lighted,Clear,Not a Collision Between Two Motor Vehicles in Transport,No,Stop Signs,3,1,Complains Of Pain,,41.78589,-71.40166
825498,2020-00065536,2020-08-10,4:49:00 PM,Bicycle,,1,,,1,VALLEY ST,DEAN ST ,Gargar Grimes,323,19-Aug-20,One-Way Trafficway,Dry,Daylight,Clear,Not a Collision Between Two Motor Vehicles in Transport,No,No Controls,2,1,Complains Of Pain,,41.83139,-71.42848
824854,2020-00065750,2020-08-11,11:00:00 AM,Bicycle,,1,,,1,336 Admiral Street ,336 Admiral Street,Michele Tella,668,11-Aug-20,"Two-Way , Not Divided",Dry,Daylight,Clear,Other,No,No Controls,2,1,Complains Of Pain,,41.83616,-71.42824