CrashReportId,ReportNumber,CrashDate,CrashTime,Collision Type,CountPedestrian,CountBicycle,Scooter,Wheel Chair,NumberofVehicles,StreetOrHighway,NearestIntersection,Officer,Badge,ReportDate,TypeOfRoadway,RoadSurfaceCondition,LightCondition,WeatherCondition,MannerofImpact,HitAndRun,TrafficControl,PersonCount,InjuryCount,MostSeriousInjury,NumberOfLanes,Latitude,Longitude
825107,2020-00066797,2020-08-14,9:32:00 PM,Pedestrian,1,,,,1,BROADWAY,SERVICE ROAD 7 ,Irvin Torres,346,14-Aug-20,"Two-Way , Not Divided",Dry,Dark - Not Lighted,Clear,Head-On (Front - to - Front),No,Traffic Control Signal,2,1,Complains Of Pain,,41.82177,-71.42083
825127,2020-00066987,2020-08-15,10:42:00 AM,Pedestrian,1,,,,1,60 KOSSUTH ST,,Fernando Lopez,156,15-Aug-20,"Two-Way , Not Divided",Dry,Daylight,Clear,Not a Collision Between Two Motor Vehicles in Transport,"Yes, M/V and Driver Left Scene",No Controls,1,0,Unknown,,,
825128,2020-00067019,2020-08-15,1:33:00 PM,Pedestrian,1,,X,,1,FRUIT HILL AVE,HUBER AVE ,Fernando Lopez,156,15-Aug-20,"Two-Way , Not Divided",Dry,Daylight,Clear,Not a Collision Between Two Motor Vehicles in Transport,No,No Controls,3,1,Complains Of Pain,,41.83429,-71.46798
825143,2020-00067023,2020-08-15,1:44:00 PM,Pedestrian,2,,,,1,HUMES ST,CRESCENT ST ,Joshua Cascione,225,15-Aug-20,"Two-Way , Not Divided",Dry,Daylight,Clear,Not a Collision Between Two Motor Vehicles in Transport,No,No Controls,6,2,Complains Of Pain,,41.79218,-71.42871
825398,2020-00068115,2020-08-18,8:30:00 PM,Bicycle,,1,,,1,TRENTON ST,IVES ST ,Cory Vingi,237,18-Aug-20,"Two-Way , Not Divided",Dry,Dark - Lighted,Clear,Not a Collision Between Two Motor Vehicles in Transport,No,Stop Signs,2,1,Incapacitating,,41.82095,-71.39197
825415,2020-00068184,2020-08-18,11:21:00 PM,Other,,,X,,2,PLAINFIELD ST,ON RAMP TO RT 6 EAST,Jose Deschamps,419,19-Aug-20,"Two-Way, Divided, Unprotected (painted>4feet) Medium",Dry,Daylight,Clear,Other,No,No Controls,3,2,Incapacitating,,41.81541,-71.44589
825482,2020-00068374,2020-08-19,5:52:00 PM,Pedestrian,1,,,,1,51 MANTON AVENUE,,Donald Castigliego,287,19-Aug-20,"Two-Way , Not Divided",Dry,Daylight,Clear,Not a Collision Between Two Motor Vehicles in Transport,No,No Controls,3,1,Complains Of Pain,,,
825518,2020-00068342,2020-08-19,3:46:00 PM,Bicycle,,1,,,1,Potters Ave,SEABURY ST ,Guillermo Vargas,404,19-Aug-20,"Two-Way, Divided, Positive Median Barrier",Dry,Daylight,Clear,Angle (Front - to - Side) Opposite Direction,"Yes, M/V and Driver Left Scene",No Controls,1,1,Complains Of Pain,,41.80318,-71.43255
825814,2020-00069409,2020-08-22,9:40:00 PM,Pedestrian,1,,,,1,BODELL AVE,ETNA ST ,Cory Vingi,237,22-Aug-20,"Two-Way , Not Divided",Dry,Dark - Lighted,Clear,Not a Collision Between Two Motor Vehicles in Transport,No,No Controls,3,1,Complains Of Pain,,41.81655,-71.45152
826106,2020-00070672,2020-08-26,7:38:00 PM,Bicycle,,1,,,1,GLENHAM ST,PRAIRIE AVE ,Patrick Hourahan,243,26-Aug-20,"Two-Way , Not Divided",Dry,Dusk,Clear,Not a Collision Between Two Motor Vehicles in Transport,"Yes, M/V and Driver Left Scene",No Controls,1,1,Complains Of Pain,,41.80605,-71.41525
827692,2020-00072665,2020-09-01,11:17:00 PM,Pedestrian,2,,,,1,129 BURNS ST,MANILA ST ,Kyle Endres,220,2-Sep-20,"Two-Way , Not Divided",Dry,Dark - Lighted,Clear,Not a Collision Between Two Motor Vehicles in Transport,"Yes, M/V and Driver Left Scene",No Controls,2,1,Complains Of Pain,,41.8539,-71.44466
827769,2020-00072850,2020-09-02,3:12:00 PM,Pedestrian,1,,,,1,CHARLES ST,CORLISS ST ,Erik Breault,226,2-Sep-20,"Two-Way, Divided, Unprotected (painted>4feet) Medium",Wet,Daylight,Rain,Not a Collision Between Two Motor Vehicles in Transport,No,Stop Signs,2,1,Complains Of Pain,,41.83806,-71.41452
827821,2020-00073127,2020-09-03,2:18:00 PM,Pedestrian,1,,,,1,CANDACE ST,GODDARD ST ,Fernando Lopez,156,3-Sep-20,"Two-Way , Not Divided",Dry,Daylight,Clear,Not a Collision Between Two Motor Vehicles in Transport,"Yes, M/V and Driver Left Scene",No Controls,2,1,Complains Of Pain,,41.83426,-71.42205
827875,2020-00073105,2020-09-03,1:15:00 PM,Pedestrian,1,,,,1,Penn Street ,Vinton Street ,Michael Caraccia,624,4-Sep-20,"Two-Way , Not Divided",Dry,Daylight,Clear,Other,No,No Controls,3,0,No Injury,1,41.82188,-71.42977
827893,2020-00073375,2020-09-04,10:25:00 AM,Pedestrian,1,,,,1,BROAD ST,FRICKER ST ,Christopher Benoit,206,4-Sep-20,"Two-Way , Not Divided",Dry,Daylight,Clear,Not a Collision Between Two Motor Vehicles in Transport,"Yes, M/V and Driver Left Scene",No Controls,1,1,Complains Of Pain,,41.81528,-71.42066
827952,2020-00073566,2020-09-04,9:28:00 PM,Bicycle,,1,,,1,271 RESERVOIR AVE,271 RESERVOIR AVE ,Jose Buten,322,4-Sep-20,"Two-Way, Divided, Unprotected (painted>4feet) Medium",Dry,Dark - Lighted,Clear,Not a Collision Between Two Motor Vehicles in Transport,"Yes, M/V and Driver Left Scene",No Controls,1,1,Complains Of Pain,,41.79216,-71.42783
828056,2020-00074094,2020-09-06,2:43:00 AM,Pedestrian,1,,,,1,BROAD ST,CENTRAL ST ,John Najarian,417,6-Sep-20,"Two-Way , Not Divided",Dry,Dark - Lighted,Clear,Not a Collision Between Two Motor Vehicles in Transport,No,No Controls,3,1,Complains Of Pain,,41.81323,-71.42189
828143,2020-00074448,2020-09-07,3:22:00 AM,Pedestrian,1,,,,1,NARRAGANSETT BLVD,WASHINGTON AVE ,Jose Deschamps,419,7-Sep-20,"Two-Way, Divided, Unprotected (painted>4feet) Medium",Dry,Dark - Lighted,Clear,Not a Collision Between Two Motor Vehicles in Transport,"Yes, M/V and Driver Left Scene",No Controls,1,1,Fatal,,41.78818,-71.39572
828392,2020-00075292,2020-09-10,8:38:00 AM,Pedestrian,1,,,,1,621 Academy Ave,SMITH ST ,James Annis,454,10-Sep-20,"Two-Way , Not Divided",Dry,Daylight,Clear,Not a Collision Between Two Motor Vehicles in Transport,No,Other,3,1,Complains Of Pain,1,41.84185,-71.44512
828467,2020-00075569,2020-09-11,6:40:00 AM,Bicycle,,1,,,1,N MAIN ST,5TH ST ,Joshua Cascione,225,11-Sep-20,"Two-Way , Not Divided",Dry,Daylight,Cloudy,Not a Collision Between Two Motor Vehicles in Transport,No,No Controls,3,1,Complains Of Pain,,41.85224,-71.4017
828565,2020-00075935,2020-09-12,7:00:00 AM,Pedestrian,1,,,,1,CHALKSTONE AVE,GENEVA ST ,Joshua Cascione,225,12-Sep-20,"Two-Way , Not Divided",Dry,Daylight,Clear,Not a Collision Between Two Motor Vehicles in Transport,No,No Controls,2,1,Incapacitating,,41.83228,-71.44069
828976,2020-00077282,2020-09-16,5:14:00 PM,Bicycle,,1,,,1,DEXTER ST ,WALDO ST ,Joseph Lopes,227,16-Sep-20,"Two-Way , Not Divided",Dry,Daylight,Clear,Not a Collision Between Two Motor Vehicles in Transport,No,No Controls,3,1,Complains Of Pain,,41.80434,-71.43004
829010,2020-00077483,2020-09-17,12:13:00 PM,Pedestrian,1,,,,1,JILLSON ST,EDDY ST ,Joshua Cascione,225,17-Sep-20,"Two-Way , Not Divided",Dry,Daylight,Clear,Not a Collision Between Two Motor Vehicles in Transport,"Yes, M/V and Driver Left Scene",No Controls,1,1,Complains Of Pain,,41.79132,-71.40397
829095,2020-00077997,2020-09-18,11:29:00 PM,Pedestrian,1,,,,1,GAY ST,DUDLEY ST ,Louis Prete,522,18-Sep-20,"Two-Way , Not Divided",Dry,Dark - Lighted,Clear,Not a Collision Between Two Motor Vehicles in Transport,"Yes, M/V and Driver Left Scene",Pavement Markings,1,1,Complains Of Pain,,41.81006,-71.4129
829638,2020-00079493,2020-09-24,12:40:00 PM,Pedestrian,1,,,,1,Hope St,Rochambeau Ave,James Annis,454,24-Sep-20,"Two-Way , Not Divided",Dry,Daylight,Clear,Not a Collision Between Two Motor Vehicles in Transport,No,Traffic Control Signal,2,1,Complains Of Pain,2,,
829641,2020-00079510,2020-09-24,1:27:00 PM,Pedestrian,1,,,,1,WHITMARSH ST,UPDIKE ST ,Joshua Cascione,225,24-Sep-20,"Two-Way , Not Divided",Dry,Daylight,Clear,Not a Collision Between Two Motor Vehicles in Transport,"Yes, M/V and Driver Left Scene",No Controls,1,1,Complains Of Pain,,41.80605,-71.42101
829771,2020-00079936,2020-09-25,7:31:00 PM,Pedestrian,1,,,,1,ORMS ST,BATH ST ,Irvin Torres,346,25-Sep-20,"Two-Way , Not Divided",Dry,Dark - Lighted,Clear,Head-On (Front - to - Front),No,Stop Signs,2,0,No Injury,,41.83322,-71.42549
829781,2020-00080007,2020-09-25,10:45:00 PM,Bicycle,,1,,,1,CARPENTER ST,KNIGHT ST ,Kyle Endres,220,25-Sep-20,"Two-Way , Not Divided",Dry,Dark - Lighted,Clear,Not a Collision Between Two Motor Vehicles in Transport,No,Stop Signs,3,1,Incapacitating,,41.81825,-71.42752
829916,2020-00080653,2020-09-27,7:32:00 PM,Pedestrian,1,,,,1,ACADEMY AVE ,HEALTH AVE ,Joseph Lopes,227,27-Sep-20,"Two-Way , Not Divided",Dry,Dark - Lighted,Clear,Not a Collision Between Two Motor Vehicles in Transport,No,No Controls,3,1,Incapacitating,,41.82759,-71.44377
829968,2020-00080792,2020-09-28,7:26:00 AM,Bicycle,,1,,,1,HOPE ST,BLACKSTONE BLVD,Jin O,147,28-Sep-20,One-Way Trafficway,Dry,Daylight,Clear,Not a Collision Between Two Motor Vehicles in Transport,No,Stop Signs,3,1,Complains Of Pain,,41.85605,-71.39132
830022,2020-00081011,2020-09-28,7:31:00 PM,Pedestrian,1,,,,1,MESSER ST,CRANSTON ST ,Cory Vingi,237,28-Sep-20,"Two-Way , Not Divided",Dry,Dark - Lighted,Clear,Not a Collision Between Two Motor Vehicles in Transport,No,No Controls,2,1,Complains Of Pain,,41.80963,-71.43345
830080,2020-00081319,2020-09-29,7:21:00 PM,Pedestrian,1,,,,1,MEMORIAL BLVD,STEEPLE ST ,Anthony Moore,390,29-Sep-20,"Two-Way, Divided, Unprotected (painted>4feet) Medium",Dry,Dark - Lighted,Clear,Not a Collision Between Two Motor Vehicles in Transport,No,Traffic Control Signal,4,1,Complains Of Pain,,41.82677,-71.41063
830210,2020-00081817,2020-10-01,9:24:00 AM,Pedestrian,1,,,,1,314 BROAD ST,BROAD ST ,Joshua Cascione,225,1-Oct-20,"Two-Way , Not Divided",Dry,Daylight,Clear,Not a Collision Between Two Motor Vehicles in Transport,No,No Controls,2,1,Complains Of Pain,,41.81443,-71.42115
830241,2020-00081933,2020-10-01,5:22:00 PM,Other,,,X,,2,502 HARTFORD AVE,MELISSA ST ,Wayne Mann,563,1-Oct-20,"Two-Way , Not Divided",Dry,Dusk,Clear,Rear End(Front-to-Rear),No,Pavement Markings,3,1,Non-Incapacitating,2,41.80864,-71.44081
830409,2020-00082621,2020-10-03,8:40:00 PM,Pedestrian,1,,,,1,Broad Street,Gallup Street,Cory Vingi,237,3-Oct-20,"Two-Way , Not Divided",Dry,Dark - Lighted,Clear,Not a Collision Between Two Motor Vehicles in Transport,"Yes, M/V and Driver Left Scene",No Controls,2,1,Complains Of Pain,,41.79929,-71.41603
830802,2020-00083512,2020-10-06,5:48:00 PM,Pedestrian,1,,,,1,WESTMINSTER ST,MESSER ST ,Donald Castigliego,287,6-Oct-20,"Two-Way , Not Divided",Dry,Daylight,Clear,Not a Collision Between Two Motor Vehicles in Transport,No,No Controls,3,1,Complains Of Pain,,41.81581,-71.43767
830812,2020-00083523,2020-10-06,6:33:00 PM,Pedestrian,1,,,,1,sackett st,HAMILTON ST ,Ptlw. Levesque,248,6-Oct-20,"Two-Way , Not Divided",Dry,Dark - Lighted,Clear,Not a Collision Between Two Motor Vehicles in Transport,No,No Controls,7,1,Non-Incapacitating,,41.7943,-71.41808
830902,2020-00083935,2020-10-08,10:29:00 AM,Bicycle,,1,,,1,HEATH ST,EASTWOOD AVE ,Joshua Cascione,225,8-Oct-20,"Two-Way , Not Divided",Dry,Daylight,Clear,Not a Collision Between Two Motor Vehicles in Transport,No,No Controls,3,1,Complains Of Pain,,41.8158,-71.45011
831123,2020-00083948,2020-10-08,11:00:00 AM,Bicycle,,1,,,1,53 Governor St,ARNOLD ST ,Frank Moody,328,10-Oct-20,"Two-Way , Not Divided",Dry,Daylight,Clear,Not a Collision Between Two Motor Vehicles in Transport,No,No Controls,2,1,Complains Of Pain,,41.82195,-71.39393
831007,2020-00083370,2020-10-09,8:37:00 AM,Other,,,X,,2,Elmwood Ave,Bellevue Ave,James Annis,454,9-Oct-20,"Two-Way , Not Divided",Dry,Daylight,Clear,Angle (Front - to - Side) Right Angle (Includes Broadside),No,Traffic Control Signal,2,0,No Injury,2,,
831103,2020-00084387,2020-10-09,10:38:00 PM,Pedestrian,1,,,,1,575 Broad Street,Dartmouth Ave,Kristen Barth,247,9-Oct-20,"Two-Way , Not Divided",Dry,Dark - Lighted,Clear,Not a Collision Between Two Motor Vehicles in Transport,"Yes, M/V and Driver Left Scene",No Controls,2,1,Incapacitating,,41.80844,-71.42063
831148,2020-00084570,2020-10-10,3:02:00 PM,Bicycle,,1,,,1,GANO ST ,PITMAN ST ,Joseph Lopes,227,10-Oct-20,"Two-Way , Not Divided",Dry,Daylight,Clear,Not a Collision Between Two Motor Vehicles in Transport,No,Traffic Control Signal,4,1,Non-Incapacitating,,41.82648,-71.3905
831486,2020-00085616,2020-10-14,12:08:00 PM,Pedestrian,1,,,,1,WASHINGTON ST,EMPIRE ST ,Rosemarie Chin,494,14-Oct-20,"Two-Way , Not Divided",Dry,Daylight,Clear,Other,No,No Controls,2,1,Incapacitating,,41.82182,-71.41645
831798,2020-00086467,2020-10-17,1:15:00 PM,Other,,1,X,,1,Corinth St,Broad St,James Annis,454,17-Oct-20,"Two-Way , Not Divided",Dry,Daylight,Clear,Not a Collision Between Two Motor Vehicles in Transport,No,Stop Signs,2,0,No Injury,1,,
831806,2020-00086480,2020-10-17,2:11:00 PM,Bicycle,,1,,,1,stokes st,WESTMINSTER ST ,Michael Camardo,357,17-Oct-20,"Two-Way , Not Divided",Dry,Daylight,Clear,Not a Collision Between Two Motor Vehicles in Transport,No,No Controls,2,1,Non-Incapacitating,,41.81673,-71.44282
831949,2020-00086896,2020-10-18,5:50:00 PM,Other,,,X,,2,ELMWOOD AVE,BISSELL ST ,Jose Deschamps,419,18-Oct-20,"Two-Way, Divided, Positive Median Barrier",Dry,Daylight,Clear,Other,No,No Controls,4,2,Incapacitating,,41.77744,-71.42118
831971,2020-00087105,2020-10-19,3:00:00 PM,Bicycle,,1,,,1,ANGELL ST,BROWN ST ,Miguel Castillo,489,19-Oct-20,One-Way Trafficway,Dry,Daylight,Clear,Head-On (Front - to - Front),No,Stop Signs,3,1,Non-Incapacitating,1,41.8279,-71.40283
832157,2020-00087718,2020-10-22,11:22:00 PM,Bicycle,,,,,1,GANO ST,I 195 E ,Andrew In,540,22-Oct-20,"Two-Way , Not Divided",Dry,Dark - Lighted,Clear,Not a Collision Between Two Motor Vehicles in Transport,No,No Controls,2,0,Unknown,,41.81904,-71.38931
832181,2020-00087856,2020-10-22,1:00:00 PM,Bicycle,,1,,,1,SOUTH WATER ST,,Thomas Rose,465,22-Oct-20,One-Way Trafficway,Dry,Daylight,Clear,"Sideswipe, Same Direction",No,No Controls,2,1,Non-Incapacitating,,41.81771,-71.40083
832302,2020-00088411,2020-10-24,12:43:00 AM,Pedestrian,1,,,,1,133 PEMBROKE AVE ,EATON ST ,Joseph Lopes,227,24-Oct-20,"Two-Way , Not Divided",Dry,Dark - Lighted,Clear,Not a Collision Between Two Motor Vehicles in Transport,"Yes, M/V and Driver Left Scene",No Controls,2,1,Non-Incapacitating,,41.8403,-71.42975
832371,2020-00088884,2020-10-25,2:02:00 PM,Bicycle,,1,,,1,207 Wickenden St.,TRAVERSE ST ,Frank Moody,328,25-Oct-20,"Two-Way , Not Divided",Dry,Daylight,Clear,Not a Collision Between Two Motor Vehicles in Transport,No,No Controls,2,1,Complains Of Pain,,41.81943,-71.39905
832641,2020-00089981,2020-10-29,7:56:00 PM,Pedestrian,1,,,,1,609 ELMWOOD AVE,LENOX AVE ,Jose Deschamps,419,29-Oct-20,"Two-Way, Divided, Positive Median Barrier",Wet,Dark - Lighted,Rain,"Sidwswipe, Opposite Direction",No,No Controls,2,1,Incapacitating,,41.79545,-71.42488
832735,2020-00090181,2020-10-30,6:17:00 PM,Pedestrian,1,,,,1,CATHERDAL AVE,SMITH ST,Jose Deschamps,419,30-Oct-20,"Two-Way , Not Divided",Wet,Dark - Lighted,Clear,Other,No,No Controls,3,1,Non-Incapacitating,,41.8132,-71.45548
832761,2020-00090327,2020-10-31,5:35:00 AM,Pedestrian,1,,,,1,UNION AVE,WEBSTER AVE ,Andrew Calle,574,31-Oct-20,Unknown,Ice/Frost,Dark - Lighted,Clear,Unknown,"Yes, M/V and Driver Left Scene",Traffic Control Signal,1,1,Complains Of Pain,,41.80683,-71.44755
832779,2020-00090373,2020-10-31,10:24:00 AM,Pedestrian,1,,,,1,SMITH STREET,PINEHURST AVE ,Taft Manzotti,377,31-Oct-20,"Two-Way , Not Divided",Wet,Daylight,Clear,Not a Collision Between Two Motor Vehicles in Transport,No,No Controls,2,1,Complains Of Pain,,41.8374,-71.43311
833102,2020-00091368,2020-11-04,7:29:00 AM,Pedestrian,1,,,,1,ONEIL ST,DOUGLAS AVE ,Joshua Cascione,225,4-Nov-20,"Two-Way , Not Divided",Dry,Daylight,Clear,Not a Collision Between Two Motor Vehicles in Transport,No,Pavement Markings,2,1,Complains Of Pain,,41.85282,-71.4367
833155,2020-00091489,2020-11-04,4:05:00 PM,Pedestrian,1,,,,1,CRANSTON ST,BRIDGHAM ST ,Donald Castigliego,287,4-Nov-20,"Two-Way , Not Divided",Dry,Daylight,Clear,Not a Collision Between Two Motor Vehicles in Transport,No,No Controls,3,1,Complains Of Pain,,41.81419,-71.42649
833322,2020-00092041,2020-11-06,6:31:00 PM,Pedestrian,1,,,,1,Academy Ave,NEWARK ST ,David Liu,318,6-Nov-20,"Two-Way , Not Divided",Dry,Dark - Lighted,Clear,Not a Collision Between Two Motor Vehicles in Transport,No,No Controls,2,1,Complains Of Pain,,41.82544,-71.4434
833364,2020-00092404,2020-11-07,7:45:00 PM,Pedestrian,1,,,,1,Broad Street ,OXFORD ST ,Alex Schneider,411,7-Nov-20,"Two-Way , Not Divided",Dry,Dark - Lighted,Clear,Not a Collision Between Two Motor Vehicles in Transport,No,Traffic Control Signal,3,1,Complains Of Pain,,41.80038,-71.41736
833750,2020-00093681,2020-11-12,4:04:00 PM,Bicycle,,1,,,1,Manton Ave,FRUIT HILL AVE ,Christopher Castagliuolo,351,12-Nov-20,"Two-Way , Not Divided",Dry,Daylight,Clear,Not a Collision Between Two Motor Vehicles in Transport,No,Traffic Control Signal,3,1,Complains Of Pain,,41.83388,-71.46783
833975,2020-00094463,2020-11-15,7:54:00 PM,Pedestrian,1,,,,1,280 BROAD STREET,,Donald Castigliego,287,15-Nov-20,"Two-Way , Not Divided",Wet,Dark - Lighted,Rain,Not a Collision Between Two Motor Vehicles in Transport,No,No Controls,3,1,Complains Of Pain,,,
834055,2020-00094768,2020-11-17,7:16:00 AM,Pedestrian,1,,,,1,820 HOPE ST,4TH ST ,Joshua Cascione,225,17-Nov-20,"Two-Way , Not Divided",Dry,Daylight,Clear,Not a Collision Between Two Motor Vehicles in Transport,No,No Controls,2,1,Complains Of Pain,,41.84949,-71.39479
834062,2020-00094777,2020-11-17,8:40:00 AM,Pedestrian,1,,,,1,WASHINGTON ST,DORRANCE ST ,Joshua Cascione,225,17-Nov-20,"Two-Way , Not Divided",Dry,Daylight,Clear,Not a Collision Between Two Motor Vehicles in Transport,"Yes, M/V and Driver Left Scene",Flashing Traffic Control Signal,1,1,Complains Of Pain,,41.82445,-71.41277
834072,2020-00094809,2020-11-17,11:32:00 AM,Pedestrian,1,,,,1,ADMIRAL ST,CHAD BROWN ST ,Joshua Cascione,225,17-Nov-20,"Two-Way , Not Divided",Dry,Daylight,Clear,Not a Collision Between Two Motor Vehicles in Transport,No,Person,4,1,Incapacitating,,41.84202,-71.42125
834089,2020-00094902,2020-11-17,5:51:00 PM,Pedestrian,1,,X,,1,WATERMAN ST,PROSPECT ST ,Cameron Clift,524,17-Nov-20,"Two-Way , Not Divided",Dry,Dark - Lighted,Clear,"Sidwswipe, Opposite Direction",No,Traffic Control Signal,4,1,Complains Of Pain,2,41.82691,-71.40472
834147,2020-00095234,2020-11-19,5:43:00 AM,Pedestrian,1,,,,1,460 Smith St,CHALKSTONE AVE ,Casey Correia,521,19-Nov-20,Unknown,Dry,Dawn,Clear,Not a Collision Between Two Motor Vehicles in Transport,"Yes, M/V and Driver Left Scene",No Controls,1,0,No Injury,,41.83521,-71.42565
834229,2020-00095548,2020-11-20,3:02:00 PM,Other,,,X,,1,ANGELL ST,BUTLER AVE ,Donald Castigliego,287,20-Nov-20,"Two-Way , Not Divided",Dry,Daylight,Clear,Not a Collision Between Two Motor Vehicles in Transport,No,Stop Signs,3,0,Unknown,,41.8308,-71.38459
834334,2020-00096130,2020-11-22,4:50:00 PM,Bicycle,,1,,,1,CHARLESFIELD ST,HOPE ST ,Cory Vingi,237,22-Nov-20,"Two-Way , Not Divided",Dry,Dark - Lighted,Clear,Angle (Front - to - Side) Right Angle (Includes Broadside),No,Stop Signs,3,1,Non-Incapacitating,,41.82414,-71.3972
834347,2020-00096219,2020-11-23,6:57:00 AM,Pedestrian,1,,,,1,DUDLEY ST,PRAIRIE AVE ,Erick Fernandez,228,23-Nov-20,"Two-Way , Not Divided",Wet,Daylight,Rain,Not a Collision Between Two Motor Vehicles in Transport,No,No Controls,2,1,Complains Of Pain,,41.80993,-71.41532
834470,2020-00096557,2020-11-24,4:56:00 PM,Pedestrian,1,,,,1,ORMS ST,JEFFERSON ST ,Darrin Anderson,550,24-Nov-20,"Two-Way , Not Divided",Dry,Dark - Lighted,Clear,Not a Collision Between Two Motor Vehicles in Transport,"Yes, M/V and Driver Left Scene",No Controls,3,1,Complains Of Pain,2,41.83446,-71.41748
834503,2020-00096760,2020-11-25,4:54:00 PM,Bicycle,,1,,,1,CAMBRIDGE ST,ACADEMY AVE ,Joseph Lopes,227,25-Nov-20,"Two-Way , Not Divided",Wet,Dark - Lighted,Rain,Not a Collision Between Two Motor Vehicles in Transport,"Yes, M/V and Driver Left Scene",Stop Signs,2,1,Complains Of Pain,,41.8255,-71.44342
835002,2020-00096764,2020-11-25,4:59:00 PM,Pedestrian,1,,,,1,EATON ST,SMITH ST ,David Liu,318,4-Dec-20,"Two-Way , Not Divided",Wet,Dark - Not Lighted,Cloudy,Not a Collision Between Two Motor Vehicles in Transport,No,No Controls,2,0,No Injury,,41.84365,-71.44758
834726,2020-00097746,2020-11-29,3:36:00 PM,Pedestrian,1,,,,1,BROAD STREET,,Donald Castigliego,287,29-Nov-20,"Two-Way , Not Divided",Dry,Daylight,Clear,Not a Collision Between Two Motor Vehicles in Transport,"Yes, M/V and Driver Left Scene",No Controls,3,1,Incapacitating,,41.81455,-71.42107
834888,2020-00098378,2020-12-02,8:26:00 AM,Pedestrian,1,,,,1,CHALKSTONE AVE,ACADEMY AVE ,Jose Deschamps,419,2-Dec-20,"Two-Way, Divided, Unprotected (painted>4feet) Medium",Dry,Daylight,Clear,Not a Collision Between Two Motor Vehicles in Transport,No,Traffic Control Signal,3,0,No Injury,,41.83245,-71.44453
835050,2020-00099087,2020-12-04,11:21:00 PM,Pedestrian,1,,,,1,DOUGLAS AVE,DOUGLAS AVE ,Cory Vingi,237,4-Dec-20,"Two-Way , Not Divided",Wet,Dark - Lighted,Rain,Not a Collision Between Two Motor Vehicles in Transport,"Yes, M/V and Driver Left Scene",No Controls,1,0,Unknown,,41.84183,-71.42751
835065,2020-00099143,2020-12-05,6:11:00 AM,Pedestrian,1,,,,1,HUNTINGTON AVE,CRANSTON ST ,Joshua Cascione,225,5-Dec-20,"Two-Way, Divided, Positive Median Barrier",Wet,Dawn,Rain,Not a Collision Between Two Motor Vehicles in Transport,"Yes, M/V and Driver Left Scene",Traffic Control Signal,1,1,Non-Incapacitating,,41.80374,-71.43907
835102,2020-00099266,2020-12-05,5:00:00 PM,Pedestrian,1,,,,1,Angell St,Gano St,Noel Field,260,5-Dec-20,"Two-Way , Not Divided",Slush,Dark - Lighted,"Sleet, Hail (Freezing Rain or Drizzle)",Not a Collision Between Two Motor Vehicles in Transport,"Yes, M/V and Driver Left Scene",Traffic Control Signal,2,1,Complains Of Pain,2,,
835132,2020-00099619,2020-12-07,1:42:00 PM,Pedestrian,1,,,,1,BUTLER AVE,ORIOLE AVE ,Joshua Cascione,225,7-Dec-20,"Two-Way , Not Divided",Dry,Daylight,Clear,Not a Collision Between Two Motor Vehicles in Transport,No,No Controls,2,1,Complains Of Pain,,41.83158,-71.38433
835309,2020-00100271,2020-12-10,12:29:00 PM,Pedestrian,1,,,,1,395 Admiral St,,James Annis,454,10-Dec-20,"Two-Way , Not Divided",Dry,Daylight,Clear,Not a Collision Between Two Motor Vehicles in Transport,No,No Controls,3,1,Complains Of Pain,,,
837114,2020-00100649,2020-12-11,9:06:00 PM,Pedestrian,1,,,,1,CARTER ST,ELMWOOD AVE ,Irvin Torres,346,10-Jan-21,"Two-Way , Not Divided",Dry,Dark - Lighted,Clear,Other,No,No Controls,2,1,Complains Of Pain,,41.8002,-71.42657
835508,2020-00101314,2020-12-14,5:38:00 PM,Pedestrian,1,,,,1,broad st,BROAD ST ,Ptlw. Levesque,248,14-Dec-20,"Two-Way , Not Divided",Wet,Daylight,Rain,Not a Collision Between Two Motor Vehicles in Transport,"Yes, M/V and Driver Left Scene",No Controls,1,1,Complains Of Pain,,41.79944,-71.4162
835571,2020-00101418,2020-12-15,9:26:00 AM,Pedestrian,1,,,,1,OLNEYVILLE SQ,MANTON AVE ,Luis Taveras,399,15-Dec-20,"Two-Way, Divided, Unprotected (painted>4feet) Medium",Dry,Daylight,Clear,Head-On (Front - to - Front),"Yes, M/V and Driver Left Scene",No Controls,1,1,Complains Of Pain,,41.81698,-71.44358
836068,2020-00102818,2020-12-21,12:47:00 PM,Pedestrian,1,,,,1,spruce st,ACORN ST ,David Schiavulli,651,21-Dec-20,"Two-Way , Not Divided",Dry,Daylight,Clear,Other,No,No Controls,3,1,Complains Of Pain,,41.82438,-71.42796
836212,2020-00103454,2020-12-24,6:47:00 AM,Pedestrian,1,,,,1,DIKE ST,TROY ST ,Joshua Cascione,225,24-Dec-20,"Two-Way , Not Divided",Dry,Daylight,Clear,Not a Collision Between Two Motor Vehicles in Transport,"Yes, M/V and Driver Left Scene",No Controls,1,1,Complains Of Pain,,41.81565,-71.44175