CrashReportId,ReportNumber,CrashDate,CrashTime,Collision Type,CountPedestrian,CountBicycle,Scooter,Wheel Chair,NumberofVehicles,StreetOrHighway,NearestIntersection,Officer,Badge,ReportDate,TypeOfRoadway,RoadSurfaceCondition,LightCondition,WeatherCondition,MannerofImpact,HitAndRun,TrafficControl,PersonCount,InjuryCount,MostSeriousInjury,NumberOfLanes,Latitude,Longitude
836659,2021-00000541,2021-01-03,1:36:00 PM,Pedestrian,1,,,X,1,Glenbridge Ave,MANTON AVE ,Juan Rodrigues,194,3-Jan-21,"Two-Way, Divided, Unprotected (painted>4feet) Medium",Dry,Daylight,Clear,Angle (Front - to - Side) Right Angle (Includes Broadside),No,Traffic Control Signal,3,1,Complains Of Pain,,41.8259,-71.45828
837006,2021-00001721,2021-01-08,8:19:00 PM,Bicycle,,,,,2,BROADWAY,VINTON ST ,Joseph Lopes,227,8-Jan-21,"Two-Way , Not Divided",Dry,Dark - Lighted,Clear,Angle (Front - to - Side) Same Direction,No,No Controls,4,1,Non-Incapacitating,,41.82007,-71.42819
837289,2021-00002805,2021-01-13,11:48:00 AM,Pedestrian,1,,,X,1,ELMWOOD AVE,LENOX AVE ,Albert Deschamps,527,13-Jan-21,"Two-Way, Divided, Positive Median Barrier",Dry,Daylight,Clear,Not a Collision Between Two Motor Vehicles in Transport,No,Stop Signs,3,1,Non-Incapacitating,,41.7952,-71.42474
838538,2021-00003937,2021-01-18,3:12:00 AM,Pedestrian,1,,,,1,Pocasset ave,PLAINFIELD ST ,Andrew Calle,574,18-Jan-21,Unknown,Dry,Dark - Lighted,Clear,Other,"Yes, M/V and Driver Left Scene",No Controls,1,1,Complains Of Pain,,41.8137,-71.44794
838622,2021-00004229,2021-01-19,2:28:00 PM,Pedestrian,1,,,,1,BROAD ST,HARVARD AVE ,Donald Castigliego,287,19-Jan-21,"Two-Way , Not Divided",Dry,Daylight,Clear,Not a Collision Between Two Motor Vehicles in Transport,No,No Controls,3,1,Complains Of Pain,,41.80856,-71.42067
838630,2021-00004272,2021-01-19,5:55:00 PM,Pedestrian,1,,,,1,BROAD ST,CHESTNUT ST ,Donald Castigliego,287,19-Jan-21,"Two-Way , Not Divided",Wet,Dark - Lighted,Cloudy,Not a Collision Between Two Motor Vehicles in Transport,No,Traffic Control Signal,6,1,Complains Of Pain,,41.82003,-71.41432
838746,2021-00004475,2021-01-20,4:11:00 PM,Pedestrian,1,,,,1,CUSTOM HOUSE ST,DYER ST ,Vincent Lopez,219,21-Jan-21,"Two-Way , Not Divided",Dry,Daylight,Clear,Not a Collision Between Two Motor Vehicles in Transport,No,No Controls,3,0,No Injury,,41.8242,-71.40843
839629,2021-00007609,2021-02-02,6:02:00 PM,Pedestrian,1,,,,1,CYR ST,BROAD STREET,Donald Castigliego,287,2-Feb-21,"Two-Way , Not Divided",Dry,Dark - Lighted,Cloudy,Not a Collision Between Two Motor Vehicles in Transport,"Yes, M/V and Driver Left Scene",No Controls,1,0,No Injury,,41.78697,-71.40245
839631,2021-00007630,2021-02-02,7:54:00 PM,Pedestrian,1,,,,1,BRIDGHAM ST,ELMWOOD AVE ,Deanna Johnson,408,2-Feb-21,"Two-Way, Not Divided With a Continuous Left Turn Lane",Dry,Dark - Lighted,Clear,Not a Collision Between Two Motor Vehicles in Transport,"Yes, M/V and Driver Left Scene",Traffic Control Signal,2,1,Complains Of Pain,,41.81277,-71.42219
839700,2021-00007839,2021-02-03,7:21:00 PM,Pedestrian,1,,,,1,WESTMINSTER ST,WESTMINSTER ST EXIT ,Donald Castigliego,287,3-Feb-21,"Two-Way , Not Divided",Sand,Dark - Not Lighted,Cloudy,Not a Collision Between Two Motor Vehicles in Transport,No,No Controls,2,1,Non-Incapacitating,,41.81598,-71.43959
839740,2021-00008060,2021-02-04,5:46:00 PM,Pedestrian,1,,,,1,Broadway,KNIGHT ST ,Christopher Castagliuolo,351,4-Feb-21,"Two-Way , Not Divided",Dry,Dark - Lighted,Clear,Not a Collision Between Two Motor Vehicles in Transport,"Yes, M/V and Driver Left Scene",Traffic Control Signal,3,1,Incapacitating,,41.8198,-71.42936
841122,2021-00009239,2021-02-09,8:03:00 PM,Pedestrian,1,,,,1,CHARLES ST,CHARLES ST ,Donald Castigliego,287,9-Feb-21,One-Way Trafficway,Wet,Dark - Lighted,"Sleet, Hail (Freezing Rain or Drizzle)",Not a Collision Between Two Motor Vehicles in Transport,"Yes, M/V and Driver Left Scene",No Controls,1,1,Complains Of Pain,,41.83673,-71.41283
844340,2021-00012715,2021-02-24,6:58:00 PM,Pedestrian,1,,,,1,WESTMINSTER ST,HAMMOND ST ,Cory Vingi,237,24-Feb-21,"Two-Way , Not Divided",Dry,Dark - Lighted,Clear,Not a Collision Between Two Motor Vehicles in Transport,No,No Controls,2,1,Non-Incapacitating,,41.81681,-71.42939
844417,2021-00013130,2021-02-26,10:02:00 AM,Pedestrian,1,,,,1,PLAINFIELD ST,MERINO ST ,Joshua Cascione,225,26-Feb-21,"Two-Way , Not Divided",Dry,Daylight,Clear,Not a Collision Between Two Motor Vehicles in Transport,No,No Controls,3,1,Incapacitating,,41.81294,-71.45733
844423,2021-00013154,2021-02-26,12:34:00 PM,Pedestrian,2,,,,1,Bridgham St,Westminster St,James Annis,454,26-Feb-21,"Two-Way , Not Divided",Dry,Daylight,Clear,Not a Collision Between Two Motor Vehicles in Transport,"Yes, M/V and Driver Left Scene",Traffic Control Signal,3,2,Complains Of Pain,2,,
844466,2021-00013482,2021-02-27,12:44:00 PM,Pedestrian,1,,,,1,ACADEMY AVE,HEALTH AVE ,Joshua Cascione,225,27-Feb-21,"Two-Way , Not Divided",Wet,Daylight,Rain,Not a Collision Between Two Motor Vehicles in Transport,"Yes, M/V and Driver Left Scene",No Controls,2,1,Complains Of Pain,,41.82753,-71.44376
844485,2021-00013540,2021-02-27,5:04:00 PM,Pedestrian,1,,,,1,WESTMINSTER ST,CAHIR ST ,Donald Castigliego,287,27-Feb-21,"Two-Way , Not Divided",Wet,Daylight,Cloudy,Not a Collision Between Two Motor Vehicles in Transport,No,Traffic Control Signal,3,1,Complains Of Pain,,41.81822,-71.42018
844595,2021-00014074,2021-03-01,6:44:00 PM,Pedestrian,1,,,,1,SMITH ST,NELSON ST ,Christopher Castagliuolo,351,1-Mar-21,"Two-Way , Not Divided",Dry,Dark - Lighted,Clear,Not a Collision Between Two Motor Vehicles in Transport,No,Pavement Markings,4,1,Non-Incapacitating,,41.84214,-71.44412
844644,2021-00014244,2021-03-02,6:32:00 AM,Pedestrian,1,,,,1,West River St,CHARLES ST ,Lucas Ramalho,507,2-Mar-21,"Two-Way , Not Divided",Dry,Daylight,Clear,Not a Collision Between Two Motor Vehicles in Transport,No,No Controls,3,1,Complains Of Pain,,41.8399,-71.41617
844784,2021-00014611,2021-03-03,3:23:00 PM,Pedestrian,1,,,,1,BLACKSTONE ST,CULVER ST ,Christopher Castagliuolo,351,3-Mar-21,"Two-Way , Not Divided",Dry,Daylight,Clear,Not a Collision Between Two Motor Vehicles in Transport,No,Stop Signs,2,1,Complains Of Pain,,41.80993,-71.4085
844829,2021-00014769,2021-03-04,8:25:00 AM,Pedestrian,1,,,,1,BRANCH AVE,TOURO ST ,Joshua Cascione,225,4-Mar-21,"Two-Way , Not Divided",Dry,Daylight,Clear,Not a Collision Between Two Motor Vehicles in Transport,No,No Controls,3,1,Complains Of Pain,,41.84999,-71.41935
844862,2021-00014873,2021-03-04,4:02:00 PM,Pedestrian,1,,,,1,Waldo Street,CRANSTON ST ,John Najarian,417,4-Mar-21,"Two-Way , Not Divided",Dry,Daylight,Clear,Other,No,No Controls,6,1,Complains Of Pain,,41.80635,-71.43632
844867,2021-00013551,2021-03-04,4:58:00 PM,Pedestrian,1,,,,1,ANGELL ST,WAYLAND AVE ,Robert Carlin,309,4-Mar-21,"Two-Way , Not Divided",Dry,Daylight,Clear,Head-On (Front - to - Front),"Yes, M/V and Driver Left Scene",Traffic Control Signal,1,1,Complains Of Pain,,41.83015,-71.38792
845096,2021-00015458,2021-03-06,5:56:00 PM,Pedestrian,1,,,,1,BROAD ST,CAHIR ST ,Christopher Castagliuolo,351,6-Mar-21,"Two-Way , Not Divided",Dry,Dark - Lighted,Clear,Not a Collision Between Two Motor Vehicles in Transport,"Yes, M/V and Driver Left Scene",Traffic Control Signal,1,1,Non-Incapacitating,,41.81692,-71.41795
845231,2021-00015912,2021-03-08,12:28:00 PM,Pedestrian,2,,,,1,MANTON AVE,ALEPPO ST ,Joseph Lopes,227,8-Mar-21,"Two-Way , Not Divided",Dry,Daylight,Clear,Not a Collision Between Two Motor Vehicles in Transport,"Yes, M/V and Driver Left Scene",No Controls,2,1,Incapacitating,,41.81932,-71.4462
845577,2021-00017084,2021-03-12,3:10:00 PM,Pedestrian,1,,,,1,257 THAYER ST,EUCLID AVE ,Cameron Clift,524,12-Mar-21,One-Way Trafficway,Dry,Daylight,Clear,Not a Collision Between Two Motor Vehicles in Transport,No,No Controls,2,0,No Injury,1,41.82868,-71.40073
848085,2021-00018998,2021-03-19,4:49:00 PM,Pedestrian,1,,,,1,165 Windmill St,Smart ST ,Christopher Castagliuolo,351,19-Mar-21,"Two-Way , Not Divided",Dry,Daylight,Clear,Not a Collision Between Two Motor Vehicles in Transport,No,Stop Signs,3,1,Non-Incapacitating,,41.85799,-71.41766
848228,2021-00019548,2021-03-21,3:20:00 PM,Bicycle,,1,,,1,BAKER ST,OCONNOR ST ,Christopher Castagliuolo,351,21-Mar-21,"Two-Way , Not Divided",Dry,Daylight,Clear,Not a Collision Between Two Motor Vehicles in Transport,"Yes, M/V and Driver Left Scene",No Controls,1,1,Non-Incapacitating,,41.79266,-71.40576
848292,2021-00019839,2021-03-22,4:02:00 PM,Pedestrian,1,,,,1,CANAL ST,SMITH ST ,Robert Gaudiana,579,22-Mar-21,One-Way Trafficway,Dry,Daylight,Clear,Not a Collision Between Two Motor Vehicles in Transport,No,No Controls,2,0,No Injury,,41.83185,-71.41131
848391,2021-00020078,2021-03-23,2:19:00 PM,Other,,1,,,1,N MAIN STREET,7TH ST ,Dormica Waters,427,24-Mar-21,"Two-Way, Divided, Positive Median Barrier",Dry,Daylight,Clear,Not a Collision Between Two Motor Vehicles in Transport,No,No Controls,2,0,No Injury,,41.85416,-71.40056
848492,2021-00020770,2021-03-25,8:47:00 PM,Pedestrian,1,,,,1,MEMORIAL BLVD,FRANCIS ST ,Christopher Castagliuolo,351,25-Mar-21,"Two-Way , Not Divided",Dry,Dark - Lighted,Clear,Not a Collision Between Two Motor Vehicles in Transport,No,Traffic Control Signal,3,1,Complains Of Pain,,41.82577,-71.41527
848583,2021-00021065,2021-03-26,8:30:00 PM,Pedestrian,1,,,,1,W RIVER ST,BRANCH AVE ,Cory Vingi,237,26-Mar-21,"Two-Way , Not Divided",Dry,Dark - Lighted,Clear,Not a Collision Between Two Motor Vehicles in Transport,"Yes, M/V and Driver Left Scene",No Controls,1,1,Complains Of Pain,,41.84598,-71.41326
848640,2021-00021229,2021-03-27,11:53:00 AM,Pedestrian,1,,,,1,850 Manton Ave ,MANTON CT ,James Annis,454,27-Mar-21,"Two-Way , Not Divided",Dry,Daylight,Clear,Not a Collision Between Two Motor Vehicles in Transport,"Yes, M/V and Driver Left Scene",Unknown,1,1,Complains Of Pain,2,41.83358,-71.46604
848788,2021-00021816,2021-03-29,12:54:00 PM,Pedestrian,1,,,,1,WASHINGTON ST,DAVE GAVITT WAY,Joshua Cascione,225,29-Mar-21,"Two-Way , Not Divided",Dry,Daylight,Clear,Not a Collision Between Two Motor Vehicles in Transport,No,Traffic Control Signal,3,1,Complains Of Pain,,41.82022,-71.41883
848792,2021-00021818,2021-03-29,12:56:00 PM,Pedestrian,1,,,,1,ORMS ST,SMITH ST ,Kaitlin Coogan,234,29-Mar-21,"Two-Way , Not Divided",Dry,Daylight,Clear,Not a Collision Between Two Motor Vehicles in Transport,"Yes, M/V and Driver Left Scene",No Controls,1,1,Complains Of Pain,,41.83376,-71.422
848959,2021-00022443,2021-03-31,3:04:00 PM,Bicycle,,1,,,1,BROOK ST,WILLIAMS ST ,SERGEANT MICHAEL R. TROIA / PATROL BUREAU,60,31-Mar-21,"Two-Way , Not Divided",Dry,Daylight,Clear,Angle (Front - to - Side) Right Angle (Includes Broadside),No,Stop Signs,3,1,Complains Of Pain,2,41.82248,-71.3986
848969,2021-00022522,2021-03-31,7:57:00 PM,Pedestrian,1,,,,1,PLAINFIELD ST,WEBSTER AVE ,William Sherrill,363,31-Mar-21,"Two-Way, Divided, Unprotected (painted>4feet) Medium",Wet,Dark - Lighted,Rain,Head-On (Front - to - Front),"Yes, M/V and Driver Left Scene",Traffic Control Signal,1,1,Complains Of Pain,,41.81366,-71.45081
849204,2021-00023539,2021-04-04,4:35:00 PM,Pedestrian,1,,,,1,ACADEMY AVENUE,NEWARK ST ,Gargar Grimes,323,4-Apr-21,"Two-Way, Divided, Unprotected (painted>4feet) Medium",Dry,Daylight,Clear,Not a Collision Between Two Motor Vehicles in Transport,No,No Controls,2,1,Complains Of Pain,,41.82544,-71.4434
849334,2021-00023979,2021-04-06,11:49:00 AM,Bicycle,,1,,,1,VALLEY ST ,HAROLD ST ,Joseph Lopes,227,6-Apr-21,"Two-Way , Not Divided",Dry,Daylight,Clear,Not a Collision Between Two Motor Vehicles in Transport,No,Stop Signs,2,1,Non-Incapacitating,,41.8269,-71.43756
849373,2021-00024109,2021-04-06,8:00:00 PM,Bicycle,,1,,,1,72 Goddard St,CANDACE ST ,Kyle Endres,220,6-Apr-21,"Two-Way , Not Divided",Dry,Dark - Lighted,Clear,Not a Collision Between Two Motor Vehicles in Transport,No,No Controls,3,1,Incapacitating,,41.83463,-71.42069
849381,2021-00024127,2021-04-06,8:52:00 PM,Pedestrian,1,,X,,1,BROAD ST,FRICKER ST ,Christopher Castagliuolo,351,6-Apr-21,"Two-Way , Not Divided",Dry,Dark - Lighted,Clear,Not a Collision Between Two Motor Vehicles in Transport,No,Pavement Markings,2,1,Non-Incapacitating,,41.81528,-71.42066
849419,2021-00024374,2021-04-07,5:38:00 PM,Bicycle,,1,,,1,NORTH MAIN STREET,CHURCH ST ,Donald Castigliego,287,7-Apr-21,One-Way Trafficway,Dry,Daylight,Clear,Not a Collision Between Two Motor Vehicles in Transport,No,No Controls,6,1,Non-Incapacitating,,41.83071,-71.41035
849507,2021-00024636,2021-04-08,5:21:00 PM,Bicycle,,1,,,1,FLORAL AVE,CLADRASH'S AVE ,Jason Cotugno,173,8-Apr-21,"Two-Way , Not Divided",Dry,Daylight,Clear,Not a Collision Between Two Motor Vehicles in Transport,"Yes, M/V and Driver Left Scene",No Controls,2,1,Non-Incapacitating,2,41.78419,-71.40703
849644,2021-00025843,2021-04-12,2:57:00 PM,Bicycle,,1,,,1,BROAD ST,BROAD ST ,Ptlm. Castagliuolo,351,12-Apr-21,"Two-Way , Not Divided",Dry,Daylight,Clear,Not a Collision Between Two Motor Vehicles in Transport,No,Pavement Markings,3,0,No Injury,,41.79929,-71.41603
849748,2021-00026388,2021-04-14,4:05:00 PM,Bicycle,,1,,,1,CLEVELAND ST,LAUREL HILL AVE ,Ptlm. Castagliuolo,351,14-Apr-21,"Two-Way , Not Divided",Dry,Daylight,Clear,Not a Collision Between Two Motor Vehicles in Transport,No,No Controls,2,1,Non-Incapacitating,,41.81587,-71.45588
849752,2021-00026429,2021-04-14,6:07:00 PM,Bicycle,,1,,,1,VANDEWATER ST,BRANCH AVE ,Donald Castigliego,287,14-Apr-21,"Two-Way , Not Divided",Dry,Daylight,Clear,Not a Collision Between Two Motor Vehicles in Transport,No,No Controls,4,1,Complains Of Pain,,41.85367,-71.42883
849775,2021-00026593,2021-04-15,11:25:00 AM,Pedestrian,1,,,,1,BLACKSTONE ST,EDDY ST ,Erick Fernandez,228,15-Apr-21,"Two-Way , Not Divided",Dry,Daylight,Cloudy,Not a Collision Between Two Motor Vehicles in Transport,No,No Controls,2,1,Complains Of Pain,,41.81013,-71.40722
849821,2021-00266511,2021-04-15,3:25:00 PM,Pedestrian,1,,,,1,PUBLIC ST,BROAD ST ,Erick Fernandez,228,16-Apr-21,"Two-Way , Not Divided",Dry,Daylight,Cloudy,Not a Collision Between Two Motor Vehicles in Transport,"Yes, M/V and Driver Left Scene",No Controls,1,1,Complains Of Pain,,41.80442,-71.41935
850109,2021-00028029,2021-04-20,2:43:00 PM,Pedestrian,1,,,,1,DEXTER ST,CRANSTON ST ,Ptlm. Castagliuolo,351,20-Apr-21,"Two-Way , Not Divided",Dry,Daylight,Clear,Not a Collision Between Two Motor Vehicles in Transport,No,No Controls,2,1,Non-Incapacitating,,41.81267,-71.42962
850123,2021-00027994,2021-04-20,12:19:00 PM,Bicycle,,1,,,1,5 BRANCH AVE,DRYDEN LN ,Jin O,147,20-Apr-21,"Two-Way , Not Divided",Dry,Daylight,Clear,Not a Collision Between Two Motor Vehicles in Transport,No,No Controls,3,0,No Injury,2,41.84252,-71.4083
850258,2021-00028524,2021-04-22,12:39:00 PM,Pedestrian,1,,,,1,LISI LN,LANGDON ST ,Robert Gaudiana,579,22-Apr-21,"Two-Way , Not Divided",Dry,Daylight,Clear,Not a Collision Between Two Motor Vehicles in Transport,No,No Controls,3,1,Complains Of Pain,,41.85832,-71.42405
850317,2021-00029143,2021-04-24,2:30:00 PM,Pedestrian,2,,,,1,WAVERLY ST,KENWOOD ST ,Thiago Gomes,532,24-Apr-21,"Two-Way , Not Divided",Dry,Daylight,Clear,Not a Collision Between Two Motor Vehicles in Transport,No,No Controls,4,1,Non-Incapacitating,2,41.80888,-71.43569
850500,2021-00029967,2021-04-27,2:24:00 PM,Bicycle,,1,,,1,VALLEY ST,HEMLOCK ST ,Ptlm.  Elie,167,27-Apr-21,"Two-Way , Not Divided",Dry,Daylight,Clear,Angle (Front - to - Side) Right Angle (Includes Broadside),No,Stop Signs,3,1,Complains Of Pain,,41.83044,-71.43051
851034,2021-00031881,2021-05-04,9:13:00 AM,Pedestrian,1,,,,1,35 TERMINAL RD,,Joshua Cascione,225,4-May-21,"Two-Way , Not Divided",Wet,Daylight,Rain,Not a Collision Between Two Motor Vehicles in Transport,No,No Controls,2,1,Complains Of Pain,,,
851049,2021-00031943,2021-05-04,1:28:00 PM,Pedestrian,1,,,,1,601 N Main St,,James Annis,454,4-May-21,"Two-Way , Not Divided",Dry,Daylight,Cloudy,Not a Collision Between Two Motor Vehicles in Transport,"Yes, M/V and Driver Left Scene",No Controls,1,1,Complains Of Pain,,,
851095,2021-00032064,2021-05-04,8:59:00 PM,Pedestrian,1,,,,1,ATWELLS AVE AT DEAN ST,DEAN ST ,Kyle Endres,220,4-May-21,"Two-Way , Not Divided",Dry,Dark - Lighted,Clear,Not a Collision Between Two Motor Vehicles in Transport,No,Traffic Control Signal,3,1,Incapacitating,,41.82339,-71.4242
851151,2021-00032256,2021-05-05,5:10:00 PM,Pedestrian,1,,,,1,BROADWAY,EMPIRE ST ,Ptlm. Castagliuolo,351,5-May-21,"Two-Way , Not Divided",Wet,Daylight,Rain,Not a Collision Between Two Motor Vehicles in Transport,No,Pavement Markings,2,1,Complains Of Pain,,41.82257,-71.41747
851187,2021-00032379,2021-05-06,8:12:00 AM,Other,,,X,,1,POCASSET AVE,LOWELL AVE ,Joseph Lopes,227,6-May-21,"Two-Way , Not Divided",Dry,Daylight,Clear,Not a Collision Between Two Motor Vehicles in Transport,No,Stop Signs,2,1,Non-Incapacitating,,41.80976,-71.45478
851493,2021-00033569,2021-05-09,11:00:00 PM,Pedestrian,2,,,,1,160 Benedict St,CRANSTON ST ,Louis Prete,522,10-May-21,Unknown,Wet,Dark - Lighted,Rain,Not a Collision Between Two Motor Vehicles in Transport,"Yes, M/V and Driver Left Scene",No Controls,2,2,Complains Of Pain,,41.80585,-71.43835
851513,2021-00033659,2021-05-10,2:07:00 PM,Pedestrian,1,,,,1,POTTERS AVE,BROAD ST ,Joshua Cascione,225,10-May-21,"Two-Way , Not Divided",Dry,Daylight,Clear,Not a Collision Between Two Motor Vehicles in Transport,No,Traffic Control Signal,2,0,No Injury,,41.80297,-71.41891
851564,2021-00033844,2021-05-10,5:00:00 PM,Bicycle,1,,,,1,MERINO ST,EASTWOOD AVE ,Ivan Tavarez,204,11-May-21,"Two-Way , Not Divided",Dry,Daylight,Clear,Angle (Front - to - Side) Right Angle (Includes Broadside),"Yes, M/V and Driver Left Scene",No Controls,2,1,Complains Of Pain,,41.81504,-71.45787
851603,2021-00033945,2021-05-11,3:58:00 PM,Pedestrian,1,,,X,1,SORRENTO ST,WADSWORTH ST ,Abraham Lugo,525,11-May-21,"Two-Way , Not Divided",Dry,Daylight,Clear,Not a Collision Between Two Motor Vehicles in Transport,No,No Controls,2,1,Complains Of Pain,,41.80663,-71.43846
851670,2021-00034218,2021-05-12,3:26:00 PM,Bicycle,,1,,,1,Manton ave,TANYARD LN ,Jan Delle Johnson,529,12-May-21,"Two-Way, Divided, Unprotected (painted>4feet) Medium",Dry,Daylight,Clear,"Sideswipe, Same Direction",No,No Controls,3,1,Complains Of Pain,,41.81729,-71.44379
852927,2021-00035227,2021-05-15,7:44:00 PM,Pedestrian,1,,,,1,Lowell Ave,NYE ST ,Larissa Vadney,401,16-May-21,"Two-Way , Not Divided",Dry,Dark - Lighted,Clear,Not a Collision Between Two Motor Vehicles in Transport,"Yes, M/V and Driver Left Scene",No Controls,2,0,No Injury,,41.81648,-71.46019
852911,2021-00035510,2021-05-16,1:14:00 PM,Pedestrian,1,,,,1,325 VALLEY ST,TURNER ST ,Joshua Cascione,225,16-May-21,"Two-Way , Not Divided",Dry,Daylight,Cloudy,Not a Collision Between Two Motor Vehicles in Transport,No,No Controls,3,1,Complains Of Pain,,41.82588,-71.43896
853093,2021-00036782,2021-05-20,2:56:00 PM,Pedestrian,1,,,,1,CLARENCE ST,WEBSTER AVE ,Ptlm. Castagliuolo,351,20-May-21,"Two-Way , Not Divided",Dry,Daylight,Clear,Not a Collision Between Two Motor Vehicles in Transport,No,Pavement Markings,3,1,Complains Of Pain,,41.80999,-71.44906
853135,2021-00036868,2021-05-20,7:54:00 PM,Pedestrian,1,,,,1,Houghton St,Veazie St,Ptlm. Castagliuolo,351,20-May-21,"Two-Way , Not Divided",Dry,Daylight,Clear,Not a Collision Between Two Motor Vehicles in Transport,"Yes, M/V and Driver Left Scene",No Controls,1,1,Non-Incapacitating,,41.85651,-71.43483
853281,2021-00038230,2021-05-24,2:41:00 PM,Bicycle,,1,,,1,CAMP ST,DOYLE AVE ,Ptlm. Castagliuolo,351,24-May-21,"Two-Way , Not Divided",Dry,Daylight,Clear,Not a Collision Between Two Motor Vehicles in Transport,No,Stop Signs,2,1,Complains Of Pain,,41.8388,-71.40419
853283,2021-00038255,2021-05-24,4:23:00 PM,Pedestrian,1,,X,,1,N MAIN ST,DOYLE AVE ,Robert Gaudiana,579,24-May-21,"Two-Way , Not Divided",Dry,Daylight,Clear,Not a Collision Between Two Motor Vehicles in Transport,No,Traffic Control Signal,2,1,Complains Of Pain,,41.83835,-71.40923
853318,2021-00038522,2021-05-25,4:07:00 PM,Pedestrian,1,,,,1,WASHINGTON ST,EDDY ST ,Ptlm. Castagliuolo,351,25-May-21,"Two-Way , Not Divided",Dry,Daylight,Clear,Not a Collision Between Two Motor Vehicles in Transport,No,Pavement Markings,2,1,Non-Incapacitating,,41.82401,-71.4134
853375,2021-00038994,2021-05-27,10:44:00 AM,Pedestrian,1,,,,1,SMITH ST,ORMS ST ,Dormica Waters,427,27-May-21,"Two-Way , Not Divided",Dry,Daylight,Clear,Other,No,Traffic Control Signal,3,1,Complains Of Pain,,41.8338,-71.42207
853381,2021-00038964,2021-05-27,9:08:00 AM,Bicycle,,1,,,1,Ledge St,Silver Spring St,James Annis,454,27-May-21,"Two-Way , Not Divided",Dry,Daylight,Clear,Not a Collision Between Two Motor Vehicles in Transport,No,Stop Signs,5,1,Complains Of Pain,2,,
853479,2021-00039819,2021-05-30,12:19:00 AM,Pedestrian,1,,,,1,Francis Street,Fountain Street,Kristen Barth,247,30-May-21,"Two-Way , Not Divided",Wet,Dark - Lighted,Clear,Not a Collision Between Two Motor Vehicles in Transport,"Yes, M/V and Driver Left Scene",Traffic Control Signal,2,1,Incapacitating,,41.82492,-71.41462
853631,2021-00040764,2021-06-02,2:26:00 PM,Pedestrian,1,,,X,1,MANTON AVE,OLNEYVILLE SQ ,Donald Castigliego,287,2-Jun-21,"Two-Way, Divided, Positive Median Barrier",Dry,Daylight,Clear,Not a Collision Between Two Motor Vehicles in Transport,"Yes, M/V and Driver Left Scene",Pavement Markings,2,1,Complains Of Pain,,41.81677,-71.44322
853644,2021-00040792,2021-06-02,4:31:00 PM,Bicycle,,1,,,1,BROADWAY,WESTMINSTER ST ,Ryan Malloy,311,2-Jun-21,"Two-Way , Not Divided",Dry,Daylight,Clear,"Sideswipe, Same Direction",No,No Controls,2,1,Complains Of Pain,,41.81663,-71.44201
853666,2021-00041147,2021-06-03,6:36:00 PM,Pedestrian,1,,,,1,ROSEDALE ST,MESSER ST ,Kyle Endres,220,3-Jun-21,"Two-Way , Not Divided",Dry,Daylight,Clear,Not a Collision Between Two Motor Vehicles in Transport,No,No Controls,4,0,No Injury,,41.81038,-71.4356
853749,2021-00041681,2021-06-05,6:29:00 AM,Pedestrian,2,,,,1,CRANSTON ST,POTTERS AVE ,Victor Tavarez,564,5-Jun-21,"Two-Way, Divided, Unprotected (painted>4feet) Medium",Dry,Daylight,Clear,Not a Collision Between Two Motor Vehicles in Transport,"Yes, Driver Left Scene",No Controls,3,2,Incapacitating,2,41.80471,-71.43816
853801,2021-00042061,2021-06-06,1:53:00 AM,Pedestrian,1,,,,1,SILVER SPRING ST,CHARLES ST ,Daviniel Urizar,555,6-Jun-21,"Two-Way, Not Divided With a Continuous Left Turn Lane",Dry,Dark - Lighted,Clear,Not a Collision Between Two Motor Vehicles in Transport,"Yes, M/V and Driver Left Scene",Traffic Control Signal,3,1,Complains Of Pain,,41.84501,-71.41842
853952,2021-00042900,2021-06-08,7:13:00 PM,Bicycle,,1,,,1,CHAFFEE ST,BAILEY CT ,Cory Vingi,237,8-Jun-21,"Two-Way , Not Divided",Dry,Daylight,Clear,Not a Collision Between Two Motor Vehicles in Transport,No,No Controls,2,1,Non-Incapacitating,,41.81931,-71.44445
854148,2021-00044142,2021-06-12,10:48:00 PM,Pedestrian,1,,,,1,Broad Street,Stewart Street,Kristen Barth,247,12-Jun-21,"Two-Way , Not Divided",Dry,Dark - Lighted,Clear,Not a Collision Between Two Motor Vehicles in Transport,"Yes, M/V and Driver Left Scene",Traffic Control Signal,1,1,Complains Of Pain,,41.81692,-71.41795
854220,2021-00044667,2021-06-14,3:06:00 PM,Pedestrian,1,,,,1,River Ave.,Smith St.,Harrison Northup,232,14-Jun-21,"Two-Way , Not Divided",Wet,Daylight,Rain,Not a Collision Between Two Motor Vehicles in Transport,No,Traffic Control Signal,2,1,Complains Of Pain,,41.84058,-71.44055