CrashReportId,ReportNumber,CrashDate,CrashTime,Collision Type,CountPedestrian,CountBicycle,Scooter,Wheel Chair,NumberofVehicles,StreetOrHighway,NearestIntersection,Officer,Badge,ReportDate,TypeOfRoadway,RoadSurfaceCondition,LightCondition,WeatherCondition,MannerofImpact,HitAndRun,TrafficControl,PersonCount,InjuryCount,MostSeriousInjury,NumberOfLanes,Latitude,Longitude
854337,2021-00045787,2021-06-18,2:10:00 AM,Pedestrian,1,,,,1,51 Silver Spring Street,Charles Street,Kristen Barth,247,18-Jun-21,Unknown,Dry,Dark - Lighted,Clear,Not a Collision Between Two Motor Vehicles in Transport,"Yes, M/V and Driver Left Scene",No Controls,1,1,Incapacitating,,41.84501,-71.41842
854356,2021-00045997,2021-06-18,8:06:00 PM,Pedestrian,1,,,,1,FRANCIS ST,AMERICAN EXPRESS PLZ ,Jonathyn Pirolli,385,18-Jun-21,"Two-Way , Not Divided",Dry,Dark - Lighted,Clear,Head-On (Front - to - Front),"Yes, M/V and Driver Left Scene",No Controls,1,1,Complains Of Pain,,41.82745,-71.41541
854362,2021-00046060,2021-06-18,11:05:00 PM,Pedestrian,1,,,,1,Broad Street,Fricker Street,Kristen Barth,247,18-Jun-21,"Two-Way , Not Divided",Dry,Dark - Lighted,Clear,Not a Collision Between Two Motor Vehicles in Transport,"Yes, M/V and Driver Left Scene",No Controls,1,1,Complains Of Pain,,41.81528,-71.42066
854527,2021-00047173,2021-06-22,6:27:00 AM,Pedestrian,1,,,,1,PROMENADE ST,KINSLEY AVE ,Kyle Endres,220,22-Jun-21,"Two-Way , Not Divided",Dry,Daylight,Clear,Not a Collision Between Two Motor Vehicles in Transport,No,Stop Signs,2,1,Complains Of Pain,,41.82937,-71.4241
854593,2021-00047264,2021-06-22,2:03:00 PM,Pedestrian,1,,,,1,ABBOTT ST,ROYAL ST,Kyana Williams,426,23-Jun-21,One-Way Trafficway,Wet,Daylight,Rain,Not a Collision Between Two Motor Vehicles in Transport,No,No Controls,2,1,Complains Of Pain,,41.81911,-71.3893
854579,2021-00047465,2021-06-23,10:41:00 AM,Bicycle,,1,,,1,IRVING AVE,BLACKSTONE BLVD ,Joseph Lopes,227,23-Jun-21,"Two-Way, Divided, Positive Median Barrier",Dry,Daylight,Clear,Not a Collision Between Two Motor Vehicles in Transport,No,Pavement Markings,4,1,Incapacitating,,41.83413,-71.38419
854584,2021-00047491,2021-06-23,12:45:00 PM,Pedestrian,1,,,,1,POTTERS AVE,ELMWOOD AVE ,Michael Maycock,281,23-Jun-21,"Two-Way , Not Divided",Dry,Daylight,Clear,Not a Collision Between Two Motor Vehicles in Transport,No,Traffic Control Signal,3,1,Incapacitating,,41.80151,-71.42635
854647,2021-00047794,2021-06-24,1:21:00 PM,Pedestrian,1,,,,1,POTTERS AVE,BROAD ST ,Joseph Lopes,227,24-Jun-21,"Two-Way , Not Divided",Dry,Daylight,Clear,Not a Collision Between Two Motor Vehicles in Transport,No,Traffic Control Signal,4,1,Non-Incapacitating,,41.80297,-71.41891
854775,2021-00048689,2021-06-27,1:00:00 AM,Pedestrian,1,,,,1,POWER ST,POWER ST ,Shaolin Herr,556,27-Jun-21,One-Way Trafficway,Dry,Dark - Lighted,Clear,Not a Collision Between Two Motor Vehicles in Transport,"Yes, M/V and Driver Left Scene",No Controls,3,0,Unknown,,41.82266,-71.40536
854829,2021-00049173,2021-06-28,10:53:00 AM,Bicycle,,1,,,2,LENOX AVE,NIAGARA ST ,Joseph Lopes,227,28-Jun-21,"Two-Way , Not Divided",Dry,Daylight,Clear,Not a Collision Between Two Motor Vehicles in Transport,No,Stop Signs,4,2,Incapacitating,,41.79732,-71.41793
854911,2021-00049628,2021-06-29,10:44:00 PM,Bicycle,,1,,,1,Smith Street,Chalkstone Ave,Kristen Barth,247,29-Jun-21,"Two-Way , Not Divided",Dry,Dark - Lighted,Clear,Not a Collision Between Two Motor Vehicles in Transport,"Yes, M/V and Driver Left Scene",Traffic Control Signal,1,1,Complains Of Pain,,41.83521,-71.42565
854967,2021-00049820,2021-06-30,4:59:00 PM,Pedestrian,2,,X,,1,ATWELLS AVE,WEEDEN ST ,Ptlm. Castagliuolo,351,30-Jun-21,"Two-Way , Not Divided",Dry,Daylight,Clear,Not a Collision Between Two Motor Vehicles in Transport,"Yes, M/V and Driver Left Scene",No Controls,3,1,Non-Incapacitating,,41.8234,-71.42431
855177,2021-00051579,2021-07-06,3:04:00 PM,Bicycle,,1,,,1,CRANSTON ST,FRICKER ST ,Waldorf Pognon,501,6-Jul-21,"Two-Way , Not Divided",Dry,Daylight,Clear,Angle (Front - to - Side) Same Direction,No,No Controls,3,1,Complains Of Pain,2,41.81695,-71.4226
855180,2021-00051628,2021-07-06,5:54:00 PM,Pedestrian,1,,,,1,ATWELLS AVE,JULIAN ST ,Ptlm. Castagliuolo,351,6-Jul-21,"Two-Way , Not Divided",Dry,Daylight,Cloudy,Not a Collision Between Two Motor Vehicles in Transport,No,No Controls,3,1,Non-Incapacitating,,41.82484,-71.44448
855195,2021-00051736,2021-07-07,1:06:00 AM,Pedestrian,1,,,,1,Hartford Ave,Olneyville Sq,Kristen Barth,247,7-Jul-21,One-Way Trafficway,Dry,Dark - Lighted,Clear,Not a Collision Between Two Motor Vehicles in Transport,"Yes, M/V and Driver Left Scene",No Controls,1,1,Complains Of Pain,,41.81673,-71.44427
855272,2021-00052224,2021-07-08,6:50:00 PM,Pedestrian,1,,,,1,HAWKINS ST,BRANCH AVE ,Cory Vingi,237,8-Jul-21,"Two-Way , Not Divided",Wet,Dusk,Rain,Not a Collision Between Two Motor Vehicles in Transport,No,Traffic Control Signal,4,1,Incapacitating,,41.8509,-71.42142
855348,2021-00052687,2021-07-10,1:09:00 PM,Pedestrian,1,,,,1,CRANSTON ST,ALTHEA ST ,Jessica Leone,258,10-Jul-21,"Two-Way , Not Divided",Dry,Daylight,Clear,Not a Collision Between Two Motor Vehicles in Transport,No,No Controls,2,1,Complains Of Pain,,41.80773,-71.43508
855394,2021-00053018,2021-07-11,9:28:00 AM,Bicycle,,1,,,1,LEDGE ST,CHARLES ST ,Joshua Cascione,225,11-Jul-21,"Two-Way , Not Divided",Dry,Daylight,Cloudy,Not a Collision Between Two Motor Vehicles in Transport,"Yes, M/V and Driver Left Scene",No Controls,2,1,Complains Of Pain,,41.85325,-71.41996
855448,2021-00053426,2021-07-12,8:36:00 PM,Bicycle,,1,,,1,Broad St,Potters Ave,Gerry Kue,393,12-Jul-21,"Two-Way , Not Divided",Dry,Dark - Lighted,Clear,Angle (Front - to - Side) Right Angle (Includes Broadside),No,Traffic Control Signal,2,1,Complains Of Pain,,41.80297,-71.41891
855449,2021-00053420,2021-07-12,7:43:00 PM,Pedestrian,1,,,,1,BENEDICT ST,SORRENTO ST ,Ptlm. Castagliuolo,351,12-Jul-21,"Two-Way , Not Divided",Dry,Daylight,Cloudy,Not a Collision Between Two Motor Vehicles in Transport,"Yes, M/V and Driver Left Scene",No Controls,1,1,Complains Of Pain,,41.80607,-71.43881
855537,2021-00053909,2021-07-14,3:44:00 PM,Pedestrian,1,,,,1,ARLINGTON AVE,IRVING AVE ,Donald Castigliego,287,14-Jul-21,"Two-Way , Not Divided",Dry,Daylight,Clear,Not a Collision Between Two Motor Vehicles in Transport,"Yes, M/V and Driver Left Scene",No Controls,4,1,Incapacitating,,41.83169,-71.39327
855554,2021-00054039,2021-07-14,10:05:00 PM,Bicycle,,1,,,1,99 KENNEDY PLAZA,DORRANCE ST ,Cory Vingi,237,14-Jul-21,"Two-Way , Not Divided",Dry,Dark - Lighted,Clear,Unknown,"Yes, M/V and Driver Left Scene",No Controls,1,1,Complains Of Pain,,41.82428,-71.41216
855555,2021-00054045,2021-07-14,10:50:00 PM,Bicycle,,1,,,1,CRANSTON ST,DEXTER ST ,Cory Vingi,237,14-Jul-21,"Two-Way , Not Divided",Dry,Dark - Lighted,Clear,Unknown,"Yes, M/V and Driver Left Scene",No Controls,1,1,Non-Incapacitating,,41.81264,-71.42951
855638,2021-00054477,2021-07-16,1:29:00 PM,Pedestrian,1,,,,1,BRANCH AVE,OPPER ST ,Ybelis Gonzalez,376,16-Jul-21,"Two-Way, Divided, Unprotected (painted>4feet) Medium",Dry,Daylight,Clear,Not a Collision Between Two Motor Vehicles in Transport,No,Traffic Control Signal,2,1,Complains Of Pain,,41.85173,-71.42336
855639,2021-00054503,2021-07-16,2:49:00 PM,Pedestrian,1,1,,,2,BROAD ST,PEARL ST ,Ptlm. Castagliuolo,351,16-Jul-21,"Two-Way , Not Divided",Dry,Daylight,Clear,Not a Collision Between Two Motor Vehicles in Transport,"Yes, M/V and Driver Left Scene",No Controls,3,2,Incapacitating,,41.81475,-71.42095
855689,2021-00054654,2021-07-16,11:24:00 PM,Bicycle,,1,,,1,PLAINFIELD ST,WEBSTER AVE ,Cory Vingi,237,17-Jul-21,"Two-Way , Not Divided",Dry,Dark - Lighted,Clear,Angle (Front - to - Side) Right Angle (Includes Broadside),No,Traffic Control Signal,5,1,Fatal,,41.81366,-71.45082
855728,2021-00055317,2021-07-18,11:21:00 PM,Pedestrian,1,,,,1,451 SMITH ST,CHALKSTONE AVE ,Jose Deschamps,419,19-Jul-21,"Two-Way, Divided, Unprotected (painted>4feet) Medium",Dry,Dark - Lighted,Clear,Other,No,Traffic Control Signal,2,1,Fatal,,41.83531,-71.4259
855831,2021-00056008,2021-07-21,2:36:00 PM,Bicycle,,1,,,1,Cranston St,POTTERS AVE ,Guillermo Vargas,404,21-Jul-21,"Two-Way, Divided, Positive Median Barrier",Dry,Daylight,Clear,Other,No,No Controls,5,1,Complains Of Pain,,41.80506,-71.43777
855913,2021-00056773,2021-07-23,10:52:00 PM,Pedestrian,1,,,,1,HARTFORD AVE,BODELL AVE,Ibrahim Yousif,196,23-Jul-21,"Two-Way, Divided, Unprotected (painted>4feet) Medium",Wet,Dark - Lighted,Clear,Not a Collision Between Two Motor Vehicles in Transport,"Yes, M/V and Driver Left Scene",Traffic Control Signal,1,1,Complains Of Pain,,41.81768,-71.45395
855959,2021-00057086,2021-07-24,9:30:00 PM,Bicycle,,1,,,1,CHALKSTONE AVE,SMITH ST ,Andrew In,540,24-Jul-21,"Two-Way , Not Divided",Dry,Dark - Lighted,Clear,Not a Collision Between Two Motor Vehicles in Transport,"Yes, M/V and Driver Left Scene",Traffic Control Signal,1,0,No Injury,,41.83521,-71.42565
856179,2021-00058708,2021-07-30,8:55:00 PM,Pedestrian,1,,,,1,Broad Street,FRICKER ST ,John Najarian,417,30-Jul-21,"Two-Way , Not Divided",Dry,Dark - Lighted,Clear,Not a Collision Between Two Motor Vehicles in Transport,No,No Controls,3,1,Complains Of Pain,,41.81478,-71.42094
856204,2021-00058932,2021-07-31,1:04:00 PM,Pedestrian,1,,,,1,FREMONT ST,IVES ST ,Joseph Lopes,227,31-Jul-21,"Two-Way , Not Divided",Dry,Daylight,Clear,Not a Collision Between Two Motor Vehicles in Transport,No,Other,3,1,Non-Incapacitating,,41.82231,-71.39212
856207,2021-00058973,2021-07-31,4:09:00 PM,Other,,1,X,,1,LOCKWOOD ST,HAYWARD ST ,John Benros,481,31-Jul-21,Unknown,Dry,Daylight,Clear,Unknown,Unknown,Unknown,2,1,Complains Of Pain,,41.81473,-71.41935
856314,2021-00059735,2021-08-02,9:10:00 PM,Pedestrian,1,,,,1,BROAD ST,SACKETT ST ,Donald Castigliego,287,2-Aug-21,"Two-Way , Not Divided",Dry,Dark - Lighted,Clear,Not a Collision Between Two Motor Vehicles in Transport,No,Traffic Control Signal,4,1,Fatal,,41.79614,-71.4121
856367,2021-00059961,2021-08-03,5:04:00 PM,Bicycle,,1,,,1,Academy Ave,HEALTH AVE ,David Liu,318,3-Aug-21,"Two-Way , Not Divided",Dry,Daylight,Clear,Head-On (Front - to - Front),No,No Controls,4,1,Complains Of Pain,,41.82778,-71.4438
856439,2021-00060624,2021-08-06,9:38:00 AM,Pedestrian,1,,,,1,775 Cranston Street,,Thiago Gomes,532,6-Aug-21,Unknown,Dry,Daylight,Clear,Other,No,No Controls,3,1,Complains Of Pain,,,
856479,2021-00061019,2021-08-07,2:43:00 PM,Pedestrian,1,,,,1,N MAIN ST,DOYLE AVE ,Robert Gaudiana,579,7-Aug-21,"Two-Way, Divided, Positive Median Barrier",Dry,Daylight,Clear,Not a Collision Between Two Motor Vehicles in Transport,"Yes, M/V and Driver Left Scene",Traffic Control Signal,1,1,Complains Of Pain,,41.83823,-71.40925
856518,2021-00061484,2021-08-08,8:43:00 PM,Pedestrian,1,,,,1,24 MORNING STAR ROAD,,Donald Castigliego,287,8-Aug-21,"Two-Way , Not Divided",Dry,Dark - Lighted,Clear,Not a Collision Between Two Motor Vehicles in Transport,"Yes, M/V and Driver Left Scene",No Controls,1,1,Non-Incapacitating,,,
856563,2021-00061952,2021-08-10,1:46:00 PM,Pedestrian,1,,,,1,CUSHING ST,BROOK STREET,Raymond King,633,10-Aug-21,"Two-Way , Not Divided",Dry,Daylight,Clear,Head-On (Front - to - Front),No,Stop Signs,5,1,Complains Of Pain,2,41.83018,-71.39876
856619,2021-00062336,2021-08-11,7:39:00 PM,Pedestrian,1,,,,1,MEMORIAL BLVD,FRACIS STREET,Donald Castigliego,287,11-Aug-21,"Two-Way, Divided, Positive Median Barrier",Dry,Dusk,Clear,Not a Collision Between Two Motor Vehicles in Transport,No,Traffic Control Signal,3,1,Non-Incapacitating,,41.82578,-71.41524
856622,2021-00062361,2021-08-11,9:09:00 PM,Pedestrian,1,,,,1,ADELAIDE AVE,BROAD ST ,Donald Castigliego,287,11-Aug-21,"Two-Way , Not Divided",Dry,Dark - Lighted,Clear,Not a Collision Between Two Motor Vehicles in Transport,"Yes, M/V and Driver Left Scene",No Controls,2,1,Non-Incapacitating,,41.79871,-71.41591
856630,2021-00062416,2021-08-12,12:44:00 AM,Pedestrian,1,,,,1,NIANTIC AVE,,Damaris Sanchez,566,12-Aug-21,Unknown,Dry,Dark - Lighted,Clear,Other,No,No Controls,3,1,Complains Of Pain,,41.79468,-71.43867
856644,2021-00062484,2021-08-12,10:37:00 AM,Bicycle,,1,,,1,Blackstone Bluv,Upton Ave,James Annis,454,12-Aug-21,"Two-Way , Not Divided",Dry,Daylight,Clear,Not a Collision Between Two Motor Vehicles in Transport,"Yes, M/V and Driver Left Scene",No Controls,2,1,Complains Of Pain,2,,
856661,2021-00062557,2021-08-12,3:00:00 PM,Pedestrian,1,,,,2,CAMP ST,DOYLE AVE ,David Forte,518,12-Aug-21,"Two-Way , Not Divided",Dry,Daylight,Clear,Not a Collision Between Two Motor Vehicles in Transport,No,Stop Signs,4,0,No Injury,,41.83877,-71.4042
856699,2021-00062786,2021-08-13,10:00:00 AM,Pedestrian,1,,,,1,BROADWAY,VALLEY ST ,Juan Rodrigues,194,13-Aug-21,"Two-Way, Divided, Unprotected (painted>4feet) Medium",Dry,Daylight,Clear,Other,No,No Controls,2,1,Complains Of Pain,,41.81689,-71.44083
856729,2021-00063031,2021-08-14,1:53:00 AM,Pedestrian,1,,,,1,HAYES STREET,FRANCIS ST ,Sarita Fernandez,403,14-Aug-21,Unknown,Dry,Dark - Lighted,Clear,Not a Collision Between Two Motor Vehicles in Transport,"Yes, M/V and Driver Left Scene",No Controls,1,0,No Injury,2,41.82925,-71.41635
856789,2021-00063284,2021-08-14,9:13:00 PM,Pedestrian,1,,,,1,CRANSTON ST,HANOVER ST ,Cory Vingi,237,14-Aug-21,"Two-Way , Not Divided",Dry,Dark - Lighted,Clear,Not a Collision Between Two Motor Vehicles in Transport,No,Pavement Markings,3,1,Complains Of Pain,,41.80947,-71.43356
856850,2021-00063842,2021-08-16,4:05:00 PM,Bicycle,,1,,,1,BROAD ST,EARLY ST,Ptlm. Castagliuolo,351,16-Aug-21,"Two-Way , Not Divided",Dry,Daylight,Cloudy,Not a Collision Between Two Motor Vehicles in Transport,No,Pavement Markings,2,1,Complains Of Pain,,41.7955,-71.41131
856892,2021-00064051,2021-08-17,12:38:00 PM,Bicycle,,1,,,1,355 Reservoir Ave,PONTIAC AVE ,James Annis,454,17-Aug-21,"Two-Way , Not Divided",Dry,Daylight,Clear,Not a Collision Between Two Motor Vehicles in Transport,No,Traffic Control Signal,3,1,Complains Of Pain,3,41.78819,-71.43152
856893,2021-00064046,2021-08-17,12:20:00 PM,Pedestrian,1,,X,,1,BARBARA LEONARD WAY,N MAIN ST ,Jin O,147,17-Aug-21,"Two-Way , Not Divided",Dry,Daylight,Clear,Not a Collision Between Two Motor Vehicles in Transport,No,Traffic Control Signal,4,0,No Injury,2,41.84063,-71.40879
856906,2021-00064198,2021-08-17,9:58:00 PM,Bicycle,,1,,,1,BROAD ST,BAKER ST ,Cory Vingi,237,17-Aug-21,"Two-Way , Not Divided",Dry,Dark - Lighted,Clear,Not a Collision Between Two Motor Vehicles in Transport,"Yes, M/V and Driver Left Scene",Traffic Control Signal,4,1,Non-Incapacitating,,41.79275,-71.40789
856941,2021-00064389,2021-08-18,2:53:00 PM,Pedestrian,1,,,,1,ORMS ST,SMITH ST ,Ptlm. Castagliuolo,351,18-Aug-21,"Two-Way , Not Divided",Dry,Daylight,Clear,Not a Collision Between Two Motor Vehicles in Transport,No,Traffic Control Signal,4,1,Complains Of Pain,,41.83372,-71.42229
857149,2021-00065804,2021-08-23,12:31:00 PM,Pedestrian,1,,,,1,274 BENEFIT ST ,GEORGE ST ,Joseph Lopes,227,23-Aug-21,"Two-Way , Not Divided",Dry,Daylight,Clear,Not a Collision Between Two Motor Vehicles in Transport,"Yes, M/V and Driver Left Scene",No Controls,2,1,Complains Of Pain,,41.8251,-71.40615
857265,2021-00066517,2021-08-26,6:33:00 AM,Pedestrian,1,,,,1,CHAPIN AVE,PARADE ST ,Kyle Endres,220,26-Aug-21,"Two-Way , Not Divided",Dry,Daylight,Clear,Not a Collision Between Two Motor Vehicles in Transport,No,Stop Signs,2,1,Non-Incapacitating,,41.81189,-71.43122
857301,2021-00066678,2021-08-26,7:15:00 PM,Pedestrian,1,,,,1,BROAD ST,PARKIS AVE ,Donald Castigliego,287,26-Aug-21,"Two-Way , Not Divided",Dry,Dusk,Clear,Not a Collision Between Two Motor Vehicles in Transport,"Yes, M/V and Driver Left Scene",No Controls,1,1,Complains Of Pain,,41.80925,-71.42087
857475,2021-00067999,2021-08-30,5:15:00 PM,Pedestrian,1,,,,1,HOPE STREET,4TH ST ,Jan Delle Johnson,529,30-Aug-21,"Two-Way , Not Divided",Dry,Daylight,Clear,Not a Collision Between Two Motor Vehicles in Transport,No,No Controls,3,1,Complains Of Pain,,41.84909,-71.39498
857480,2021-00068031,2021-08-30,7:17:00 PM,Bicycle,,1,,,1,MEMORIAL BLVD,FRANCIS ST ,Ptlm. Castagliuolo,351,30-Aug-21,"Two-Way , Not Divided",Dry,Daylight,Clear,Not a Collision Between Two Motor Vehicles in Transport,No,Traffic Control Signal,2,1,Non-Incapacitating,,41.82577,-71.41527
857484,2021-00068064,2021-08-30,9:28:00 PM,Bicycle,,1,,,1,Cranston Street,DEXTER ST ,John Najarian,417,30-Aug-21,"Two-Way , Not Divided",Dry,Dark - Lighted,Clear,Not a Collision Between Two Motor Vehicles in Transport,No,Traffic Control Signal,2,0,No Injury,,41.81257,-71.42965
857498,2021-00068207,2021-08-31,12:45:00 PM,Bicycle,,1,,,1,BOWDITCH PL,DEAN ST ,David Schiavulli,651,31-Aug-21,"Two-Way , Not Divided",Dry,Daylight,Clear,Other,No,No Controls,2,1,Complains Of Pain,2,41.81988,-71.4213
857612,2021-00068792,2021-09-02,11:07:00 AM,Other,,,,,1,391 CHARLES ST ,SILVER SPRING ST ,Joseph Lopes,227,2-Sep-21,"Two-Way , Not Divided",Dry,Daylight,Clear,Not a Collision Between Two Motor Vehicles in Transport,No,No Controls,4,1,Complains Of Pain,,41.84476,-71.41869
857672,2021-00069228,2021-09-03,8:52:00 PM,Pedestrian,1,,X,,1,PLEASANT ST,PLEASANT CT ,Ptlm. Castagliuolo,351,3-Sep-21,One-Way Trafficway,Dry,Daylight,Clear,Not a Collision Between Two Motor Vehicles in Transport,"Yes, M/V and Driver Left Scene",Warning Signs,2,0,No Injury,,41.8396,-71.40514
857830,2021-00070843,2021-09-08,5:43:00 PM,Bicycle,,1,,,1,S WATER ST,,Miguel Castillo,489,8-Sep-21,One-Way Trafficway,Dry,Daylight,Clear,Angle - Direction Not Specified,No,Traffic Control Signal,2,1,Complains Of Pain,,41.81877,-71.4019
857914,2021-00071657,2021-09-11,10:38:00 AM,Pedestrian,1,,,,1,ATWELLS AVE,EAGLE ST ,Ptlm. Elie,167,11-Sep-21,Unknown,Dry,Daylight,Clear,Other,"Yes, M/V and Driver Left Scene",No Controls,1,0,No Injury,,41.82446,-71.4355
857917,2021-00071742,2021-09-11,4:36:00 PM,Pedestrian,1,,,,1,MEMORIAL BLVD,WASHINGTON ST ,Ralph Abenante,511,11-Sep-21,"Two-Way, Divided, Positive Median Barrier",Dry,Daylight,Clear,Other,No,Traffic Control Signal,3,1,Complains Of Pain,,41.82637,-71.41019
857938,2021-00072077,2021-09-12,1:15:00 PM,Bicycle,,1,,,1,Killingly st,PLAINFIELD ST ,Juan Rodrigues,194,12-Sep-21,"Two-Way, Divided, Unprotected (painted>4feet) Medium",Dry,Daylight,Clear,Not a Collision Between Two Motor Vehicles in Transport,No,No Controls,2,1,Complains Of Pain,,41.81313,-71.45946
857942,2021-00072108,2021-09-12,2:43:00 PM,Pedestrian,1,,,,1,1049 ATWELLS AVENUE,LYNCH ST ,Gargar Grimes,323,12-Sep-21,"Two-Way, Divided, Unprotected (painted>4feet) Medium",Dry,Daylight,Clear,Not a Collision Between Two Motor Vehicles in Transport,No,No Controls,3,1,Incapacitating,,41.82525,-71.45239
858004,2021-00072509,2021-09-13,9:57:00 PM,Pedestrian,1,,,,1,Douglas Ave,Fillmore St,Tyler Calandra,418,13-Sep-21,"Two-Way , Not Divided",Dry,Dark - Lighted,Clear,Other,No,No Controls,2,1,Complains Of Pain,,,
858005,2021-00072508,2021-09-13,9:43:00 PM,Pedestrian,1,,,,1,N MAIN ST,CEMETERY ST ,Robert Gaudiana,579,13-Sep-21,"Two-Way, Divided, Positive Median Barrier",Dry,Dark - Lighted,Clear,Other,"Yes, M/V and Driver Left Scene",No Controls,1,1,Complains Of Pain,,41.84859,-71.40405
858083,2021-00073048,2021-09-15,6:42:00 PM,Pedestrian,1,,,,1,CHARLES ST,W RIVER ST ,Jose Deschamps,419,15-Sep-21,"Two-Way, Divided, Unprotected (painted>4feet) Medium",Dry,Dark - Lighted,Clear,Not a Collision Between Two Motor Vehicles in Transport,No,Stop Signs,5,1,Incapacitating,,41.83961,-71.4164
858208,2021-00072988,2021-09-15,3:49:00 PM,Bicycle,,1,,,1,STEEPLE ST,CANAL ST ,Luis Pelaez,336,19-Sep-21,One-Way Trafficway,Dry,Daylight,Clear,Not a Collision Between Two Motor Vehicles in Transport,"Yes, M/V and Driver Left Scene",Traffic Control Signal,1,0,No Injury,,41.82718,-71.40991
858115,2021-00073384,2021-09-16,11:32:00 PM,Bicycle,,1,,,1,BENEVOLENT ST,BROOK ST ,Dayshantell Ramirez,571,17-Sep-21,"Two-Way , Not Divided",Dry,Dark - Lighted,Clear,Not a Collision Between Two Motor Vehicles in Transport,"Yes, M/V and Driver Left Scene",Stop Signs,1,1,Complains Of Pain,,41.8249,-71.39892
858172,2021-00074012,2021-09-18,9:15:00 PM,Bicycle,,1,,,1,THURBERS AVE,PRAIRIE AVE ,David Sepe,504,18-Sep-21,"Two-Way , Not Divided",Dry,Dark - Lighted,Clear,Angle (Front - to - Side) Right Angle (Includes Broadside),No,Traffic Control Signal,2,0,No Injury,,41.79873,-71.41191
858210,2021-00074319,2021-09-19,6:00:00 PM,Bicycle,,1,,,1,NORTH MAIN ST,DOYLE AVE ,Robert Carlin,309,19-Sep-21,"Two-Way, Divided, Positive Median Barrier",Dry,Daylight,Clear,Angle (Front - to - Side) Right Angle (Includes Broadside),No,Traffic Control Signal,9,1,Non-Incapacitating,,41.83835,-71.40923
858283,2021-00074624,2021-09-20,7:16:00 PM,Pedestrian,1,,,,1,BROAD ST,COLFAX ST,Ptlm. Castagliuolo,351,20-Sep-21,"Two-Way , Not Divided",Dry,Daylight,Clear,Not a Collision Between Two Motor Vehicles in Transport,"Yes, M/V and Driver Left Scene",No Controls,1,1,Complains Of Pain,,41.79888,-71.4155
858324,2021-00074793,2021-09-21,12:19:00 PM,Other,,,,,1,CHALKSTONE AVE,ROSEBANK AVE ,Joseph Lopes,227,21-Sep-21,"Two-Way , Not Divided",Dry,Daylight,Clear,Not a Collision Between Two Motor Vehicles in Transport,"Yes, M/V and Driver Left Scene",Stop Signs,3,1,Non-Incapacitating,,41.8339,-71.43335
858444,2021-00075271,2021-09-23,5:43:00 AM,Pedestrian,1,,,,1,Grosvenor Ave,Chalkstone Ave,Kristen Barth,247,23-Sep-21,"Two-Way , Not Divided",Dry,Dark - Lighted,Clear,Not a Collision Between Two Motor Vehicles in Transport,No,Stop Signs,3,1,Complains Of Pain,,41.83239,-71.43954
860540,2021-00076560,2021-09-27,7:26:00 AM,Pedestrian,1,,,,1,ATWELLS AVE,BRADFORD ST ,Joshua Cascione,225,27-Sep-21,"Two-Way , Not Divided",Dry,Daylight,Clear,Not a Collision Between Two Motor Vehicles in Transport,No,Flashing Traffic Control Signal,4,1,Incapacitating,,41.82324,-71.42195
860604,2021-00076823,2021-09-27,10:22:00 PM,Pedestrian,1,,,,1,Plain St,PUBLIC ST ,Anthony Moore,390,27-Sep-21,"Two-Way , Not Divided",Dry,Dark - Lighted,Clear,Unknown,"Yes, M/V and Driver Left Scene",Stop Signs,1,1,Non-Incapacitating,,41.80666,-71.40998
860829,2021-00077860,2021-10-01,4:53:00 PM,Pedestrian,1,,,,1,FRANCIS ST,GASPEE ST ,Albert Deschamps,527,1-Oct-21,"Two-Way, Divided, Positive Median Barrier",Dry,Daylight,Clear,Not a Collision Between Two Motor Vehicles in Transport,No,Traffic Control Signal,2,0,No Injury,,41.82897,-71.4153
860830,2021-00077859,2021-10-01,4:48:00 PM,Pedestrian,1,,,,1,EXIT 22A (RT ),FRANCIS ST ,Jeann Lugo,543,1-Oct-21,"Two-Way, Divided, Positive Median Barrier",Dry,Daylight,Clear,Not a Collision Between Two Motor Vehicles in Transport,"Yes, M/V and Driver Left Scene",Traffic Control Signal,1,1,Complains Of Pain,,41.82577,-71.41527
860837,2021-00077930,2021-10-01,8:40:00 PM,Bicycle,,1,,,1,WESTMINSTER ST,BATTEY ST ,Donald Castigliego,287,1-Oct-21,"Two-Way , Not Divided",Dry,Dark - Lighted,Clear,Not a Collision Between Two Motor Vehicles in Transport,"Yes, M/V and Driver Left Scene",No Controls,2,1,Incapacitating,,41.81724,-71.42463
860842,2021-00077965,2021-10-01,10:36:00 PM,Pedestrian,1,,,,1,Smith st,CHALKSTONE AVE ,Yesenia Caba,549,2-Oct-21,"Two-Way , Not Divided",Dry,Dark - Lighted,Clear,Not a Collision Between Two Motor Vehicles in Transport,No,Traffic Control Signal,2,1,Complains Of Pain,,41.83521,-71.42565