CrashReportId,ReportNumber,CrashDate,CrashTime,Collision Type,CountPedestrian,CountBicycle,Scooter,Wheel Chair,NumberofVehicles,StreetOrHighway,NearestIntersection,Officer,Badge,ReportDate,TypeOfRoadway,RoadSurfaceCondition,LightCondition,WeatherCondition,MannerofImpact,HitAndRun,TrafficControl,PersonCount,InjuryCount,MostSeriousInjury,NumberOfLanes,Latitude,Longitude
860857,2021-00078182,2021-10-02,3:46:00 PM,Pedestrian,1,,,,1,DOUGLAS AVE,WHIPPLE ST ,Ptlm. Castagliuolo,351,2-Oct-21,"Two-Way , Not Divided",Dry,Daylight,Clear,Not a Collision Between Two Motor Vehicles in Transport,No,Pavement Markings,2,1,Non-Incapacitating,,41.83685,-71.42154
861020,2021-00079131,2021-10-05,7:09:00 PM,Bicycle,,1,,,1,VALLEY ST,RIVER AVE ,Gargar Grimes,323,5-Oct-21,"Two-Way, Divided, Unprotected (painted>4feet) Medium",Dry,Dark - Lighted,Clear,Not a Collision Between Two Motor Vehicles in Transport,"Yes, M/V and Driver Left Scene",No Controls,1,1,Complains Of Pain,,41.82796,-71.43516
861146,2021-00079959,2021-10-08,6:32:00 PM,Pedestrian,1,,X,,2,COLLEGE ST,SOUTH MAIN ST,Ptlm. Castagliuolo,351,8-Oct-21,"Two-Way , Not Divided",Dry,Daylight,Clear,"Sideswipe, Same Direction","Yes, M/V and Driver Left Scene",Pavement Markings,6,1,Non-Incapacitating,,41.82564,-71.40785
861288,2021-00081181,2021-10-12,7:02:00 PM,Pedestrian,1,,,,1,ELMWOOD AVE,DARTMOUTH AVE ,Donald Castigliego,287,12-Oct-21,"Two-Way , Not Divided",Dry,Dark - Lighted,Clear,Not a Collision Between Two Motor Vehicles in Transport,No,No Controls,2,0,No Injury,,41.80839,-71.42469
861308,2021-00081362,2021-10-13,1:33:00 PM,Pedestrian,1,,,,1,WICKHAM ST,BROAD ST ,Joshua Cascione,225,13-Oct-21,"Two-Way , Not Divided",Dry,Daylight,Clear,Not a Collision Between Two Motor Vehicles in Transport,No,Stop Signs,3,1,Complains Of Pain,,41.81579,-71.41998
861328,2021-00081418,2021-10-13,4:39:00 PM,Other,,1,X,,1,PUBLIC ST,TAYLOR ST ,Donald Castigliego,287,13-Oct-21,"Two-Way , Not Divided",Dry,Daylight,Clear,Not a Collision Between Two Motor Vehicles in Transport,No,No Controls,2,1,Complains Of Pain,,41.80503,-71.41708
861388,2021-00081753,2021-10-14,6:24:00 PM,Bicycle,,1,,,1,CRANSTON ST,WAVERLY ST ,Ptlm. Castagliuolo,351,14-Oct-21,"Two-Way , Not Divided",Dry,Dark - Lighted,Clear,Not a Collision Between Two Motor Vehicles in Transport,No,Pavement Markings,4,1,Non-Incapacitating,,41.80845,-71.43444
861449,2021-00082338,2021-10-16,5:49:00 PM,Pedestrian,1,,,,1,74 CONCORD ST,CONCORD ST ,Ptlm. Castagliuolo,351,16-Oct-21,"Two-Way , Not Divided",Dry,Daylight,Cloudy,Not a Collision Between Two Motor Vehicles in Transport,No,No Controls,2,1,Non-Incapacitating,,41.85337,-71.40322
861508,2021-00082694,2021-10-17,9:39:00 PM,Pedestrian,1,,,,1,Dexter Street,SPRAGUE ST ,John Najarian,417,17-Oct-21,"Two-Way , Not Divided",Dry,Dark - Lighted,Clear,Not a Collision Between Two Motor Vehicles in Transport,"Yes, M/V and Driver Left Scene",No Controls,1,1,Complains Of Pain,,41.80977,-71.42834
861534,2021-00082836,2021-10-18,1:05:00 PM,Pedestrian,1,,,X,1,ELMWOOD AVE,ROGER WILLIAMS AVE ,Joshua Cascione,225,18-Oct-21,"Two-Way, Divided, Positive Median Barrier",Dry,Daylight,Clear,Not a Collision Between Two Motor Vehicles in Transport,No,Traffic Control Signal,3,1,Complains Of Pain,,41.78878,-71.42116
861536,2021-00082863,2021-10-18,2:24:00 PM,Bicycle,,1,,,1,ELMWOOD AVE,PRINCETON AVE ,Joshua Cascione,225,18-Oct-21,"Two-Way , Not Divided",Dry,Daylight,Clear,Not a Collision Between Two Motor Vehicles in Transport,No,No Controls,3,1,Complains Of Pain,,41.80556,-71.42517
861566,2021-00082908,2021-10-18,6:01:00 PM,Pedestrian,1,,,,1,ROGER WILLIAMS AVE,ELMWOOD AVE ,Donald Castigliego,287,18-Oct-21,"Two-Way , Not Divided",Dry,Dusk,Clear,Not a Collision Between Two Motor Vehicles in Transport,"Yes, M/V and Driver Left Scene",Traffic Control Signal,1,1,Complains Of Pain,,41.78851,-71.42102
861659,2021-00083430,2021-10-20,5:51:00 PM,Pedestrian,1,,,,1,WASHINGTON ST,EMPIRE ST ,Jonathyn Pirolli,385,20-Oct-21,"Two-Way , Not Divided",Dry,Dark - Lighted,Clear,"Sideswipe, Same Direction",No,Traffic Control Signal,2,1,Complains Of Pain,,41.82198,-71.41623
861720,2021-00084075,2021-10-22,9:03:00 PM,Pedestrian,1,,,,1,THAYER ST,ANGELL ST ,Jan Delle Johnson,529,22-Oct-21,One-Way Trafficway,Dry,Dark - Lighted,Clear,Not a Collision Between Two Motor Vehicles in Transport,"Yes, M/V and Driver Left Scene",Traffic Control Signal,1,1,Complains Of Pain,,41.82812,-71.40066
861454,2021-00082366,2021-10-23,8:14:00 PM,Bicycle,,1,,,1,WESTMINSTER ST,DEXTER ST ,Ptlm. Castagliuolo,351,16-Oct-21,"Two-Way , Not Divided",Dry,Dark - Lighted,Clear,Not a Collision Between Two Motor Vehicles in Transport,No,Other,2,1,Non-Incapacitating,,41.81659,-71.43134
863666,2021-00086075,2021-10-29,1:00:00 PM,Pedestrian,1,,,,1,BRANCH AVE,SILVER SPRING ST ,Elizabeth Pedchenko,498,25-Nov-21,"Two-Way , Not Divided",Dry,Daylight,Clear,Other,"Yes, M/V and Driver Left Scene",No Controls,2,1,Complains Of Pain,,41.84782,-71.41467
862064,2021-00086432,2021-10-30,6:33:00 PM,Pedestrian,1,,,,1,OAKLAND AVE,SMITH ST ,Donald Castigliego,287,30-Oct-21,"Two-Way , Not Divided",Wet,Dark - Lighted,Rain,Not a Collision Between Two Motor Vehicles in Transport,No,Traffic Control Signal,2,1,Complains Of Pain,,41.83623,-71.43046
862096,2021-00086493,2021-10-30,10:54:00 PM,Pedestrian,1,,,,1,SMITHFIELD AVE,SMITHFIELD AVE ,Daviniel Urizar,555,31-Oct-21,One-Way Trafficway,Wet,Dark - Lighted,Rain,Not a Collision Between Two Motor Vehicles in Transport,"Yes, M/V and Driver Left Scene",Traffic Control Signal,1,1,Complains Of Pain,,41.8558,-71.40766
862162,2021-00087048,2021-11-01,3:18:00 PM,Pedestrian,1,,,,1,KILLINGLY ST,HARTFORD AVE ,Ptlm. Castagliuolo,351,1-Nov-21,"Two-Way , Not Divided",Dry,Daylight,Clear,Not a Collision Between Two Motor Vehicles in Transport,No,No Controls,3,0,No Injury,,41.81984,-71.46884
862164,2021-00087061,2021-11-01,4:01:00 PM,Pedestrian,1,,,,1,HARVARD AVE,TAYLOR ST ,Ptlm. Castagliuolo,351,1-Nov-21,"Two-Way , Not Divided",Dry,Daylight,Clear,Not a Collision Between Two Motor Vehicles in Transport,"Yes, M/V and Driver Left Scene",No Controls,3,1,Non-Incapacitating,,41.80862,-71.4188
862247,2021-00087543,2021-11-03,11:29:00 AM,Pedestrian,1,,,,1,HOPKINS ST,BENEFIT ST ,George Pereira,421,3-Nov-21,"Two-Way , Not Divided",Dry,Daylight,Clear,Not a Collision Between Two Motor Vehicles in Transport,No,No Controls,3,1,Complains Of Pain,,41.82533,-71.40635
862376,2021-00088208,2021-11-05,9:06:00 PM,Pedestrian,1,,,,1,SAYLES ST,PRAIRIE AVE ,Alex Schneider,411,5-Nov-21,"Two-Way , Not Divided",Dry,Dark - Lighted,Clear,Not a Collision Between Two Motor Vehicles in Transport,No,No Controls,3,1,Complains Of Pain,,41.80264,-71.41358
862395,2021-00088433,2021-11-06,3:40:00 PM,Pedestrian,1,,,,1,EDGEHILL RD,SUMMIT AVE ,Michael Gammino,491,6-Nov-21,"Two-Way , Not Divided",Dry,Daylight,Clear,Angle (Front - to - Side) Right Angle (Includes Broadside),No,No Controls,3,1,Complains Of Pain,,41.84876,-71.39794
862410,2021-00088639,2021-11-07,8:29:00 AM,Pedestrian,1,,,,1,ATWELLS AVE,DEAN ST ,Joshua Cascione,225,7-Nov-21,"Two-Way , Not Divided",Dry,Daylight,Clear,Not a Collision Between Two Motor Vehicles in Transport,No,Traffic Control Signal,2,1,Incapacitating,,41.82339,-71.4242
862467,2021-00088908,2021-11-08,8:10:00 AM,Pedestrian,1,,,,1,BLACKSTONE BLVD,EAST AVE ,Michael Cifuentes,330,8-Nov-21,"Two-Way, Divided, Positive Median Barrier",Dry,Daylight,Clear,Not a Collision Between Two Motor Vehicles in Transport,No,No Controls,3,1,Complains Of Pain,,41.85657,-71.39103
862511,2021-00089190,2021-11-09,6:04:00 AM,Other,1,,X,,1,Hartford Ave,Plainfield Street,Kristen Barth,247,9-Nov-21,"Two-Way , Not Divided",Dry,Dawn,Clear,Not a Collision Between Two Motor Vehicles in Transport,No,No Controls,3,1,Complains Of Pain,,41.81668,-71.44385
862555,2021-00089398,2021-11-09,5:47:00 PM,Pedestrian,1,,,,1,ADELAIDE AVE,HAMILTON ST,Jose Buten,322,9-Nov-21,"Two-Way , Not Divided",Dry,Dark - Not Lighted,Clear,Not a Collision Between Two Motor Vehicles in Transport,No,Stop Signs,3,1,Complains Of Pain,,41.80357,-71.42571
862561,2021-00089454,2021-11-09,8:51:00 PM,Pedestrian,1,,,,1,7 Pemberton St.,Roanoke St.,Harrison Northup,232,9-Nov-21,"Two-Way , Not Divided",Dry,Dark - Lighted,Clear,Not a Collision Between Two Motor Vehicles in Transport,"Yes, M/V and Driver Left Scene",No Controls,2,1,Complains Of Pain,,41.83136,-71.44589
862566,2021-00089463,2021-11-09,9:45:00 PM,Pedestrian,1,,,,1,HAGAN ST,MENDON ST ,Cory Vingi,237,9-Nov-21,"Two-Way , Not Divided",Dry,Dark - Lighted,Clear,Not a Collision Between Two Motor Vehicles in Transport,"Yes, M/V and Driver Left Scene",No Controls,1,1,Complains Of Pain,,41.85692,-71.4224
862644,2021-00089713,2021-11-10,5:22:00 PM,Pedestrian,1,,,,1,Waterman St,WAYLAND AVE ,Matthew Fadale,214,10-Nov-21,"Two-Way , Not Divided",Dry,Dark - Lighted,Clear,Not a Collision Between Two Motor Vehicles in Transport,"Yes, M/V and Driver Left Scene",Traffic Control Signal,1,1,Non-Incapacitating,,41.8286,-71.38838
863090,2021-00091723,2021-11-17,8:53:00 AM,Pedestrian,1,,,,1,POINT ST,CHESTNUT ST ,Jose Deschamps,419,17-Nov-21,"Two-Way , Not Divided",Dry,Daylight,Clear,Not a Collision Between Two Motor Vehicles in Transport,No,Stop Signs,3,1,Complains Of Pain,,41.81626,-71.408
863106,2021-00091737,2021-11-17,9:52:00 AM,Pedestrian,1,,,,1,Empire St,Broad St,James Annis,454,17-Nov-21,"Two-Way , Not Divided",Dry,Daylight,Clear,Not a Collision Between Two Motor Vehicles in Transport,No,Traffic Control Signal,3,1,Complains Of Pain,2,,
863136,2021-00091906,2021-11-17,7:24:00 PM,Pedestrian,1,,,,1,ELMWOOD AVE,ARCH ST ,Atanael Lara,129,18-Nov-21,"Two-Way , Not Divided",Dry,Dark - Lighted,Clear,Not a Collision Between Two Motor Vehicles in Transport,"Yes, M/V and Driver Left Scene",No Controls,1,1,Complains Of Pain,2,41.81206,-71.42258
863175,2021-00092027,2021-11-18,8:28:00 AM,Pedestrian,1,,,,1,POWER ST,THAYER ST ,Anthony Hampton,681,18-Nov-21,"Two-Way , Not Divided",Dry,Daylight,Clear,Not a Collision Between Two Motor Vehicles in Transport,No,Stop Signs,3,1,Complains Of Pain,,41.82295,-71.40009
863301,2021-00092607,2021-11-19,10:40:00 PM,Pedestrian,1,,,,1,Broad Street,Central Street,Luis Garcia Colon,128,19-Nov-21,"Two-Way, Divided, Positive Median Barrier",Dry,Dark - Lighted,Clear,Not a Collision Between Two Motor Vehicles in Transport,No,No Controls,5,1,Incapacitating,2,,
863341,2021-00092803,2021-11-20,2:05:00 PM,Pedestrian,1,,,,1,ACADEMY AVE,LINTON ST ,Alexander Caraballo,134,20-Nov-21,"Two-Way , Not Divided",Dry,Daylight,Clear,Not a Collision Between Two Motor Vehicles in Transport,No,No Controls,3,1,Complains Of Pain,,41.83114,-71.44434
863478,2021-00093308,2021-11-22,8:28:00 AM,Pedestrian,1,,,,1,Broadway,Knight St,James Annis,454,22-Nov-21,"Two-Way , Not Divided",Wet,Daylight,Rain,Not a Collision Between Two Motor Vehicles in Transport,No,No Controls,2,1,Complains Of Pain,2,,
863608,2021-00093998,2021-11-24,2:12:00 PM,Pedestrian,1,,,,1,DORRANCE ST,EXCHANGE TER ,Alexander Caraballo,134,24-Nov-21,"Two-Way , Not Divided",Dry,Daylight,Clear,Other,"Yes, M/V and Driver Left Scene",Traffic Control Signal,2,1,Complains Of Pain,,41.82482,-71.41415
863626,2021-00094019,2021-11-24,3:37:00 PM,Pedestrian,1,,,,1,Broad St,FENNER ST ,Jenna Heeder,557,24-Nov-21,"Two-Way , Not Divided",Dry,Daylight,Clear,Not a Collision Between Two Motor Vehicles in Transport,No,No Controls,4,1,Complains Of Pain,,41.81816,-71.41608
863655,21-00094076,2021-11-24,8:15:00 PM,Pedestrian,1,,,,1,POINT ST,CHESTNUT ST ,Jephte Wagnac,141,24-Nov-21,"Two-Way , Not Divided",Dry,Dark - Lighted,Clear,Not a Collision Between Two Motor Vehicles in Transport,No,Traffic Control Signal,2,1,Complains Of Pain,2,41.81655,-71.40729
863720,2021-00094560,2021-11-26,8:56:00 PM,Bicycle,,2,,,1,PUBLIC ST,BROAD ST ,Ptlm. Castagliuolo,351,26-Nov-21,"Two-Way , Not Divided",Dry,Dark - Lighted,Clear,Not a Collision Between Two Motor Vehicles in Transport,"Yes, M/V and Driver Left Scene",Traffic Control Signal,2,2,Complains Of Pain,,41.80442,-71.41935
863985,2021-00095617,2021-11-30,5:21:00 PM,Pedestrian,1,,,,1,CHARLES ST,EXIT  (RT 146N ),Donald Castigliego,287,30-Nov-21,"Two-Way , Not Divided",Dry,Dark - Lighted,Clear,Not a Collision Between Two Motor Vehicles in Transport,No,Pavement Markings,3,1,Non-Incapacitating,,41.8422,-71.41799
864037,2021-00095869,2021-12-01,3:23:00 PM,Pedestrian,1,,,,1,HARTFORD AVE,LAUREL HILL AVE ,Darlin Hernandez,148,1-Dec-21,"Two-Way , Not Divided",Dry,Daylight,Clear,Not a Collision Between Two Motor Vehicles in Transport,No,School Zone Signs,3,1,Complains Of Pain,,41.81795,-71.45532
864151,2021-00096492,2021-12-03,6:26:00 PM,Pedestrian,1,,,,1,1 AVENUE OF THE ARTS,,Donald Castigliego,287,3-Dec-21,"Two-Way , Not Divided",Dry,Dark - Lighted,Clear,Not a Collision Between Two Motor Vehicles in Transport,No,No Controls,2,1,Complains Of Pain,,,
864160,2021-00096456,2021-12-03,4:16:00 PM,Pedestrian,1,,,,1,Atwells Ave/ Valley Street,,Stephen Noti,119,3-Dec-21,"Two-Way , Not Divided",Dry,Dark - Lighted,Clear,Other,No,Unknown,2,0,No Injury,,,
864350,2021-00097443,2021-12-06,9:37:00 PM,Pedestrian,1,,,,1,ANGELL ST,BROOK ST ,Carlos Gordillo Perez,144,6-Dec-21,"Two-Way , Not Divided",Wet,Dark - Lighted,Rain,Not a Collision Between Two Motor Vehicles in Transport,"Yes, M/V and Driver Left Scene",Pavement Markings,1,1,Non-Incapacitating,,41.82823,-71.39931
864372,2021-00097598,2021-12-07,2:06:00 PM,Pedestrian,1,,,,1,ELMWOOD AVE,ADELAIDE AVE ,Joshua Cascione,225,7-Dec-21,"Two-Way, Divided, Positive Median Barrier",Dry,Daylight,Clear,Not a Collision Between Two Motor Vehicles in Transport,No,Traffic Control Signal,2,1,Complains Of Pain,,41.79583,-71.42508
864434,2021-00097916,2021-12-08,4:55:00 PM,Pedestrian,1,,,,1,FRUIT HILL AVE,EDENDALE AVE ,Ptlm. Carias,127,8-Dec-21,"Two-Way, Divided, Unprotected (painted>4feet) Medium",Dry,Dark - Lighted,Clear,Not a Collision Between Two Motor Vehicles in Transport,No,Pavement Markings,3,1,Complains Of Pain,,41.83672,-71.46839
864553,2021-00098414,2021-12-10,2:56:00 PM,Bicycle,,1,,,1,BAINBRIDGE AVE,BROADWAY ,Ptlm. Carias,127,10-Dec-21,"Two-Way, Divided, Unprotected (painted>4feet) Medium",Dry,Daylight,Clear,Not a Collision Between Two Motor Vehicles in Transport,No,No Controls,3,1,Complains Of Pain,,41.81824,-71.43594
864567,2021-00098472,2021-12-10,6:07:00 PM,Pedestrian,1,,X,,1,GEORGE ST,BROOK ST ,Ptlm. Carias,127,10-Dec-21,"Two-Way, Divided, Unprotected (painted>4feet) Medium",Dry,Dark - Lighted,Clear,Not a Collision Between Two Motor Vehicles in Transport,No,Stop Signs,3,1,Complains Of Pain,,41.82561,-71.39906
864693,2021-00098861,2021-12-11,10:49:00 PM,Pedestrian,1,,,,1,Atwells Avenue,DEAN ST ,Brian Aucoin,113,12-Dec-21,"Two-Way , Not Divided",Wet,Dark - Lighted,Rain,Other,No,Flashing Traffic Control Signal,5,1,Incapacitating,,41.82339,-71.4242
864850,2021-00099655,2021-12-14,5:20:00 PM,Pedestrian,1,,,,1,WESTMINSTER ST,STOKES ST ,Serge Bouyssou,105,14-Dec-21,"Two-Way , Not Divided",Dry,Dark - Lighted,Clear,Not a Collision Between Two Motor Vehicles in Transport,No,No Controls,2,0,No Injury,,41.81671,-71.44262
869745,2021-00100426,2021-12-17,9:48:00 AM,Bicycle,,1,,,1,BROADWAY,VALLEY ST ,Luis Garcia Colon,128,1-Mar-22,Unknown,Dry,Daylight,Clear,Not a Collision Between Two Motor Vehicles in Transport,No,Traffic Control Signal,2,1,Complains Of Pain,,41.81684,-71.441
865034,2021-00100694,2021-12-18,1:15:00 AM,Pedestrian,1,,,,1,WASHINGTON ST,DORRANCE ST ,Igor Barbosa,114,18-Dec-21,One-Way Trafficway,Dry,Dark - Lighted,Clear,Not a Collision Between Two Motor Vehicles in Transport,"Yes, M/V and Driver Left Scene",Unknown,1,1,Complains Of Pain,,41.82447,-71.41274
865091,2021-00100855,2021-12-18,6:47:00 PM,Pedestrian,1,,,,1,PUBLIC ST,BROAD ST ,Erik Lane,109,18-Dec-21,"Two-Way , Not Divided",Wet,Dark - Lighted,Rain,Other,No,No Controls,2,1,Complains Of Pain,,41.8044,-71.41939
865167,2021-00101289,2021-12-20,10:15:00 AM,Pedestrian,2,,,,1,GREENWICH ST,BUCKLIN ST ,Joshua Cascione,225,20-Dec-21,"Two-Way , Not Divided",Dry,Daylight,Clear,Not a Collision Between Two Motor Vehicles in Transport,No,Stop Signs,3,2,Complains Of Pain,,41.80232,-71.42765
865191,2021-00101443,2021-12-20,7:04:00 PM,Pedestrian,1,,,,1,academy ave,HEALTH AVE ,Jan Delle Johnson,529,20-Dec-21,"Two-Way, Divided, Unprotected (painted>4feet) Medium",Dry,Dark - Lighted,Clear,Other,"Yes, M/V and Driver Left Scene",No Controls,1,1,Complains Of Pain,,41.82775,-71.4438
865202,2021-00101470,2021-12-20,9:48:00 PM,Pedestrian,1,,,,1,BELLEVUE AVE,CRANSTON ST ,Ptlm.  Carias,127,20-Dec-21,"Two-Way, Divided, Unprotected (painted>4feet) Medium",Dry,Dark - Lighted,Clear,Not a Collision Between Two Motor Vehicles in Transport,"Yes, M/V and Driver Left Scene",No Controls,1,1,Complains Of Pain,,41.8088,-71.43373
865229,2021-00101597,2021-12-21,1:04:00 PM,Pedestrian,1,,,,1,BROAD ST,BROAD ST ,Kenneth Demarco,176,21-Dec-21,"Two-Way , Not Divided",Dry,Daylight,Cloudy,Not a Collision Between Two Motor Vehicles in Transport,"Yes, M/V and Driver Left Scene",Pavement Markings,1,1,Non-Incapacitating,,41.78805,-71.40335
865261,2021-00101770,2021-12-22,6:43:00 AM,Pedestrian,1,,,,1,elmwood ave,CADILLAC DR ,Nicholas Ayala,122,22-Dec-21,"Two-Way , Not Divided",Dry,Dawn,Clear,Other,No,No Controls,2,1,Complains Of Pain,,41.78916,-71.42126
865287,2021-00101893,2021-12-22,5:38:00 PM,Pedestrian,1,,,,1,90 Westminster Street,WEYBOSSET ST ,Kristen Barth,247,22-Dec-21,One-Way Trafficway,Dry,Dark - Lighted,Clear,Not a Collision Between Two Motor Vehicles in Transport,No,No Controls,2,1,Complains Of Pain,,41.82516,-71.40953
865295,2021-00101905,2021-12-22,5:54:00 PM,Pedestrian,1,,,,1,51 SILVER SPRING ST,CHATHAM ST ,Kristen Barth,247,22-Dec-21,"Two-Way , Not Divided",Dry,Dark - Lighted,Clear,Not a Collision Between Two Motor Vehicles in Transport,No,No Controls,2,1,Complains Of Pain,,41.84618,-71.41688
865378,2021-00102386,2021-12-24,11:42:00 PM,Pedestrian,1,,,,1,SILVER LAKE AVE,UNION AVE ,Evan Alarcon,131,24-Dec-21,"Two-Way , Not Divided",Wet,Daylight,Cloudy,Not a Collision Between Two Motor Vehicles in Transport,No,Stop Signs,3,1,Non-Incapacitating,,41.80746,-71.45974
865397,2021-00102430,2021-12-24,4:49:00 PM,Pedestrian,1,,,,1,HAYES ST,FRANCIS ST ,Jenna Heeder,557,24-Dec-21,"Two-Way , Not Divided",Snow,Daylight,Snow,Not a Collision Between Two Motor Vehicles in Transport,No,Traffic Control Signal,2,0,No Injury,,41.8293,-71.41559
865747,2022-00000027,2022-01-01,1:24:00 AM,Pedestrian,1,,,,1,ACORN ST,SPRUCE ST ,Brian Aucoin,113,1-Jan-22,"Two-Way , Not Divided",Wet,Dark - Lighted,Clear,Not a Collision Between Two Motor Vehicles in Transport,"Yes, M/V and Driver Left Scene",No Controls,1,1,Complains Of Pain,,41.82435,-71.42796
865966,2022-00001106,2022-01-05,4:53:00 PM,Pedestrian,1,,,,1,N MAIN ST,3RD ST ,Donald Castigliego,287,5-Jan-22,"Two-Way , Not Divided",Wet,Dark - Lighted,"Sleet, Hail (Freezing Rain or Drizzle)",Not a Collision Between Two Motor Vehicles in Transport,"Yes, M/V and Driver Left Scene",Traffic Control Signal,1,0,No Injury,,41.85119,-71.40231
866350,2022-00002277,2022-01-10,10:26:00 PM,Pedestrian,1,,,,1,PLAINFIELD ST,PLAINFIELD ST ,Jephte Wagnac,141,10-Jan-22,"Two-Way , Not Divided",Dry,Dark - Lighted,Clear,Not a Collision Between Two Motor Vehicles in Transport,No,No Controls,2,1,Complains Of Pain,,41.8146,-71.44679
866501,2022-00003142,2022-01-14,4:07:00 PM,Pedestrian,1,,,,1,CAMBRIDGE ST,ACADEMY AVE ,Ryan Fernandes,125,14-Jan-22,"Two-Way, Divided, Unprotected (painted>4feet) Medium",Dry,Daylight,Clear,Not a Collision Between Two Motor Vehicles in Transport,"Yes, M/V and Driver Left Scene",No Controls,2,1,Complains Of Pain,,41.8255,-71.44342
866716,2022-00004473,2022-01-19,5:42:00 PM,Pedestrian,1,,,,1,BROADWAY,DEAN ST ,Ptlm. Castagliuolo,351,19-Jan-22,"Two-Way , Not Divided",Dry,Dark - Lighted,Clear,Not a Collision Between Two Motor Vehicles in Transport,No,Traffic Control Signal,3,1,Complains Of Pain,,41.8214,-71.42253
866738,2022-00004662,2022-01-20,2:40:00 PM,Pedestrian,1,,,,1,CHARLES ST,BRANCH AVE ,Donald Castigliego,287,20-Jan-22,"Two-Way , Not Divided",Wet,Daylight,Cloudy,Not a Collision Between Two Motor Vehicles in Transport,No,No Controls,4,0,No Injury,,41.85069,-71.42004
866740,2022-00004679,2022-01-20,3:44:00 PM,Pedestrian,1,,,,1,36 POTTERS AVE,TEMPLE ST ,Jose Deschamps,419,20-Jan-22,"Two-Way , Not Divided",Wet,Daylight,Clear,Other,No,No Controls,3,1,Complains Of Pain,,41.80545,-71.40852
868006,2022-00006135,2022-01-25,9:18:00 PM,Pedestrian,1,,,,1,STEEPLE ST,N MAIN ST ,Samantha Kawejsza,118,25-Jan-22,One-Way Trafficway,Dry,Dark - Lighted,Clear,Not a Collision Between Two Motor Vehicles in Transport,No,Traffic Control Signal,3,1,Complains Of Pain,,41.82748,-71.40907
868050,2022-00006482,2022-01-27,7:44:00 AM,Pedestrian,1,,,,1,SMITH ST,CALVERLY ST ,Elizabeth Pedchenko,498,27-Jan-22,"Two-Way , Not Divided",Dry,Daylight,Clear,Not a Collision Between Two Motor Vehicles in Transport,No,No Controls,2,1,Complains Of Pain,,41.833,-71.42006
868061,2022-00006528,2022-01-27,11:26:00 AM,Other,,1,X,,1,LLOYD AVE,TABER AVE ,Jose Deschamps,419,27-Jan-22,"Two-Way, Divided, Unprotected (painted>4feet) Medium",Dry,Daylight,Clear,Head-On (Front - to - Front),No,Stop Signs,3,1,Complains Of Pain,,41.83385,-71.39245
868664,2022-00009316,2022-02-06,3:53:00 PM,Pedestrian,1,,,,1,375 RESERVOIR AVE,,Luis Garcia Colon,128,6-Feb-22,Unknown,Dry,Daylight,Clear,Not a Collision Between Two Motor Vehicles in Transport,No,No Controls,2,1,Complains Of Pain,,41.78809,-71.43165
868690,2022-00009507,2022-02-07,9:53:00 AM,Pedestrian,1,,,,1,Harvest St,rIVER aVE,James Annis,454,7-Feb-22,"Two-Way , Not Divided",Ice/Frost,Daylight,Cloudy,Not a Collision Between Two Motor Vehicles in Transport,"Yes, M/V and Driver Left Scene",Stop Signs,1,1,Complains Of Pain,2,,
868807,2022-00010310,2022-02-10,2:05:00 PM,Pedestrian,1,,,,1,POWER ST,HOPE ST ,Anthony Hampton,681,10-Feb-22,"Two-Way , Not Divided",Dry,Daylight,Clear,Not a Collision Between Two Motor Vehicles in Transport,No,Stop Signs,3,1,Complains Of Pain,,41.82318,-71.39705
868867,2022-00010542,2022-02-11,10:15:00 AM,Pedestrian,1,,,,1,PLAIN ST,BLACKSTONE ST ,Michael Maycock,281,11-Feb-22,Unknown,Dry,Daylight,Clear,Not a Collision Between Two Motor Vehicles in Transport,No,No Controls,3,1,Complains Of Pain,,41.80939,-71.4109
868901,2022-00010679,2022-02-11,7:31:00 PM,Pedestrian,1,,,,1,WEYBOSSET ST,GREENE ST,Ptlm. Castagliuolo,351,11-Feb-22,"Two-Way , Not Divided",Dry,Dark - Not Lighted,Clear,Not a Collision Between Two Motor Vehicles in Transport,"Yes, M/V and Driver Left Scene",Pavement Markings,1,1,Complains Of Pain,,41.81936,-71.41495
868935,2022-00010941,2022-02-12,4:17:00 PM,Bicycle,,1,,,1,CRANSTON ST,WAVERLY ST ,Ptlm. Castagliuolo,351,12-Feb-22,"Two-Way , Not Divided",Dry,Daylight,Clear,Not a Collision Between Two Motor Vehicles in Transport,No,Pavement Markings,2,1,Complains Of Pain,,41.80832,-71.43454
869166,2022-00011794,2022-02-16,12:25:00 AM,Pedestrian,1,,,,1,Hope St,Olney St,Jephte Wagnac,141,16-Feb-22,"Two-Way , Not Divided",Dry,Dark - Lighted,Clear,Not a Collision Between Two Motor Vehicles in Transport,"Yes, M/V and Driver Left Scene",No Controls,4,1,Complains Of Pain,,,
869187,2022-00011930,2022-02-16,12:19:00 PM,Pedestrian,1,,,,1,DOUGLAS AVE ,VANDEWATER ST ,Joshua Cascione,225,16-Feb-22,"Two-Way , Not Divided",Dry,Daylight,Clear,Not a Collision Between Two Motor Vehicles in Transport,No,No Controls,2,1,Complains Of Pain,,41.84985,-71.43339