CrashReportId,ReportNumber,CrashDate,CrashTime,Collision Type,CountPedestrian,CountBicycle,Scooter,Wheel Chair,NumberofVehicles,StreetOrHighway,NearestIntersection,Officer,Badge,ReportDate,TypeOfRoadway,RoadSurfaceCondition,LightCondition,WeatherCondition,MannerofImpact,HitAndRun,TrafficControl,PersonCount,InjuryCount,MostSeriousInjury,NumberOfLanes,Latitude,Longitude
869231,2022-00012110,2022-02-17,2:38:00 AM,Pedestrian,1,,,,1,CRANSTON ST,ALTHEA ST ,Cory Vingi,237,17-Feb-22,"Two-Way , Not Divided",Wet,Dark - Lighted,Clear,Not a Collision Between Two Motor Vehicles in Transport,"Yes, M/V and Driver Left Scene",No Controls,2,1,Incapacitating,,41.80742,-71.43535
869239,2022-00012182,2022-02-17,12:05:00 PM,Pedestrian,1,,,,1,579 ATWELLS AVE,ATWELLS AVE ,Joshua Cascione,225,17-Feb-22,"Two-Way , Not Divided",Dry,Daylight,Clear,Not a Collision Between Two Motor Vehicles in Transport,No,No Controls,3,0,No Injury,,41.82447,-71.43641
869360,2022-00013308,2022-02-21,1:01:00 PM,Bicycle,,1,,,1,IRVING AVE,BLACKSTONE BLVD ,Joshua Cascione,225,21-Feb-22,"Two-Way , Not Divided",Dry,Daylight,Clear,Not a Collision Between Two Motor Vehicles in Transport,No,No Controls,2,0,No Injury,,41.83413,-71.3842
869403,2022-00013653,2022-02-22,8:00:00 PM,Bicycle,,1,,,1,CHAD BROWN ST,ADMIRAL ST ,Cory Vingi,237,22-Feb-22,"Two-Way , Not Divided",Wet,Dark - Lighted,Rain,Not a Collision Between Two Motor Vehicles in Transport,No,No Controls,3,0,No Injury,,41.84213,-71.42138
869422,2022-00013817,2022-02-23,1:51:00 PM,Pedestrian,1,,,,1,SMITH ST,RUGGLES ST ,Joshua Cascione,225,23-Feb-22,"Two-Way , Not Divided",Dry,Daylight,Clear,Not a Collision Between Two Motor Vehicles in Transport,No,Stop Signs,2,1,Non-Incapacitating,,41.83616,-71.42827
869438,2022-00013830,2022-02-23,2:45:00 PM,Bicycle,,1,,,1,393 Prarie Avenue,,David Girard,690,23-Feb-22,"Two-Way , Not Divided",Dry,Daylight,Clear,"Sidwswipe, Opposite Direction","Yes, M/V and Driver Left Scene",No Controls,1,1,Complains Of Pain,,41.81403,-71.40623
869570,2022-00014578,2022-02-26,1:41:00 PM,Pedestrian,1,,,,1,Brown St,Angel St,James Annis,454,26-Feb-22,"Two-Way , Not Divided",Wet,Daylight,Clear,Not a Collision Between Two Motor Vehicles in Transport,"Yes, M/V and Driver Left Scene",Stop Signs,1,1,Complains Of Pain,2,,
869580,2022-00014680,2022-02-26,8:55:00 PM,Pedestrian,1,,,,1,MEMORIAL BLVD,FRANCIS ST ,Donald Castigliego,287,26-Feb-22,"Two-Way , Not Divided",Dry,Dark - Lighted,Clear,Not a Collision Between Two Motor Vehicles in Transport,"Yes, M/V and Driver Left Scene",Traffic Control Signal,2,1,Complains Of Pain,,41.8259,-71.41535
869677,2022-00015204,2022-02-28,7:03:00 PM,Pedestrian,1,,,,1,NORTH MAIN STREET ,CYPRESS ST ,Arthur Lima,126,28-Feb-22,"Two-Way, Divided, Positive Median Barrier",Dry,Dark - Lighted,Clear,Not a Collision Between Two Motor Vehicles in Transport,No,Traffic Control Signal,3,0,No Injury,,41.84197,-71.40783
869794,2022-00015623,2022-03-02,10:40:00 AM,Pedestrian,1,,,,1,6 Brush Hill Road ,6 Brush Hill Road,James Lanier,211,2-Mar-22,"Two-Way , Not Divided",Dry,Daylight,Clear,Other,No,No Controls,2,2,Complains Of Pain,1,,
869854,2022-00016007,2022-03-03,6:59:00 PM,Pedestrian,1,,,,1,HARTFORD AVE,ALVERSON AVE ,Donald Castigliego,287,3-Mar-22,"Two-Way , Not Divided",Dry,Dark - Lighted,Clear,Not a Collision Between Two Motor Vehicles in Transport,No,No Controls,4,1,Non-Incapacitating,,41.81878,-71.46013
870723,2022-00016278,2022-03-04,7:00:00 PM,Pedestrian,1,,,,1,BROAD ST,BROAD ST ,Ptlm. Castagliuolo,351,21-Mar-22,"Two-Way , Not Divided",Dry,Dark - Lighted,Clear,Not a Collision Between Two Motor Vehicles in Transport,"Yes, M/V and Driver Left Scene",Pavement Markings,1,1,Non-Incapacitating,,41.78746,-71.40285
869986,2022-00017071,2022-03-07,6:24:00 PM,Bicycle,,1,,,1,WASHINGTON ST,EMPIRE ST ,Ptlm. Castagliuolo,351,7-Mar-22,"Two-Way , Not Divided",Wet,Dark - Lighted,Rain,Head-On (Front - to - Front),No,Traffic Control Signal,3,1,Non-Incapacitating,,41.82182,-71.41645
870140,2022-00017619,2022-03-09,7:01:00 PM,Pedestrian,1,,,,1,NORTHUP AVE,SILVER SPRING ST ,NICHOLAS AYALA,122,9-Mar-22,"Two-Way, Divided, Unprotected (painted>4feet) Medium",Snow,Dark - Lighted,Snow,Not a Collision Between Two Motor Vehicles in Transport,"Yes, M/V and Driver Left Scene",Traffic Control Signal,1,1,Complains Of Pain,,41.85177,-71.41301
870172,2022-00017747,2022-03-10,10:30:00 AM,Pedestrian,1,,X,,1,PEACE ST,UPDIKE ST ,Michael Maycock,281,10-Mar-22,"Two-Way , Not Divided",Dry,Daylight,Clear,Not a Collision Between Two Motor Vehicles in Transport,No,Pavement Markings,3,1,Complains Of Pain,,41.80662,-71.42006
870227,2022-00018153,2022-03-11,4:57:00 PM,Bicycle,,1,,,1,BROADWAY,VALLEY ST ,Donald Castigliego,287,11-Mar-22,"Two-Way , Not Divided",Dry,Dusk,Clear,Not a Collision Between Two Motor Vehicles in Transport,No,No Controls,3,1,Complains Of Pain,,41.81684,-71.441
870628,2022-00020529,2022-03-20,12:48:00 AM,Pedestrian,1,,,,1,ELMWOOD AVE,HANOVER ST,John Palmer,101,20-Mar-22,"Two-Way , Not Divided",Wet,Dark - Lighted,Rain,Not a Collision Between Two Motor Vehicles in Transport,No,No Controls,4,1,Incapacitating,,41.80736,-71.42484
870717,2022-00021036,2022-03-21,4:11:00 PM,Pedestrian,1,,,,1,PROSPECT ST,OLIVE ST ,Ralph Abenante,511,21-Mar-22,"Two-Way , Not Divided",Dry,Daylight,Cloudy,Not a Collision Between Two Motor Vehicles in Transport,"Yes, M/V and Driver Left Scene",Unknown,1,1,Complains Of Pain,,41.82816,-71.40487
870741,2022-00021308,2022-03-22,12:29:00 PM,Bicycle,,1,,,1,Prospect Street,MEETING ST ,Raymond King,633,22-Mar-22,"Two-Way , Not Divided",Dry,Daylight,Clear,"Sideswipe, Same Direction",No,No Controls,2,1,Complains Of Pain,2,41.82891,-71.40498
870814,2022-00021885,2022-03-24,12:22:00 PM,Pedestrian,1,,,,1,CLADRASH'S AVE,FLORAL AVE ,Joshua Cascione,225,24-Mar-22,"Two-Way , Not Divided",Wet,Daylight,Rain,Not a Collision Between Two Motor Vehicles in Transport,"Yes, M/V and Driver Left Scene",No Controls,1,1,Complains Of Pain,,41.78383,-71.4095
870919,2022-00022412,2022-03-26,2:51:00 PM,Bicycle,,1,,,1,BROADWAY,VALLEY ST ,Ptlm. Castagliuolo,351,26-Mar-22,"Two-Way, Divided, Positive Median Barrier",Dry,Daylight,Cloudy,Not a Collision Between Two Motor Vehicles in Transport,No,No Controls,4,1,Complains Of Pain,,41.81683,-71.44101
871168,2022-00023545,2022-03-30,5:47:00 PM,Pedestrian,1,,,,1,BLACKSTONE BLVD,ROCHAMBEAU AVE ,Darlin Hernandez,148,30-Mar-22,"Two-Way , Not Divided",Dry,Daylight,Clear,Not a Collision Between Two Motor Vehicles in Transport,No,No Controls,3,1,Complains Of Pain,,41.84593,-71.38725
872453,2022-00025007,2022-04-04,9:55:00 PM,Pedestrian,1,,,,1,Cranston St.,PARADE ST ,Jenna Heeder,557,4-Apr-22,"Two-Way , Not Divided",Dry,Dark - Lighted,Clear,Not a Collision Between Two Motor Vehicles in Transport,"Yes, M/V and Driver Left Scene",No Controls,1,1,Complains Of Pain,,41.81202,-71.43073
873169,2022-00025690,2022-04-07,4:28:00 AM,Pedestrian,1,,,,1,BORDEN,EDDY ,Francisco Furtado,635,22-Apr-22,Unknown,Dry,Daylight,Clear,Other,"Yes, M/V and Driver Left Scene",No Controls,1,1,Complains Of Pain,,41.81378,-71.41085
872593,2022-00025950,2022-04-08,12:08:00 PM,Bicycle,,1,,,1,N MAIN ST,7TH ST ,Thiago Gomes,532,8-Apr-22,"Two-Way, Divided, Positive Median Barrier",Dry,Daylight,Clear,"Sidwswipe, Opposite Direction",No,No Controls,2,1,Non-Incapacitating,2,41.85357,-71.40087
872636,2022-00026082,2022-04-08,8:03:00 PM,Pedestrian,1,,,,1,CRANSTON ST,HARRISON ST ,Cory Vingi,237,8-Apr-22,"Two-Way , Not Divided",Dry,Dark - Lighted,Clear,Not a Collision Between Two Motor Vehicles in Transport,"Yes, M/V and Driver Left Scene",Stop Signs,1,1,Complains Of Pain,,41.81308,-71.42864
872657,2022-00026375,2022-04-09,4:15:00 PM,Pedestrian,1,,,,1,RANDALL SQ,RANDALL SQ ,Samantha Kawejsza,118,9-Apr-22,One-Way Trafficway,Dry,Daylight,Cloudy,Not a Collision Between Two Motor Vehicles in Transport,No,No Controls,2,1,Complains Of Pain,,41.83677,-71.40993
872804,2022-00027239,2022-04-12,5:59:00 PM,Bicycle,,1,,,1,PUBLIC STREET,PRAIRIE AVE ,Wilkens Georges,548,12-Apr-22,"Two-Way, Divided, Unprotected (painted>4feet) Medium",Dry,Daylight,Clear,Not a Collision Between Two Motor Vehicles in Transport,No,No Controls,3,1,Complains Of Pain,,41.80547,-71.41519
872909,2022-00027862,2022-04-14,1:57:00 PM,Other,,1,X,,1,330 EDDY ST,SHIP ST,Jin O,147,15-Apr-22,"Two-Way , Not Divided",Dry,Daylight,Clear,Not a Collision Between Two Motor Vehicles in Transport,No,No Controls,3,1,Complains Of Pain,2,,
872915,2022-00028138,2022-04-15,11:48:00 AM,Pedestrian,1,,,,1,CUSHING ST,HOPE ST ,George Pereira,421,15-Apr-22,"Two-Way , Not Divided",Dry,Daylight,Clear,Not a Collision Between Two Motor Vehicles in Transport,No,No Controls,5,1,Complains Of Pain,,41.83018,-71.39871
872936,2022-00028246,2022-04-15,5:10:00 PM,Pedestrian,1,,,,1,COLE AVE,ROCHAMBEAU AVE ,Jessica Salmeron,356,15-Apr-22,"Two-Way , Not Divided",Dry,Daylight,Clear,Not a Collision Between Two Motor Vehicles in Transport,No,Stop Signs,2,1,Complains Of Pain,,41.8458,-71.38919
872954,2022-00028504,2022-04-16,12:20:00 PM,Pedestrian,1,,,,1,Potters Avenue,CRANSTON ST ,Abraham Lugo,525,16-Apr-22,"Two-Way, Divided, Unprotected (painted>4feet) Medium",Dry,Daylight,Clear,Not a Collision Between Two Motor Vehicles in Transport,No,No Controls,5,0,No Injury,,41.80497,-71.43756
872959,2022-00028575,2022-04-16,4:59:00 PM,Pedestrian,1,,X,,1,Candace St,CHALKSTONE AVE ,Tyler Calandra,418,16-Apr-22,"Two-Way , Not Divided",Dry,Daylight,Clear,Other,No,No Controls,4,1,Complains Of Pain,,41.836,-71.42261
873036,2022-00029164,2022-04-18,8:53:00 PM,Pedestrian,1,,,,1,WASHINGTON ST,EXCHANGE ST ,Luis Pelaez,336,18-Apr-22,One-Way Trafficway,Dry,Dark - Lighted,Clear,Not a Collision Between Two Motor Vehicles in Transport,"Yes, M/V and Driver Left Scene",Traffic Control Signal,2,1,Complains Of Pain,,41.82571,-71.41103
873055,2022-00029291,2022-04-19,11:58:00 AM,Pedestrian,1,,,,1,Chalkstone Avenue ,Van Ausdall Street,James Lanier,211,19-Apr-22,"Two-Way , Not Divided",Dry,Daylight,Clear,Not a Collision Between Two Motor Vehicles in Transport,No,No Controls,3,1,Complains Of Pain,1,,
873121,2022-00029713,2022-04-20,11:12:00 PM,Bicycle,,1,,,1,PARK ROW E,CANAL ST ,Gehu Sanssouci,136,21-Apr-22,One-Way Trafficway,Dry,Dark - Lighted,Clear,Angle (Front - to - Side) Right Angle (Includes Broadside),No,Traffic Control Signal,3,1,Complains Of Pain,,41.82847,-71.41069
873266,2022-00030263,2022-04-22,6:10:00 PM,Pedestrian,1,,,,1,ANGELL ST,THAYER ST ,Donald Castigliego,287,22-Apr-22,One-Way Trafficway,Dry,Daylight,Clear,Not a Collision Between Two Motor Vehicles in Transport,"Yes, M/V and Driver Left Scene",No Controls,4,1,Complains Of Pain,,41.82815,-71.40008
873458,2022-00031764,2022-04-27,9:16:00 PM,Bicycle,,1,,,1,CANAL ST,MILL ST ,Ptlm. Castagliuolo,351,27-Apr-22,"Two-Way, Divided, Positive Median Barrier",Dry,Dark - Lighted,Clear,Not a Collision Between Two Motor Vehicles in Transport,No,No Controls,2,1,Non-Incapacitating,,41.8323,-71.41095
873499,2022-00031782,2022-04-27,10:56:00 PM,Pedestrian,1,,X,,1,ACADEMY AVE,SMITH ST ,Riggins Jones,542,28-Apr-22,"Two-Way , Not Divided",Dry,Dark - Unknown Lighting,Cloudy,"Sideswipe, Same Direction","Yes, M/V and Driver Left Scene",Traffic Control Signal,1,1,Non-Incapacitating,,41.84258,-71.44515
873494,2022-00031950,2022-04-28,3:34:00 PM,Pedestrian,1,,,,1,HOPE ST,GEORGE ST ,Patrick Hourahan,243,28-Apr-22,"Two-Way , Not Divided",Dry,Daylight,Clear,Not a Collision Between Two Motor Vehicles in Transport,"Yes, M/V and Driver Left Scene",Stop Signs,3,1,Complains Of Pain,,41.82579,-71.3973
873496,2022-00031998,2022-04-28,5:40:00 PM,Bicycle,,1,,,1,broadway,KNIGHT ST ,Michael Pesola,117,28-Apr-22,"Two-Way , Not Divided",Dry,Daylight,Clear,Angle (Front - to - Side) Same Direction,"Yes, M/V and Driver Left Scene",Flashing Traffic Control Signal,1,1,Complains Of Pain,,41.8198,-71.42936
873588,2022-00032615,2022-04-30,4:49:00 PM,Pedestrian,1,,,,1,UNION AVE EXIT,SERVICE RD NO. 1 ,Cory Vingi,237,30-Apr-22,One-Way Trafficway,Dry,Daylight,Clear,Not a Collision Between Two Motor Vehicles in Transport,"Yes, M/V and Driver Left Scene",Traffic Control Signal,4,1,Fatal,,41.80904,-71.44017
874626,2022-00032999,2022-05-01,7:09:00 PM,Bicycle,,1,,,1,NELSON ST,Smith St,Jan Delle Johnson,529,1-May-22,"Two-Way, Divided, Unprotected (painted>4feet) Medium",Dry,Dusk,Clear,Not a Collision Between Two Motor Vehicles in Transport,"Yes, M/V and Driver Left Scene",Stop Signs,1,1,Complains Of Pain,,41.8423,-71.44422
874633,2022-00033061,2022-05-01,9:59:00 PM,Pedestrian,2,,,,1,Manton Ave,SISSON ST ,Kristen Barth,247,1-May-22,"Two-Way , Not Divided",Dry,Dark - Lighted,Clear,Not a Collision Between Two Motor Vehicles in Transport,"Yes, M/V and Driver Left Scene",No Controls,3,2,Complains Of Pain,,41.82548,-71.45539
874644,2022-00033142,2022-05-02,7:48:00 AM,Pedestrian,1,,,,1,354 MANTON AVE,OWEN ST ,Cory Vingi,237,2-May-22,"Two-Way , Not Divided",Dry,Daylight,Clear,Not a Collision Between Two Motor Vehicles in Transport,No,No Controls,5,1,Complains Of Pain,,41.82398,-71.45197
874859,2022-00035063,2022-05-08,8:33:00 PM,Bicycle,,1,,,1,LONGFELLOW ST,ELMWOOD AVE ,Ralph Abenante,511,8-May-22,"Two-Way, Divided, Positive Median Barrier",Dry,Dark - Lighted,Cloudy,Angle (Front - to - Side) Opposite Direction,No,Stop Signs,2,1,Complains Of Pain,,41.79078,-71.42225
874862,2022-00035108,2022-05-08,11:56:00 PM,Pedestrian,1,,,,1,BROAD STREET,THURBERS AVE ,John Palmer,101,9-May-22,"Two-Way , Not Divided",Dry,Dark - Lighted,Clear,Not a Collision Between Two Motor Vehicles in Transport,No,No Controls,6,1,Complains Of Pain,,41.79806,-71.4145
874883,2022-00035325,2022-05-09,5:33:00 PM,Bicycle,,1,,,1,BROADWAY,RINGGOLD ST ,Ptlm. Castagliuolo,351,9-May-22,"Two-Way , Not Divided",Dry,Daylight,Clear,Not a Collision Between Two Motor Vehicles in Transport,No,Pavement Markings,2,1,Complains Of Pain,,41.82121,-71.42335
874900,2022-00035509,2022-05-10,8:56:00 AM,Pedestrian,1,,,,1,WESTMINSTER ST,COLLEGE ST ,James Cryan,352,10-May-22,One-Way Trafficway,Dry,Daylight,Clear,Other,No,Traffic Control Signal,2,1,Complains Of Pain,,41.82528,-71.409
874956,2022-00036116,2022-05-12,11:49:00 AM,Pedestrian,1,,,,1,BRANCH AVE,OLMSTEAD WAY ,Cassidy Simanski,132,12-May-22,Unknown,Dry,Daylight,Clear,Not a Collision Between Two Motor Vehicles in Transport,"Yes, M/V and Driver Left Scene",No Controls,1,1,Complains Of Pain,,41.85383,-71.42946
875000,2022-00036222,2022-05-12,5:18:00 PM,Bicycle,,1,,,1,IRVING AVE,BLACKSTONE BLVD ,Raymond Criner,340,12-May-22,One-Way Trafficway,Dry,Daylight,Clear,Not a Collision Between Two Motor Vehicles in Transport,No,No Controls,2,1,Complains Of Pain,,41.83422,-71.38371
875046,2022-00036443,2022-05-12,8:00:00 PM,Pedestrian,1,,,,1,ALDRICH ST,BROAD ST , Lane,109,13-May-22,"Two-Way , Not Divided",Dry,Dark - Lighted,Clear,Other,"Yes, M/V and Driver Left Scene",No Controls,1,1,Complains Of Pain,,41.79368,-71.40884
875057,2022-00036542,2022-05-13,3:17:00 PM,Bicycle,,1,,,1,294 ADMIRAL ST,NEWCOMB ST ,Raymond Criner,340,13-May-22,"Two-Way , Not Divided",Dry,Daylight,Clear,Not a Collision Between Two Motor Vehicles in Transport,No,No Controls,2,1,Complains Of Pain,,41.84541,-71.42622
875098,2022-00036866,2022-05-14,12:27:00 PM,Pedestrian,1,,,,1,ELMWOOD AVE,ADELAIDE AVE ,Cory Vingi,237,14-May-22,"Two-Way , Not Divided",Dry,Daylight,Clear,Not a Collision Between Two Motor Vehicles in Transport,No,No Controls,3,1,Non-Incapacitating,,41.79564,-71.42486
875172,2022-00037629,2022-05-16,2:53:00 PM,Other,,,X,,1,CRANSTON ST,BENEDICT ST ,Donald Castigliego,287,16-May-22,"Two-Way , Not Divided",Dry,Daylight,Clear,Not a Collision Between Two Motor Vehicles in Transport,No,No Controls,2,0,No Injury,,41.80537,-71.43736
875244,2022-00038258,2022-05-18,4:55:00 PM,Pedestrian,1,,,,1,BELLEVUE AVE,CRANSTON ST ,Raymond Criner,340,18-May-22,"Two-Way , Not Divided",Dry,Daylight,Clear,Not a Collision Between Two Motor Vehicles in Transport,"Yes, M/V and Driver Left Scene",Stop Signs,2,1,Complains Of Pain,,41.80886,-71.43392
875325,2022-00038899,2022-05-20,8:18:00 PM,Bicycle,,1,,,1,DEAN ST,FEDERAL ST ,Ralph Abenante,511,20-May-22,"Two-Way , Not Divided",Dry,Dark - Lighted,Cloudy,"Sideswipe, Same Direction",No,Stop Signs,5,0,No Injury,,41.82228,-71.42327
875346,2022-00039060,2022-05-21,6:30:00 AM,Pedestrian,1,,,,1,CHAD BROWN ST,RUGGLES ST ,Cory Vingi,237,21-May-22,"Two-Way , Not Divided",Wet,Daylight,Clear,Not a Collision Between Two Motor Vehicles in Transport,"Yes, Driver Left Scene",No Controls,4,1,Incapacitating,,41.83874,-71.42738
875423,2022-00039679,2022-05-22,8:43:00 PM,Other,,1,,,1,VALLEY ST,HEMLOCK ST ,Ptlm Labutti,104,22-May-22,"Two-Way , Not Divided",Dry,Dark - Lighted,Clear,Not a Collision Between Two Motor Vehicles in Transport,"Yes, M/V and Driver Left Scene",No Controls,1,1,Non-Incapacitating,,41.82994,-71.43162
875494,2022-00040641,2022-05-25,5:43:00 PM,Bicycle,1,,,,1,BROADWAY,VINTON ST ,Ptlm. Castagliuolo,351,25-May-22,"Two-Way , Not Divided",Dry,Daylight,Clear,Not a Collision Between Two Motor Vehicles in Transport,"Yes, M/V and Driver Left Scene",Pavement Markings,1,1,Complains Of Pain,,41.82009,-71.4281
875531,2022-00041009,2022-05-26,8:45:00 PM,Bicycle,,1,,,1,PUBLIC ST,BROAD ST ,Ralph Abenante,511,26-May-22,"Two-Way, Divided, Unprotected (painted>4feet) Medium",Dry,Dark - Lighted,Clear,Angle (Front - to - Side) Same Direction,"Yes, Driver Left Scene",Traffic Control Signal,1,1,Complains Of Pain,,41.80441,-71.41937
875552,2022-00041214,2022-05-27,2:55:00 PM,Bicycle,,1,X,,1,BENEFIT ST,ANGELL ST ,Ptlm. Castagliuolo,351,27-May-22,"Two-Way , Not Divided",Dry,Daylight,Clear,Not a Collision Between Two Motor Vehicles in Transport,No,Traffic Control Signal,3,1,Non-Incapacitating,,41.82751,-71.40765
875655,2022-00042581,2022-05-31,9:18:00 AM,Bicycle,,1,,,1,DOUGLAS AVE/RIVER AVE,DOUGLAS AVE ,Cory Vingi,237,31-May-22,"Two-Way , Not Divided",Dry,Daylight,Clear,Rear End(Front-to-Rear),No,No Controls,2,1,Complains Of Pain,,41.85275,-71.43714
875741,2022-00043319,2022-06-02,4:32:00 PM,Pedestrian,1,,,,1,BROAD ST,THURBERS AVE ,Donald Castigliego,287,2-Jun-22,"Two-Way , Not Divided",Dry,Daylight,Clear,Not a Collision Between Two Motor Vehicles in Transport,No,Traffic Control Signal,3,1,Complains Of Pain,,41.79811,-71.41457
875762,2022-00043498,2022-06-03,9:09:00 AM,Pedestrian,1,,,,1,736 BRANCH AVENUE,,Joseph Madeira,552,3-Jun-22,"Two-Way , Not Divided",Dry,Daylight,Cloudy,Other,No,No Controls,7,1,Complains Of Pain,,41.83582,-71.41572
876868,2022-00044690,2022-06-06,2:58:00 PM,Other,,,X,,2,GREENWICH ST,ELMWOOD AVENUE,Marco Figueroa,110,6-Jun-22,"Two-Way , Not Divided",Dry,Daylight,Clear,Angle (Front - to - Side) Opposite Direction,"Yes, M/V and Driver Left Scene",Traffic Control Signal,1,0,No Injury,,41.80237,-71.42608
876875,2022-00044897,2022-06-07,7:50:00 AM,Bicycle,,1,,,1,CRANSTON ST,LINWOOD AVE ,Cory Vingi,237,7-Jun-22,"Two-Way , Not Divided",Dry,Daylight,Clear,Not a Collision Between Two Motor Vehicles in Transport,No,Traffic Control Signal,4,1,Complains Of Pain,,41.80701,-71.43571
876918,2022-00045405,2022-06-08,6:56:00 PM,Bicycle,,1,,,1,286 INDIANA AVE,VIRGINIA AVE ,Kristen Barth,247,8-Jun-22,"Two-Way , Not Divided",Dry,Dark - Lighted,Clear,Not a Collision Between Two Motor Vehicles in Transport,No,No Controls,3,1,Complains Of Pain,,41.7896,-71.401
876924,2022-00045397,2022-06-08,6:26:00 PM,Bicycle,,1,,,1,NEBRASKA ST,EDDY ST ,Donald Castigliego,287,8-Jun-22,"Two-Way , Not Divided",Dry,Dusk,Clear,Not a Collision Between Two Motor Vehicles in Transport,No,No Controls,2,0,No Injury,,41.79829,-71.40538
876943,2022-00045622,2022-06-09,12:37:00 PM,Pedestrian,1,,X,,1,BROAD ST,VERNDALE ST ,Joshua Cascione,225,9-Jun-22,"Two-Way , Not Divided",Dry,Daylight,Clear,Not a Collision Between Two Motor Vehicles in Transport,No,No Controls,4,1,Complains Of Pain,,41.79158,-71.40644
876950,2022-00045653,2022-06-09,2:04:00 PM,Pedestrian,1,,,,1,387 CHARLES ST ,SILVER SPRING ST ,Joshua Cascione,225,9-Jun-22,"Two-Way , Not Divided",Dry,Daylight,Clear,Not a Collision Between Two Motor Vehicles in Transport,No,No Controls,2,1,Complains Of Pain,,41.84371,-71.41835
876994,2022-00045734,2022-06-09,6:14:00 PM,Other,,1,X,,1,CAMP ST,DOYLE AVE ,John Benros,481,10-Jun-22,"Two-Way , Not Divided",Dry,Daylight,Clear,Unknown,No,Stop Signs,2,1,Complains Of Pain,,41.83879,-71.4042
876982,2022-00045903,2022-06-10,6:38:00 AM,Pedestrian,1,,,,1,Broad ,Oxford,Matthew Sheridan,229,10-Jun-22,"Two-Way , Not Divided",Dry,Dawn,Clear,Not a Collision Between Two Motor Vehicles in Transport,No,No Controls,3,0,No Injury,,,
876998,2022-00046034,2022-06-10,3:38:00 PM,Bicycle,,1,,,1,Smith and Canal St ,SMITH ST ,Mark Roman,120,10-Jun-22,"Two-Way , Not Divided",Dry,Daylight,Clear,Angle (Front - to - Side) Opposite Direction,No,No Controls,2,1,Non-Incapacitating,,41.83108,-71.4113
877034,2022-00046376,2022-06-11,12:55:00 PM,Bicycle,,1,,,1,POINT ST,PRAIRIE AVE ,Joshua Cascione,225,11-Jun-22,One-Way Trafficway,Dry,Daylight,Clear,Not a Collision Between Two Motor Vehicles in Transport,"Yes, M/V and Driver Left Scene",No Controls,1,1,Complains Of Pain,,41.81457,-71.41507
877060,2022-00046776,2022-06-12,9:48:00 AM,Pedestrian,1,,,,1,981 BROAD ST,SUMTER ST,Cory Vingi,237,12-Jun-22,"Two-Way , Not Divided",Dry,Daylight,Clear,Not a Collision Between Two Motor Vehicles in Transport,No,No Controls,2,1,Complains Of Pain,,41.79776,-71.41414
877069,2022-00046878,2022-06-12,4:32:00 PM,Bicycle,,1,,,1,MURRAY ST,SIBYL ST ,Ptlm. Castagliuolo,351,12-Jun-22,"Two-Way , Not Divided",Dry,Daylight,Clear,Not a Collision Between Two Motor Vehicles in Transport,No,No Controls,2,1,Complains Of Pain,,41.80873,-71.45947
877114,2022-00047286,2022-06-13,7:35:00 PM,Bicycle,,1,,,1,NORTH AVE,BLACKSTONE BLVD ,Ralph Abenante,511,13-Jun-22,One-Way Trafficway,Dry,Daylight,Clear,Not a Collision Between Two Motor Vehicles in Transport,No,No Controls,4,1,Non-Incapacitating,,41.85415,-71.39026
877136,2022-00047412,2022-06-14,8:43:00 AM,Pedestrian,1,,,,1,CHALKSTONE AVENUE ,ACADEMY AVENUE ,Giuseppe Scarcello,485,14-Jun-22,"Two-Way , Not Divided",Dry,Daylight,Clear,Not a Collision Between Two Motor Vehicles in Transport,No,Traffic Control Signal,2,0,No Injury,,41.82422,-71.43364
877137,2022-00047452,2022-06-14,11:30:00 AM,Pedestrian,1,,,,1,PLAIN ST,BLACKSTONE ST ,Cory Vingi,237,14-Jun-22,Unknown,Dry,Daylight,Clear,Not a Collision Between Two Motor Vehicles in Transport,No,No Controls,3,1,Non-Incapacitating,,41.80942,-71.41091
877144,2022-00047532,2022-06-14,3:34:00 PM,Pedestrian,1,,,,1,HANNAH ST,ATWELLS AVE ,Michael Pesola,117,14-Jun-22,Unknown,Dry,Daylight,Clear,Other,"Yes, M/V and Driver Left Scene",No Controls,1,1,Complains Of Pain,,41.82506,-71.44863
877362,2022-00049660,2022-06-20,4:42:00 PM,Bicycle,,1,,,1,NORTH MAIN ST,EVERGREEN ST,Ptlm. Castagliuolo,351,20-Jun-22,"Two-Way , Not Divided",Dry,Daylight,Clear,Not a Collision Between Two Motor Vehicles in Transport,No,Pavement Markings,2,1,Non-Incapacitating,,41.84488,-71.40615
877364,2022-00049678,2022-06-20,6:01:00 PM,Bicycle,,1,X,,1,HOPE ST,WILLIAMS ST ,Miguel Castillo,489,20-Jun-22,"Two-Way, Divided, Unprotected (painted>4feet) Medium",Dry,Daylight,Clear,Not a Collision Between Two Motor Vehicles in Transport,No,Stop Signs,3,1,Complains Of Pain,,41.82254,-71.39682