CrashReportId,ReportNumber,CrashDate,CrashTime,Collision Type,CountPedestrian,CountBicycle,Scooter,Wheel Chair,NumberofVehicles,StreetOrHighway,NearestIntersection,Officer,Badge,ReportDate,TypeOfRoadway,RoadSurfaceCondition,LightCondition,WeatherCondition,MannerofImpact,HitAndRun,TrafficControl,PersonCount,InjuryCount,MostSeriousInjury,NumberOfLanes,Latitude,Longitude
877418,2022-00050178,2022-06-22,12:49:00 PM,Pedestrian,1,,,,1,81 WASHINGTON ST ,CLEMENCE ST ,Joshua Cascione,225,22-Jun-22,"Two-Way , Not Divided",Dry,Daylight,Clear,Not a Collision Between Two Motor Vehicles in Transport,"Yes, M/V and Driver Left Scene",Pavement Markings,1,1,Complains Of Pain,,41.82346,-71.4142
877447,2022-00050451,2022-06-23,11:12:00 AM,Bicycle,,1,,,1,Congress Ave,HAMILTON ST ,Michelle Chasse,264,23-Jun-22,"Two-Way , Not Divided",Dry,Daylight,Clear,Not a Collision Between Two Motor Vehicles in Transport,No,Stop Signs,2,1,Complains Of Pain,,41.79994,-71.42156
877485,2022-00050662,2022-06-24,1:41:00 AM,Pedestrian,1,,,,1,Steeple St,CANAL ST ,Rommy Morel,138,24-Jun-22,One-Way Trafficway,Dry,Dark - Lighted,Clear,Not a Collision Between Two Motor Vehicles in Transport,No,Traffic Control Signal,2,0,No Injury,,41.82715,-71.40997
877546,2022-00051162,2022-06-25,1:48:00 PM,Bicycle,,1,,,1,VALLEY STREET,NEWARK ST ,Gargar Grimes,323,25-Jun-22,"Two-Way, Divided, Unprotected (painted>4feet) Medium",Dry,Daylight,Clear,Not a Collision Between Two Motor Vehicles in Transport,"Yes, M/V and Driver Left Scene",No Controls,1,1,Complains Of Pain,,41.82531,-71.43927
877627,2022-00051964,2022-06-27,8:56:00 PM,Pedestrian,1,,,,1,CRANSTON ST,DEXTER ST ,Raymond Criner,340,27-Jun-22,"Two-Way , Not Divided",Wet,Dark - Lighted,Clear,Not a Collision Between Two Motor Vehicles in Transport,"Yes, M/V and Driver Left Scene",No Controls,1,1,Complains Of Pain,,41.81284,-71.42912
877641,2022-00052088,2022-06-28,11:36:00 AM,Pedestrian,3,,,,1,Atwells Ave,Valley St,James Annis,454,28-Jun-22,"Two-Way , Not Divided",Dry,Daylight,Clear,Not a Collision Between Two Motor Vehicles in Transport,No,Traffic Control Signal,6,1,Complains Of Pain,2,,
877794,2022-00053158,2022-07-01,2:22:00 PM,Pedestrian,1,,,,1,HARTFORD AVE,HARTFORD AVE ,Luca Ragosta,116,1-Jul-22,"Two-Way, Divided, Unprotected (painted>4feet) Medium",Dry,Daylight,Clear,Not a Collision Between Two Motor Vehicles in Transport,No,No Controls,2,1,Complains Of Pain,,41.81889,-71.46093
877799,2022-00053225,2022-07-01,6:15:00 PM,Pedestrian,1,,X,,1,DEXTER ST,SPRAGUE ST ,Ptlm. Castagliuolo,351,1-Jul-22,"Two-Way , Not Divided",Dry,Daylight,Clear,Not a Collision Between Two Motor Vehicles in Transport,No,No Controls,2,1,Complains Of Pain,,41.80987,-71.42838
878869,2022-00053921,2022-07-03,6:47:00 PM,Pedestrian,1,,,,1,ELMWOOD AVE,DABOLL ST ,Raymond Criner,340,3-Jul-22,"Two-Way , Not Divided",Dry,Daylight,Clear,Not a Collision Between Two Motor Vehicles in Transport,"Yes, M/V and Driver Left Scene",No Controls,3,1,Complains Of Pain,,41.80409,-71.42558
878930,2022-00053863,2022-07-03,3:43:00 PM,Other,,,X,,2,CUSTOM HOUSE ST,DYER ST ,Luis Pelaez,336,5-Jul-22,One-Way Trafficway,Dry,Daylight,Clear,Not a Collision Between Two Motor Vehicles in Transport,"Yes, M/V and Driver Left Scene",No Controls,1,0,No Injury,1,41.82425,-71.40894
878925,2022-00054648,2022-07-05,2:10:00 PM,Bicycle,,1,,,1,Broadway,KNIGHT ST ,Michael Camardo,357,5-Jul-22,"Two-Way, Divided, Unprotected (painted>4feet) Medium",Dry,Daylight,Clear,Not a Collision Between Two Motor Vehicles in Transport,No,No Controls,3,1,Complains Of Pain,,41.81991,-71.42888
878927,2022-00054678,2022-07-05,3:57:00 PM,Bicycle,,1,,,1,BUCKLIN ST,BELLEVUE AVE ,Raymond Criner,340,5-Jul-22,"Two-Way , Not Divided",Dry,Daylight,Cloudy,Not a Collision Between Two Motor Vehicles in Transport,No,Pavement Markings,3,1,Complains Of Pain,,41.80724,-71.42787
878944,2022-00054977,2022-07-06,5:30:00 PM,Bicycle,,1,,,1,WESTMINSTER ST,COURTLAND ST ,Doldoorian,221,6-Jul-22,"Two-Way , Not Divided",Dry,Daylight,Clear,"Sideswipe, Same Direction",No,No Controls,2,1,Complains Of Pain,,41.81669,-71.43043
878953,2022-00054942,2022-07-06,2:48:00 PM,Bicycle,,1,,,1,EAGLE ST,VALLEY ST ,Ptlm. Castagliuolo,351,6-Jul-22,"Two-Way , Not Divided",Dry,Daylight,Clear,Not a Collision Between Two Motor Vehicles in Transport,No,No Controls,2,1,Complains Of Pain,,41.82703,-71.43611
881461,2022-00055017,2022-07-06,7:41:00 PM,Other,,,X,,2,HARTFORD AVE,HARTFORD AVE ,William Sherrill,363,26-Sep-22,"Two-Way, Divided, Unprotected (painted>4feet) Medium",Dry,Daylight,Clear,"Sideswipe, Same Direction",No,Stop Signs,4,0,No Injury,,41.81835,-71.45738
879080,2022-00056768,2022-07-12,6:33:00 AM,Other,1,,X,,1,Canal St/ Steeple St,CANAL ST ,Khari Bass,312,12-Jul-22,One-Way Trafficway,Dry,Daylight,Clear,Not a Collision Between Two Motor Vehicles in Transport,No,Traffic Control Signal,2,1,Incapacitating,,41.82718,-71.40991
879112,2022-00057038,2022-07-13,1:41:00 AM,Pedestrian,1,,,,1,COMMODORE ST,BRANCH AVE ,Raleek Byfield,375,13-Jul-22,"Two-Way, Divided, Unprotected (painted>4feet) Medium",Wet,Dark - Lighted,Cloudy,Not a Collision Between Two Motor Vehicles in Transport,"Yes, M/V and Driver Left Scene",Pavement Markings,2,1,Complains Of Pain,,41.84955,-71.41837
879154,2022-00057507,2022-07-14,4:26:00 PM,Pedestrian,1,,X,,1,WICKENDEN ST, Wickenden St,Brian Aucoin,113,14-Jul-22,"Two-Way , Not Divided",Dry,Daylight,Clear,Not a Collision Between Two Motor Vehicles in Transport,No,Traffic Control Signal,2,0,No Injury,,41.81893,-71.40082
879158,2022-00057493,2022-07-14,3:55:00 PM,Bicycle,,1,,,1,INDUSTRIAL DR,N MAIN ST ,Donald Castigliego,287,14-Jul-22,"Two-Way, Divided, Positive Median Barrier",Dry,Daylight,Clear,Not a Collision Between Two Motor Vehicles in Transport,No,Traffic Control Signal,2,1,Complains Of Pain,,41.84063,-71.40872
879206,2022-00057833,2022-07-15,6:04:00 PM,Bicycle,,1,,,1,PUBLIC ST,GORDON AVE ,Raymond Criner,340,15-Jul-22,"Two-Way , Not Divided",Dry,Daylight,Clear,Not a Collision Between Two Motor Vehicles in Transport,No,No Controls,4,1,Complains Of Pain,,41.80519,-71.41634
879219,2022-00057933,2022-07-15,9:53:00 PM,Pedestrian,1,,,,1,WARRINGTON ST,BROAD STREET,Ralph Abenante,511,15-Jul-22,"Two-Way, Divided, Unprotected (painted>4feet) Medium",Dry,Dark - Lighted,Cloudy,Not a Collision Between Two Motor Vehicles in Transport,"Yes, Driver Left Scene",No Controls,6,1,Incapacitating,,41.79667,-71.41277
879257,2022-00058260,2022-07-16,9:23:00 PM,Pedestrian,1,,,,1,ATWELLS AVE,CUTLER ST ,Ralph Abenante,511,16-Jul-22,"Two-Way, Divided, Positive Median Barrier",Dry,Dark - Lighted,Cloudy,Not a Collision Between Two Motor Vehicles in Transport,No,No Controls,4,1,Incapacitating,,41.82468,-71.44157
879259,2022-00058023,2022-07-16,1:41:00 AM,Pedestrian,1,,,,1,UNION AVE,CUMERFORD ST ,Damaris Sanchez,566,16-Jul-22,"Two-Way , Not Divided",Dry,Dark - Lighted,Clear,Not a Collision Between Two Motor Vehicles in Transport,"Yes, M/V and Driver Left Scene",Traffic Control Signal,2,1,Complains Of Pain,,41.80796,-71.44322
879312,2022-00058782,2022-07-18,9:55:00 AM,Pedestrian,1,,,,1,BRANCH AVE,HAWKINS ST ,Joshua Cascione,225,18-Jul-22,"Two-Way , Not Divided",Dry,Daylight,Clear,Not a Collision Between Two Motor Vehicles in Transport,"Yes, M/V and Driver Left Scene",Traffic Control Signal,1,1,Complains Of Pain,,41.85096,-71.42157
879425,2022-00059657,2022-07-22,1:01:00 PM,Pedestrian,1,,,,1,280 Atwells Ave,CROUT ST ,Michael Camardo,357,22-Jul-22,Unknown,Dry,Daylight,Clear,Not a Collision Between Two Motor Vehicles in Transport,"Yes, M/V and Driver Left Scene",No Controls,1,1,Complains Of Pain,,41.82364,-71.42752
879450,2022-00060197,2022-07-22,11:55:00 PM,Pedestrian,1,,,,1,Oxford Street,FRENCH ST ,Mario Andrade,130,23-Jul-22,"Two-Way, Divided, Positive Median Barrier",Dry,Dark - Lighted,Clear,Not a Collision Between Two Motor Vehicles in Transport,"Yes, M/V and Driver Left Scene",No Controls,2,1,Complains Of Pain,,41.80261,-71.40879
879505,2022-00060893,2022-07-24,9:24:00 PM,Pedestrian,1,,X,,1,DETROIT AVE,Broad Street,Kristen Barth,247,24-Jul-22,"Two-Way , Not Divided",Dry,Dark - Lighted,Clear,Not a Collision Between Two Motor Vehicles in Transport,No,Stop Signs,3,1,Complains Of Pain,,41.79439,-71.40993
879609,2022-00061725,2022-07-27,4:36:00 PM,Pedestrian,1,,,,1,WICKENDEN ST,BROOK ST ,Jenna Heeder,557,27-Jul-22,"Two-Way , Not Divided",Dry,Daylight,Clear,Not a Collision Between Two Motor Vehicles in Transport,"Yes, M/V and Driver Left Scene",Traffic Control Signal,2,0,No Injury,,41.81947,-71.3984
879638,2022-00062064,2022-07-28,7:26:00 PM,Bicycle,,1,,,1,HOPE ST,STIMSON AVE ,Raymond Criner,340,28-Jul-22,"Two-Way , Not Divided",Dry,Dusk,Clear,Not a Collision Between Two Motor Vehicles in Transport,No,No Controls,2,0,No Injury,,41.82942,-71.3982
879658,2022-00062289,2022-07-29,2:58:00 PM,Pedestrian,1,,,,1,CORLISS ST,CHARLES ST ,Raymond Criner,340,29-Jul-22,"Two-Way , Not Divided",Dry,Daylight,Clear,Not a Collision Between Two Motor Vehicles in Transport,No,No Controls,4,1,Complains Of Pain,,41.83813,-71.41443
879688,2022-00062714,2022-07-30,7:13:00 PM,Bicycle,,1,X,,1,TABER AVE,VILLA AVE ,Miguel Castillo,489,30-Jul-22,"Two-Way, Divided, Unprotected (painted>4feet) Medium",Dry,Daylight,Clear,Not a Collision Between Two Motor Vehicles in Transport,No,No Controls,2,1,Complains Of Pain,,41.8301,-71.39115
879744,2022-00063419,2022-08-01,10:42:00 PM,Bicycle,,1,,,1,DOVER ST,CARLETON ST ,Kristen Barth,247,1-Aug-22,"Two-Way , Not Divided",Dry,Dark - Lighted,Clear,Not a Collision Between Two Motor Vehicles in Transport,No,Stop Signs,3,1,Complains Of Pain,,41.82974,-71.44763
879750,2022-00063532,2022-08-02,11:42:00 AM,Pedestrian,1,,,,1,HARTFORD AVE,EDNA ST ,Ptlm. Castagliuolo,351,2-Aug-22,"Two-Way , Not Divided",Dry,Daylight,Clear,Not a Collision Between Two Motor Vehicles in Transport,No,Pavement Markings,2,1,Complains Of Pain,,41.81686,-71.44563
879811,2022-00064361,2022-08-05,6:19:00 AM,Pedestrian,1,,,,1,GRIMWOOD ST,OPHELIA ST ,Shane Romano,596,5-Aug-22,"Two-Way , Not Divided",Dry,Daylight,Clear,Not a Collision Between Two Motor Vehicles in Transport,"Yes, M/V and Driver Left Scene",No Controls,1,1,Complains Of Pain,,41.82281,-71.46316
879831,2022-00064512,2022-08-05,6:02:00 PM,Other,,,X,,2,Washington St,UNION ST ,Mark Roman,120,5-Aug-22,"Two-Way , Not Divided",Dry,Daylight,Clear,"Sideswipe, Same Direction",No,No Controls,2,1,Non-Incapacitating,,41.8236,-71.414
879838,2022-00064580,2022-08-05,10:40:00 PM,Pedestrian,1,,,,1,Charles Street,HAWKINS ST ,Kristen Barth,247,5-Aug-22,"Two-Way , Not Divided",Dry,Dark - Lighted,Clear,Not a Collision Between Two Motor Vehicles in Transport,"Yes, M/V and Driver Left Scene",Stop Signs,3,1,Complains Of Pain,,41.8514,-71.42016
879852,2022-00064801,2022-08-06,1:33:00 PM,Pedestrian,1,,,,1,POTTERS AVE,BAXTER ST ,Ptlm. Castagliuolo,351,6-Aug-22,"Two-Way , Not Divided",Dry,Daylight,Clear,Not a Collision Between Two Motor Vehicles in Transport,No,Stop Signs,4,1,Non-Incapacitating,,41.80352,-71.41662
879875,2022-00065147,2022-08-07,10:23:00 AM,Pedestrian,1,,,X,1,993 Manton Avenue ,993 Manton Avenue ,James Lanier,211,7-Aug-22,"Two-Way , Not Divided",Dry,Daylight,Clear,Not a Collision Between Two Motor Vehicles in Transport,No,No Controls,2,1,Complains Of Pain,1,,
879899,2022-00065418,2022-08-08,1:42:00 AM,Pedestrian,1,,,,1,257 ALLENS AVE,ALLENS AVE ,Ralph Abenante,511,8-Aug-22,"Two-Way, Divided, Positive Median Barrier",Dry,Dark - Lighted,Clear,Not a Collision Between Two Motor Vehicles in Transport,"Yes, M/V and Driver Left Scene",No Controls,3,1,Incapacitating,,41.80613,-71.40278
879964,2022-00066151,2022-08-10,3:05:00 PM,Pedestrian,1,,,,1,BURLINGTON ST,HOPE ST ,Raymond Criner,340,10-Aug-22,"Two-Way , Not Divided",Dry,Daylight,Clear,Not a Collision Between Two Motor Vehicles in Transport,"Yes, M/V and Driver Left Scene",Pavement Markings,1,1,Complains Of Pain,,41.84803,-71.3955
880209,2022-00066801,2022-08-12,5:34:00 PM,Other,,1,X,,1,584 SMITH ST,OAKLAND AVE ,Cassidy Simanski,132,18-Aug-22,"Two-Way, Divided, Unprotected (painted>4feet) Medium",Dry,Daylight,Clear,Not a Collision Between Two Motor Vehicles in Transport,No,Traffic Control Signal,2,0,No Injury,,41.83624,-71.43048
880051,2022-00066775,2022-08-13,4:08:00 PM,Pedestrian,2,,X,,1,EXCHANGE ST,WASHINGTON ST ,Jenna Heeder,557,13-Aug-22,One-Way Trafficway,Dry,Daylight,Clear,Not a Collision Between Two Motor Vehicles in Transport,No,No Controls,4,0,No Injury,,41.82573,-71.41105
880161,2022-00068173,2022-08-16,7:51:00 PM,Bicycle,,1,,,1,ELMWOOD AVE,ATLANTIC AVE ,Ptlm. Castagliuolo,351,16-Aug-22,"Two-Way, Divided, Positive Median Barrier",Dry,Daylight,Clear,Not a Collision Between Two Motor Vehicles in Transport,No,No Controls,2,1,Complains Of Pain,,41.79653,-71.42535
880162,2022-00068143,2022-08-16,5:48:00 PM,Pedestrian,1,,,,1,,,Gustavo Genao,135,16-Aug-22,"Two-Way , Not Divided",Dry,Daylight,Clear,Not a Collision Between Two Motor Vehicles in Transport,No,No Controls,3,1,Complains Of Pain,,,
880165,2022-00068219,2022-08-17,11:13:00 PM,Pedestrian,1,,,,1,Cranston st,BENEDICT ST ,Luis Boror,575,17-Aug-22,"Two-Way , Not Divided",Dry,Dark - Lighted,Clear,Not a Collision Between Two Motor Vehicles in Transport,"Yes, M/V and Driver Left Scene",No Controls,1,0,No Injury,,41.8054,-71.43733
880233,2022-00068816,2022-08-18,11:03:00 PM,Pedestrian,1,,,,1,Broad Street,SERVICE ROAD 7 ,Kristen Barth,247,19-Aug-22,"Two-Way , Not Divided",Dry,Dark - Lighted,Clear,Not a Collision Between Two Motor Vehicles in Transport,"Yes, M/V and Driver Left Scene",Traffic Control Signal,2,1,Fatal,,41.81736,-71.41696
880263,2022-00069110,2022-08-19,10:48:00 PM,Bicycle,,1,,,1,S COURT ST,BENEFIT ST ,Ralph Abenante,511,19-Aug-22,"Two-Way , Not Divided",Dry,Dark - Lighted,Cloudy,Not a Collision Between Two Motor Vehicles in Transport,No,Stop Signs,2,1,Non-Incapacitating,,41.82904,-71.40838
880345,2022-00070203,2022-08-23,9:42:00 AM,Pedestrian,1,,,,1,RIVER AVE,ADMIRAL ST ,Christian Main,145,23-Aug-22,"Two-Way, Divided, Unprotected (painted>4feet) Medium",Dry,Daylight,Clear,Not a Collision Between Two Motor Vehicles in Transport,No,Traffic Control Signal,4,1,Non-Incapacitating,2,41.8492,-71.43894
880389,2022-00070527,2022-08-24,12:35:00 PM,Bicycle,,1,,,1,Francis St,Memorial Blvd,James Annis,454,24-Aug-22,"Two-Way , Not Divided",Dry,Daylight,Clear,Not a Collision Between Two Motor Vehicles in Transport,No,Traffic Control Signal,3,0,No Injury,3,,
880431,2022-00070938,2022-08-25,6:51:00 PM,Pedestrian,1,,,,1,890 Douglas Ave,RIVER AVE ,Kristen Barth,247,25-Aug-22,Unknown,Dry,Daylight,Clear,Not a Collision Between Two Motor Vehicles in Transport,No,No Controls,2,1,Complains Of Pain,,41.8527,-71.43707
880432,2022-00070923,2022-08-25,6:26:00 PM,Bicycle,,1,,,1,Westminster St.,BAINBRIDGE AVE ,Jenna Heeder,557,25-Aug-22,"Two-Way , Not Divided",Dry,Daylight,Clear,Not a Collision Between Two Motor Vehicles in Transport,No,No Controls,2,1,Complains Of Pain,,41.81608,-71.43539
880442,2022-00070997,2022-08-25,10:50:00 PM,Pedestrian,1,,,,1,955 Atwells Ave,HANNAH ST ,Kristen Barth,247,25-Aug-22,"Two-Way , Not Divided",Dry,Dark - Lighted,Clear,Not a Collision Between Two Motor Vehicles in Transport,"Yes, M/V and Driver Left Scene",Unknown,1,1,Complains Of Pain,,41.82507,-71.44878
880458,2022-00071219,2022-08-26,3:44:00 PM,Other,,1,X,,1,BROAD ST,BROAD ST ,Donald Castigliego,287,26-Aug-22,"Two-Way , Not Divided",Dry,Daylight,Cloudy,Not a Collision Between Two Motor Vehicles in Transport,No,No Controls,2,1,Complains Of Pain,,41.80263,-71.41881
880502,2022-00071667,2022-08-27,7:00:00 PM,Bicycle,,1,,,1,WICKENDEN ST,BROOK ST ,Donald Castigliego,287,27-Aug-22,"Two-Way , Not Divided",Dry,Daylight,Clear,Not a Collision Between Two Motor Vehicles in Transport,No,No Controls,4,0,No Injury,,41.81948,-71.39826
880529,2022-00071653,2022-08-27,8:11:00 PM,Pedestrian,1,,,,1,ATWELLS AVE,HANNAH ST ,Arthur Lima,126,28-Aug-22,"Two-Way , Not Divided",Dry,Dark - Lighted,Clear,Not a Collision Between Two Motor Vehicles in Transport,No,No Controls,4,1,Non-Incapacitating,,41.82506,-71.44854
880624,2022-00072721,2022-08-30,10:59:00 PM,Pedestrian,1,,,,1,253 Elmwood Ave,WHITMARSH ST ,Kristen Barth,247,30-Aug-22,Unknown,Dry,Dark - Lighted,Clear,Not a Collision Between Two Motor Vehicles in Transport,No,No Controls,3,1,Complains Of Pain,,41.80589,-71.42509
880669,2022-00073164,2022-09-01,12:54:00 PM,Other,,,X,,1,342 BROADWAY,KNIGHT ST ,Joshua Cascione,225,1-Sep-22,"Two-Way , Not Divided",Dry,Daylight,Clear,Not a Collision Between Two Motor Vehicles in Transport,No,Traffic Control Signal,3,1,Complains Of Pain,,41.81997,-71.42862
880679,2022-00073206,2022-09-01,3:20:00 PM,Bicycle,,1,,,1,BROOK ST,GEORGE ST ,Matthew Fadale,214,1-Sep-22,"Two-Way , Not Divided",Dry,Daylight,Clear,Not a Collision Between Two Motor Vehicles in Transport,No,No Controls,2,0,No Injury,,41.82595,-71.39911
880731,2022-00073839,2022-09-03,10:11:00 AM,Pedestrian,1,,,,1,850 MANTON AVE,MANTON AVE,Ptlm. Castagliuolo,351,3-Sep-22,Unknown,Dry,Daylight,Clear,Not a Collision Between Two Motor Vehicles in Transport,No,No Controls,2,1,Complains Of Pain,,41.83391,-71.46722
880777,2022-00074290,2022-09-04,1:16:00 PM,Bicycle,,1,,,1,361 RESERVOIR AVE ,RESERVOIR AVE ,Joshua Cascione,225,4-Sep-22,"Two-Way , Not Divided",Dry,Daylight,Clear,Not a Collision Between Two Motor Vehicles in Transport,No,No Controls,3,1,Complains Of Pain,,,
880879,2022-00075074,2022-09-07,8:20:00 AM,Pedestrian,1,,,,1,160 BROADWAY ,BRADFORD ST ,Joshua Cascione,225,7-Sep-22,"Two-Way , Not Divided",Dry,Daylight,Clear,Not a Collision Between Two Motor Vehicles in Transport,No,No Controls,4,1,Incapacitating,,41.82148,-71.42222
880931,2022-00075563,2022-09-08,5:53:00 PM,Bicycle,,1,,,1,PLAINFIELD ST.,EDNA ST ,Jenna Heeder,557,8-Sep-22,"Two-Way , Not Divided",Dry,Daylight,Clear,Not a Collision Between Two Motor Vehicles in Transport,No,Traffic Control Signal,2,1,Complains Of Pain,,41.81592,-71.44513
880935,2022-00075598,2022-09-08,8:11:00 PM,Pedestrian,1,,,,1,valley st,DEAN ST ,Jenna Heeder,557,8-Sep-22,"Two-Way , Not Divided",Dry,Dark - Lighted,Clear,Not a Collision Between Two Motor Vehicles in Transport,No,No Controls,2,1,Non-Incapacitating,,41.83128,-71.42868
880944,2022-00075736,2022-09-09,9:38:00 AM,Pedestrian,1,,,,1,CHALKSTONE AVE,LISBON ST ,Joshua Cascione,225,9-Sep-22,"Two-Way , Not Divided",Dry,Daylight,Clear,Not a Collision Between Two Motor Vehicles in Transport,No,No Controls,4,1,Complains Of Pain,,41.83321,-71.43682
880967,2022-00075888,2022-09-09,7:40:00 PM,Other,1,,X,,1,Atwells Ave,CUTLER ST ,Kristen Barth,247,9-Sep-22,"Two-Way , Not Divided",Dry,Dark - Lighted,Clear,Not a Collision Between Two Motor Vehicles in Transport,"Yes, M/V and Driver Left Scene",Stop Signs,2,1,Complains Of Pain,,41.82468,-71.44157
880983,2022-00076132,2022-09-10,1:22:00 PM,Bicycle,,1,,,1,FRICKER ST,CRANSTON ST ,Joshua Cascione,225,10-Sep-22,"Two-Way , Not Divided",Dry,Daylight,Clear,Not a Collision Between Two Motor Vehicles in Transport,No,Traffic Control Signal,2,0,No Injury,,41.8169,-71.42204
880984,2022-00076079,2022-09-10,9:32:00 AM,Bicycle,,1,,,1,W EXCHANGE ST,DEAN ST ,Mabel Addai,513,10-Sep-22,"Two-Way, Divided, Unprotected (painted>4feet) Medium",Dry,Daylight,Clear,Not a Collision Between Two Motor Vehicles in Transport,No,No Controls,3,1,Non-Incapacitating,2,41.82545,-71.42569
880993,2022-00076178,2022-09-10,4:25:00 PM,Bicycle,,1,X,,1,S WATER ST, POINT,Donald Castigliego,287,10-Sep-22,One-Way Trafficway,Dry,Daylight,Clear,Not a Collision Between Two Motor Vehicles in Transport,No,No Controls,2,1,Non-Incapacitating,,41.81876,-71.40189
881032,2022-00076732,2022-09-12,8:36:00 AM,Bicycle,,1,,,1,SMITH ST,RADCLIFFE AVE ,Ptlm. Castagliuolo,351,12-Sep-22,"Two-Way , Not Divided",Wet,Daylight,Rain,Not a Collision Between Two Motor Vehicles in Transport,No,Pavement Markings,3,1,Complains Of Pain,,41.83694,-71.43209
881083,2022-00077190,2022-09-13,7:45:00 PM,Bicycle,,1,,,1,DUDLEY ST,EDDY STREET,Ralph Abenante,511,13-Sep-22,"Two-Way, Divided, Unprotected (painted>4feet) Medium",Dry,Dark - Lighted,Cloudy,Not a Collision Between Two Motor Vehicles in Transport,No,Traffic Control Signal,2,1,Complains Of Pain,,41.81079,-71.40734
881107,2022-00077526,2022-09-14,10:00:00 PM,Pedestrian,1,,,,1,CHARLESFIELD ST,HOPE ST ,Ralph Abenante,511,15-Sep-22,"Two-Way, Not Divided With a Continuous Left Turn Lane",Dry,Dark - Lighted,Clear,Not a Collision Between Two Motor Vehicles in Transport,"Yes, Driver Left Scene",Pavement Markings,1,0,No Injury,,41.82414,-71.3972
881163,2022-00077992,2022-09-16,4:00:00 PM,Pedestrian,1,,,,1,UNION AVE,MESSER ST ,Marco Figueroa,110,16-Sep-22,"Two-Way , Not Divided",Dry,Daylight,Clear,Not a Collision Between Two Motor Vehicles in Transport,No,No Controls,2,1,Complains Of Pain,,41.81013,-71.43513
881192,2022-00078370,2022-09-16,7:18:00 PM,Bicycle,,1,,,1,CUMERFORD ST,UNION AVE ,Ralph Abenante,511,17-Sep-22,"Two-Way , Not Divided",Dry,Dark - Lighted,Cloudy,Not a Collision Between Two Motor Vehicles in Transport,"Yes, M/V and Driver Left Scene",No Controls,1,1,Complains Of Pain,,41.80859,-71.44331
881218,2022-00078720,2022-09-18,5:00:00 PM,Pedestrian,1,,,,1,FARMINGTON AVE,ROSARIO DR ,Jenna Heeder,557,18-Sep-22,"Two-Way , Not Divided",Dry,Daylight,Clear,Not a Collision Between Two Motor Vehicles in Transport,No,No Controls,3,1,Non-Incapacitating,,41.80603,-71.46136
881334,2022-00079892,2022-09-22,2:22:00 PM,Pedestrian,1,,,,1,BROAD ST,GALLUP ST ,Donald Castigliego,287,22-Sep-22,"Two-Way , Not Divided",Wet,Daylight,Rain,Not a Collision Between Two Motor Vehicles in Transport,No,Pavement Markings,3,1,Complains Of Pain,,41.79929,-71.41603
881411,2022-00080621,2022-09-24,9:16:00 PM,Pedestrian,1,,,,1,ELMWOOD AVE.,DABOLL ST ,Jenna Heeder,557,25-Sep-22,"Two-Way , Not Divided",Dry,Dark - Lighted,Clear,Not a Collision Between Two Motor Vehicles in Transport,"Yes, M/V and Driver Left Scene",No Controls,3,1,Incapacitating,,41.80424,-71.42553
881590,2022-00081518,2022-09-27,5:45:00 PM,Bicycle,,,,,2,South Water St,Dollar St,Michael Mangan,665,30-Sep-22,One-Way Trafficway,Dry,Dusk,Clear,"Sideswipe, Same Direction","Yes, M/V and Driver Left Scene",No Controls,2,0,No Injury,,,
881521,2022-00081641,2022-09-28,7:07:00 AM,Bicycle,,1,,,1,CHARLES ST,W RIVER ST ,Joshua Cascione,225,28-Sep-22,"Two-Way , Not Divided",Dry,Daylight,Clear,Not a Collision Between Two Motor Vehicles in Transport,No,No Controls,3,1,Complains Of Pain,,41.8401,-71.41707
881559,2022-00082105,2022-09-29,4:24:00 PM,Pedestrian,1,,,,1,Smith St,SMITH ST ,Tyler Calandra,418,29-Sep-22,"Two-Way , Not Divided",Dry,Daylight,Clear,Other,"Yes, M/V and Driver Left Scene",No Controls,1,1,Complains Of Pain,,41.83661,-71.43133
881608,2022-00082523,2022-09-30,10:15:00 PM,Pedestrian,1,,,,1,North Main Street,Hewes Street,Kristen Barth,247,30-Sep-22,"Two-Way, Divided, Positive Median Barrier",Dry,Dark - Lighted,Clear,Not a Collision Between Two Motor Vehicles in Transport,No,No Controls,3,1,Incapacitating,,41.83663,-71.40992
882680,2022-00083254,2022-10-03,8:57:00 AM,Other,,1,X,,1,PEACE ST,BUCKLIN ST ,Cory Vingi,237,3-Oct-22,"Two-Way , Not Divided",Dry,Daylight,Clear,Not a Collision Between Two Motor Vehicles in Transport,No,No Controls,2,0,No Injury,,41.80652,-71.42783