CrashReportId,ReportNumber,CrashDate,CrashTime,Collision Type,CountPedestrian,CountBicycle,Scooter,Wheel Chair,NumberofVehicles,StreetOrHighway,NearestIntersection,Officer,Badge,ReportDate,TypeOfRoadway,RoadSurfaceCondition,LightCondition,WeatherCondition,MannerofImpact,HitAndRun,TrafficControl,PersonCount,InjuryCount,MostSeriousInjury,NumberOfLanes,Latitude,Longitude
882694,2022-00083334,2022-10-03,2:35:00 PM,Pedestrian,1,,X,,1,SMITHFIELD AVE,I95N RAMP,Ptlm. Castagliuolo,351,3-Oct-22,"Two-Way , Not Divided",Dry,Daylight,Cloudy,Not a Collision Between Two Motor Vehicles in Transport,No,No Controls,3,1,Non-Incapacitating,,41.85501,-71.40489
882738,2022-00083546,2022-10-04,12:30:00 PM,Bicycle,,1,,,1,WASHINGTON ST,EMPIRE ST ,Ptlm. Castagliuolo,351,4-Oct-22,"Two-Way , Not Divided",Dry,Daylight,Cloudy,Not a Collision Between Two Motor Vehicles in Transport,No,Traffic Control Signal,3,1,Complains Of Pain,,41.82182,-71.41645
882783,2022-00083948,2022-10-05,8:40:00 PM,Pedestrian,1,,,,1,Memorial Blvd,STEEPLE ST ,Kristen Barth,247,5-Oct-22,"Two-Way, Divided, Positive Median Barrier",Wet,Dark - Lighted,Rain,Not a Collision Between Two Motor Vehicles in Transport,"Yes, M/V and Driver Left Scene",Traffic Control Signal,1,1,Complains Of Pain,,41.82677,-71.41063
882795,2022-00084086,2022-10-06,11:23:00 PM,Pedestrian,1,,,,1,NORTH MAIN ST,N MAIN ST ,Ptlm. Castagliuolo,351,6-Oct-22,"Two-Way, Divided, Positive Median Barrier",Dry,Daylight,Clear,Not a Collision Between Two Motor Vehicles in Transport,No,Pavement Markings,3,1,Complains Of Pain,,41.83744,-71.40942
882850,2022-00084504,2022-10-07,3:00:00 PM,Pedestrian,1,,,,1,Westminster St.,BARTON ST ,Jenna Heeder,557,7-Oct-22,"Two-Way , Not Divided",Dry,Daylight,Clear,Not a Collision Between Two Motor Vehicles in Transport,No,Traffic Control Signal,2,1,Non-Incapacitating,,41.81594,-71.43642
882857,2022-00084511,2022-10-07,3:12:00 PM,Bicycle,,1,,,1,HARTFORD AVE,HARTFORD AVE ,Jenna Heeder,557,7-Oct-22,"Two-Way , Not Divided",Dry,Daylight,Clear,Not a Collision Between Two Motor Vehicles in Transport,"Yes, M/V and Driver Left Scene",Unknown,1,1,Complains Of Pain,,41.81838,-71.45754
882948,2022-00085541,2022-10-10,6:30:00 PM,Pedestrian,1,,,X,1,EDDY ST,BLACKSTONE STREET,Donald Castigliego,287,10-Oct-22,"Two-Way , Not Divided",Dry,Dark - Not Lighted,Clear,Not a Collision Between Two Motor Vehicles in Transport,No,No Controls,4,1,Complains Of Pain,,41.81042,-71.40721
882951,2022-00085577,2022-10-10,9:07:00 PM,Pedestrian,1,,,,1,CRANSTON ST,ANTHONY AVE ,Donald Castigliego,287,10-Oct-22,"Two-Way , Not Divided",Dry,Dark - Lighted,Clear,Not a Collision Between Two Motor Vehicles in Transport,"Yes, M/V and Driver Left Scene",No Controls,2,1,Incapacitating,,41.80435,-71.43856
883013,2022-00086195,2022-10-12,10:58:00 PM,Pedestrian,1,,X,,1,Broadway ,SUTTON ST ,Kristen Barth,247,12-Oct-22,"Two-Way , Not Divided",Dry,Dark - Lighted,Clear,Not a Collision Between Two Motor Vehicles in Transport,No,Stop Signs,3,1,Complains Of Pain,,41.82027,-71.42736
882989,2022-00085966,2022-10-12,9:19:00 AM,Pedestrian,1,,,,1,ROCHAMBEAU AVE,ELMGROVE AVE ,Ptlm. Castagliuolo,351,12-Oct-22,"Two-Way , Not Divided",Dry,Daylight,Clear,Not a Collision Between Two Motor Vehicles in Transport,No,Stop Signs,3,1,Complains Of Pain,,41.84657,-71.39126
882991,2022-00085981,2022-10-12,10:23:00 PM,Pedestrian,1,,X,,1,FONES ALY,BROOK ST ,Ptlm. Castagliuolo,351,12-Oct-22,"Two-Way , Not Divided",Dry,Daylight,Clear,Not a Collision Between Two Motor Vehicles in Transport,No,Pavement Markings,3,1,Complains Of Pain,,41.8278,-71.3994
883066,2022-00086569,2022-10-14,12:16:00 PM,Pedestrian,1,,,,1,GANO ST,I 195 E ,James Annis,454,14-Oct-22,"Two-Way , Not Divided",Dry,Daylight,Clear,Not a Collision Between Two Motor Vehicles in Transport,No,No Controls,2,1,Complains Of Pain,2,41.81906,-71.38931
883174,2022-00087376,2022-10-16,7:01:00 PM,Bicycle,1,,,,1,GlOSSOP STREET ,WOONASQUATUCKET AVENUE ,Arthur Lima,126,16-Oct-22,"Two-Way , Not Divided",Dry,Dark - Not Lighted,Clear,Not a Collision Between Two Motor Vehicles in Transport,No,No Controls,3,1,Non-Incapacitating,,,
883218,2022-00087753,2022-10-18,7:32:00 AM,Bicycle,,1,,,1,Cranston St,DEXTER ST ,Guillermo Vargas,404,18-Oct-22,"Two-Way, Divided, Positive Median Barrier",Dry,Daylight,Clear,Not a Collision Between Two Motor Vehicles in Transport,No,Unknown,3,1,Complains Of Pain,,41.8126,-71.42959
883237,2022-00087941,2022-10-18,6:40:00 PM,Bicycle,,1,,,1,MEMORIAL BLVD.,EXIT 22A  (RT ),Jenna Heeder,557,18-Oct-22,"Two-Way , Not Divided",Dry,Dark - Lighted,Clear,Not a Collision Between Two Motor Vehicles in Transport,No,Traffic Control Signal,5,1,Non-Incapacitating,,41.82578,-71.41523
883238,2022-00087877,2022-10-18,3:42:00 PM,Pedestrian,1,,,,1,SABIN ST,SABIN ST ,Gustavo Genao,135,18-Oct-22,One-Way Trafficway,Dry,Daylight,Clear,Other,No,Pavement Markings,4,1,Incapacitating,,41.82429,-71.41593
883240,2022-00088083,2022-10-19,8:49:00 AM,Pedestrian,1,,,,1,N MAIN ST,ROCHAMBEAU AVE ,Joshua Cascione,225,19-Oct-22,"Two-Way, Divided, Positive Median Barrier",Dry,Daylight,Clear,Not a Collision Between Two Motor Vehicles in Transport,"Yes, M/V and Driver Left Scene",Traffic Control Signal,1,1,Complains Of Pain,,41.84676,-71.40505
883254,2022-00088287,2022-10-19,8:00:00 PM,Pedestrian,1,,,,1,LAUREL AVE,COLE AVE ,Ralph Abenante,511,19-Oct-22,"Two-Way, Divided, Unprotected (painted>4feet) Medium",Dry,Dark - Lighted,Clear,Not a Collision Between Two Motor Vehicles in Transport,No,Pavement Markings,3,1,Complains Of Pain,,41.83784,-71.38817
883301,2022-00088653,2022-10-21,7:38:00 AM,Bicycle,,1,,,1,PUBLIC ST,BROAD ST ,Joshua Cascione,225,21-Oct-22,"Two-Way , Not Divided",Dry,Daylight,Clear,Not a Collision Between Two Motor Vehicles in Transport,No,No Controls,2,1,Complains Of Pain,,41.80435,-71.41953
883347,2022-00088967,2022-10-22,9:54:00 AM,Pedestrian,1,,,,1,PRESIDENT AVE,COLE AVE ,Joshua Cascione,225,22-Oct-22,"Two-Way , Not Divided",Dry,Daylight,Clear,Not a Collision Between Two Motor Vehicles in Transport,No,Stop Signs,2,1,Complains Of Pain,,41.83598,-71.38729
883356,2022-00089111,2022-10-22,7:05:00 PM,Pedestrian,1,,,,1,POTTERS AVE,ELMWOOD AVE ,Luis Garcia Colon,128,22-Oct-22,"Two-Way , Not Divided",Dry,Dark - Lighted,Clear,Not a Collision Between Two Motor Vehicles in Transport,"Yes, M/V and Driver Left Scene",Flashing Traffic Control Signal,1,1,Non-Incapacitating,,41.80151,-71.42635
884410,2022-00089751,2022-10-25,8:33:00 AM,Pedestrian,1,,,,1,280 BROAD ST,280 BROAD ST ,Jose Buten,322,25-Oct-22,"Two-Way, Divided, Unprotected (painted>4feet) Medium",Wet,Daylight,Cloudy,Not a Collision Between Two Motor Vehicles in Transport,No,Yield Signs,3,1,Complains Of Pain,,41.81415,-71.4213
884442,2022-00089921,2022-10-25,6:00:00 PM,Pedestrian,1,,,,1,STEWART ST.,BROAD ST ,Jenna Heeder,557,25-Oct-22,"Two-Way , Not Divided",Wet,Dark - Lighted,Rain,Not a Collision Between Two Motor Vehicles in Transport,No,Traffic Control Signal,2,1,Complains Of Pain,,41.81689,-71.41793
884443,2022-00089933,2022-10-25,6:19:00 PM,Pedestrian,1,,,,1,COURTLAND ST.,PENN ST ,Jenna Heeder,557,25-Oct-22,"Two-Way , Not Divided",Wet,Dark - Lighted,Rain,Not a Collision Between Two Motor Vehicles in Transport,"Yes, M/V and Driver Left Scene",No Controls,1,1,Complains Of Pain,,41.82133,-71.43206
884447,2022-00089975,2022-10-25,8:38:00 PM,Pedestrian,1,,,,1,BROAD ST,FRICKER ST ,Brad McParlin,395,25-Oct-22,"Two-Way , Not Divided",Wet,Dark - Not Lighted,Rain,Not a Collision Between Two Motor Vehicles in Transport,No,No Controls,3,1,Complains Of Pain,,41.81527,-71.42067
884476,2022-00090175,2022-10-26,5:25:00 PM,Bicycle,1,,,,1,CRANSTON ST,WESTMINSTER ST ,Jacob Mota,115,26-Oct-22,"Two-Way , Not Divided",Dry,Daylight,Cloudy,Not a Collision Between Two Motor Vehicles in Transport,"Yes, M/V and Driver Left Scene",No Controls,2,0,No Injury,,41.81765,-71.4214
884501,2022-00090373,2022-10-27,10:49:00 AM,Pedestrian,1,,,,1,GANO ST,GANO ST EXIT ,Ptlm. Castagliuolo,351,27-Oct-22,"Two-Way , Not Divided",Dry,Daylight,Clear,Not a Collision Between Two Motor Vehicles in Transport,No,Pavement Markings,2,1,Complains Of Pain,,41.82112,-71.38967
884511,2022-00090439,2022-10-27,2:48:00 PM,Pedestrian,1,,,,1,EXCHANGE TERRACE,FRANCIS ST ,PTLW. Kawejsza,118,27-Oct-22,"Two-Way , Not Divided",Dry,Daylight,Clear,Not a Collision Between Two Motor Vehicles in Transport,"Yes, M/V and Driver Left Scene",Traffic Control Signal,1,0,No Injury,,41.82503,-71.4148
884527,2022-00090589,2022-10-27,10:13:00 PM,Pedestrian,1,,,,1,POTTERS AVE,MELROSE ST ,Donald Castigliego,287,27-Oct-22,"Two-Way , Not Divided",Dry,Dark - Lighted,Clear,Not a Collision Between Two Motor Vehicles in Transport,"Yes, M/V and Driver Left Scene",No Controls,2,1,Non-Incapacitating,,41.80153,-71.42413
884617,2022-00091121,2022-10-29,6:26:00 PM,Pedestrian,1,,,,1,BROADWAY,KNIGHT ST ,Jenna Heeder,557,29-Oct-22,"Two-Way , Not Divided",Dry,Dark - Lighted,Clear,Not a Collision Between Two Motor Vehicles in Transport,No,Traffic Control Signal,2,1,Non-Incapacitating,,41.81979,-71.42939
884622,2022-00091200,2022-10-30,12:07:00 AM,Pedestrian,1,,,,1,MEMORIAL BLVD,STEEPLE ST ,Ralph Abenante,511,30-Oct-22,"Two-Way, Divided, Positive Median Barrier",Dry,Dark - Lighted,Clear,Not a Collision Between Two Motor Vehicles in Transport,No,Traffic Control Signal,3,1,Complains Of Pain,,41.82677,-71.41063
884649,2022-00091434,2022-10-30,7:48:00 PM,Pedestrian,1,,,,1,130 SMART ST,JOB ST ,Kristen Barth,247,30-Oct-22,"Two-Way , Not Divided",Dry,Dark - Lighted,Clear,Not a Collision Between Two Motor Vehicles in Transport,No,No Controls,6,1,Fatal,,41.85674,-71.41524
884795,2022-00092563,2022-11-03,1:49:00 PM,Pedestrian,3,,,,1,OVERHILL RD,LORIMER AVE ,Joshua Cascione,225,3-Nov-22,"Two-Way , Not Divided",Dry,Daylight,Clear,Not a Collision Between Two Motor Vehicles in Transport,No,No Controls,4,3,Complains Of Pain,,41.85052,-71.39152
884810,2022-00092662,2022-11-03,6:03:00 PM,Bicycle,,1,,,1,HOPE ST,CYPRESS ST ,Patrick Hourahan,243,3-Nov-22,"Two-Way , Not Divided",Dry,Dark - Lighted,Clear,Angle - Direction Not Specified,No,Traffic Control Signal,3,1,Complains Of Pain,,41.84098,-71.39901
884819,2022-00092661,2022-11-03,6:30:00 PM,Other,,,X,,2,Public Street,PRAIRIE AVE ,Gerry Kue,393,3-Nov-22,"Two-Way , Not Divided",Dry,Dark - Lighted,Clear,Angle (Front - to - Side) Right Angle (Includes Broadside),No,Traffic Control Signal,3,1,Complains Of Pain,,41.80556,-71.41481
884850,2022-00092877,2022-11-04,1:45:00 PM,Pedestrian,1,,,,1,BROAD ST,CAHIR ST ,Jin O,147,4-Nov-22,"Two-Way , Not Divided",Dry,Daylight,Clear,Not a Collision Between Two Motor Vehicles in Transport,"Yes, M/V and Driver Left Scene",Traffic Control Signal,1,1,Complains Of Pain,2,41.81692,-71.41795
884953,2022-00093221,2022-11-05,2:58:00 PM,Pedestrian,1,,,,1,CHARLES ST.,CHARLES ST ,Jenna Heeder,557,5-Nov-22,"Two-Way , Not Divided",Dry,Daylight,Clear,Not a Collision Between Two Motor Vehicles in Transport,"Yes, M/V and Driver Left Scene",No Controls,1,1,Complains Of Pain,,41.84018,-71.41717
884960,2022-00093308,2022-11-05,8:21:00 PM,Pedestrian,1,,,,1,Elmwood Ave,ATLANTIC AVE ,Kristen Barth,247,5-Nov-22,"Two-Way, Divided, Positive Median Barrier",Dry,Dark - Lighted,Clear,Not a Collision Between Two Motor Vehicles in Transport,No,No Controls,2,1,Complains Of Pain,,41.79641,-71.4254
885058,2022-00093990,2022-11-08,9:46:00 AM,Pedestrian,1,,,,1,WAYLAND AVE,ORCHARD AVE ,Ptlm. Castagliuolo,351,8-Nov-22,"Two-Way , Not Divided",Dry,Daylight,Clear,Not a Collision Between Two Motor Vehicles in Transport,No,No Controls,2,1,Complains Of Pain,,41.83124,-71.38813
885071,2022-00094051,2022-11-08,1:03:00 PM,Bicycle,,1,,,1,BROAD ST,BROAD ST ,Michael Sepe,367,8-Nov-22,"Two-Way, Divided, Unprotected (painted>4feet) Medium",Dry,Daylight,Clear,Not a Collision Between Two Motor Vehicles in Transport,No,Traffic Control Signal,2,0,No Injury,,41.8046,-71.41941
885117,2022-00094317,2022-11-09,12:57:00 PM,Pedestrian,1,,,,1,FOUNTAIN ST,DORRANCE ST,Jin O,147,9-Nov-22,"Two-Way , Not Divided",Dry,Daylight,Clear,Not a Collision Between Two Motor Vehicles in Transport,No,Traffic Control Signal,5,1,Complains Of Pain,2,41.82479,-71.41468
885120,2022-00094338,2022-11-09,2:30:00 PM,Pedestrian,1,,,,1,CRANSTON ST,MESSER ST,Ptlm. Castagliuolo,351,9-Nov-22,"Two-Way , Not Divided",Dry,Daylight,Clear,Not a Collision Between Two Motor Vehicles in Transport,No,No Controls,3,1,Complains Of Pain,,41.80963,-71.43345
885144,2022-00094507,2022-11-10,8:32:00 AM,Pedestrian,1,,,,1,POTTERS AVE,DEXTER ST ,Ptlm. Castagliuolo,351,10-Nov-22,"Two-Way , Not Divided",Dry,Daylight,Clear,Not a Collision Between Two Motor Vehicles in Transport,No,Stop Signs,2,1,Complains Of Pain,,41.8025,-71.43064
885155,2022-00094603,2022-11-10,2:58:00 PM,Pedestrian,1,,,,1,CRANSTON ST,DEXTER ST ,Sean Cooney,523,10-Nov-22,"Two-Way , Not Divided",Dry,Daylight,Clear,Not a Collision Between Two Motor Vehicles in Transport,No,Traffic Control Signal,3,1,Complains Of Pain,,41.8126,-71.42959
885160,2022-00094633,2022-11-10,5:08:00 PM,Pedestrian,1,,,,1,Smith St,SMITH ST ,Tyler Calandra,418,10-Nov-22,"Two-Way , Not Divided",Dry,Dark - Lighted,Clear,Other,"Yes, Driver Left Scene",No Controls,1,1,Complains Of Pain,,41.83676,-71.43167
885174,2022-00094636,2022-11-10,5:19:00 PM,Pedestrian,1,,,,1,Doyle Avenue,CAMP ST ,David Girard,690,10-Nov-22,"Two-Way , Not Divided",Dry,Dark - Lighted,Clear,Other,No,No Controls,3,1,Fatal,,41.83878,-71.40297
885207,2022-00094954,2022-11-11,9:36:00 PM,Pedestrian,1,,X,,1,OLNEY ST,BROWN ST ,John Benros,481,11-Nov-22,"Two-Way , Not Divided",Wet,Dark - Unknown Lighting,Rain,Other,No,No Controls,2,1,Complains Of Pain,,41.8356,-71.40546
885247,2022-00095196,2022-11-11,6:40:00 PM,Bicycle,,2,,,1,WASHINGTON ST,DORRANCE ST , Lane,109,12-Nov-22,"Two-Way , Not Divided",Dry,Dark - Lighted,Clear,Other,No,No Controls,2,2,Complains Of Pain,,41.82445,-71.41277
885268,2022-00095506,2022-11-13,5:38:00 PM,Pedestrian,1,,,,1,EMMETT ST,PLAIN ST ,Robert Ballinger,520,13-Nov-22,"Two-Way , Not Divided",Dry,Dark - Lighted,Clear,Not a Collision Between Two Motor Vehicles in Transport,"Yes, M/V and Driver Left Scene",No Controls,1,1,Complains Of Pain,,41.8144,-71.41271
885288,2022-00095624,2022-11-14,6:51:00 AM,Pedestrian,1,,,,1,SERVICE ROAD 7,BROAD ST,Ptlm. Castagliuolo,351,14-Nov-22,One-Way Trafficway,Dry,Daylight,Clear,Not a Collision Between Two Motor Vehicles in Transport,No,Traffic Control Signal,2,1,Non-Incapacitating,,41.81736,-71.41696
885305,2022-00095732,2022-11-14,3:16:00 PM,Pedestrian,1,,,,1,Geneva Street,ALTON ST ,Arthur Lima,126,14-Nov-22,"Two-Way , Not Divided",Dry,Daylight,Clear,Unknown,"Yes, M/V and Driver Left Scene",No Controls,1,1,Complains Of Pain,,41.83097,-71.44071
885308,2022-00095783,2022-11-14,6:20:00 PM,Pedestrian,1,,,,1,ELMWOOD AVE,BURNETT ST ,Donald Castigliego,287,14-Nov-22,"Two-Way , Not Divided",Dry,Dark - Lighted,Clear,Not a Collision Between Two Motor Vehicles in Transport,"Yes, M/V and Driver Left Scene",No Controls,1,1,Complains Of Pain,,41.80325,-71.4258
885332,2022-00095903,2022-11-15,7:44:00 AM,Pedestrian,1,,,,1,ELMWOOD AVE,POTTERS AVE,Ptlm. Castagliuolo,351,15-Nov-22,"Two-Way , Not Divided",Dry,Daylight,Clear,Not a Collision Between Two Motor Vehicles in Transport,No,Traffic Control Signal,3,1,Complains Of Pain,,41.80151,-71.42635
885354,2022-00095993,2022-11-15,2:57:00 PM,Bicycle,,1,,,1,COOKE ST,MANNING ST ,Ptlm. Castagliuolo,351,15-Nov-22,"Two-Way , Not Divided",Dry,Daylight,Cloudy,Not a Collision Between Two Motor Vehicles in Transport,No,Stop Signs,2,1,Complains Of Pain,,41.8268,-71.39544
885364,2022-00096047,2022-11-15,5:07:00 PM,Other,,,X,,1,BROAD ST,ELMWOOD AVENUE ,Donald Castigliego,287,15-Nov-22,"Two-Way, Divided, Positive Median Barrier",Dry,Dark - Lighted,Clear,Not a Collision Between Two Motor Vehicles in Transport,No,Traffic Control Signal,5,1,Complains Of Pain,,41.81279,-71.42193
885373,2022-00096096,2022-11-15,9:15:00 PM,Bicycle,,1,,,1,CHARLES ST,W RIVER ST ,Kristen Barth,247,15-Nov-22,"Two-Way , Not Divided",Dry,Dark - Lighted,Clear,Not a Collision Between Two Motor Vehicles in Transport,No,Stop Signs,2,1,Complains Of Pain,,41.83961,-71.41638
885375,2022-00096077,2022-11-15,6:59:00 PM,Pedestrian,1,,,,1,TRANSIT ST,BENEFIT ST ,Kristen Barth,247,15-Nov-22,"Two-Way , Not Divided",Dry,Dark - Lighted,Clear,Not a Collision Between Two Motor Vehicles in Transport,No,No Controls,4,1,Complains Of Pain,,41.82037,-71.40165
885484,2022-00096763,2022-11-18,1:56:00 PM,Pedestrian,1,,,,1,THAYER ST,CUSHING ST ,Joshua Cascione,225,18-Nov-22,One-Way Trafficway,Dry,Daylight,Clear,Not a Collision Between Two Motor Vehicles in Transport,No,Pavement Markings,2,1,Complains Of Pain,,41.8304,-71.40095
885485,2022-00096771,2022-11-18,2:26:00 PM,Pedestrian,1,,,,1,ELMWOOD AVE,ADELAIDE AVE ,Joshua Cascione,225,18-Nov-22,"Two-Way, Divided, Positive Median Barrier",Dry,Daylight,Clear,Not a Collision Between Two Motor Vehicles in Transport,No,Traffic Control Signal,2,1,Complains Of Pain,,41.79612,-71.42523
885538,2022-00097093,2022-11-19,3:45:00 PM,Pedestrian,1,,,,1,MANTON AVE.,ATWELLS AVE ,Jenna Heeder,557,19-Nov-22,"Two-Way , Not Divided",Dry,Daylight,Clear,Not a Collision Between Two Motor Vehicles in Transport,No,No Controls,2,1,Non-Incapacitating,,41.82538,-71.45483
885663,2022-00097954,2022-11-22,4:05:00 PM,Pedestrian,1,,,,1,NORTH MAIN ST.,SMITHFIELD AVE ,Jenna Heeder,557,22-Nov-22,"Two-Way , Not Divided",Dry,Daylight,Clear,Not a Collision Between Two Motor Vehicles in Transport,No,Traffic Control Signal,3,1,Non-Incapacitating,,41.85335,-71.40115
885720,2022-00098275,2022-11-23,5:16:00 PM,Pedestrian,1,,,,1,SPRAGUE ST.,FULLER ST ,Jenna Heeder,557,24-Nov-22,"Two-Way , Not Divided",Dry,Dawn,Clear,Not a Collision Between Two Motor Vehicles in Transport,No,No Controls,2,0,No Injury,,41.80941,-71.42439
885832,2022-00099725,2022-11-29,3:09:00 PM,Pedestrian,1,,,,1,CALDER ST.,GREENWICH ST ,Jenna Heeder,557,29-Nov-22,"Two-Way , Not Divided",Dry,Daylight,Clear,Not a Collision Between Two Motor Vehicles in Transport,No,Stop Signs,4,1,Complains Of Pain,,41.80224,-71.42992
885917,2022-00100375,2022-12-01,9:54:00 PM,Pedestrian,1,,,,1,ADMIRAL STREET,RIVER AVE ,Ryan Fernandes,125,1-Dec-22,Unknown,Dry,Dark - Lighted,Clear,Not a Collision Between Two Motor Vehicles in Transport,"Yes, M/V and Driver Left Scene",Traffic Control Signal,3,0,No Injury,,41.84911,-71.43873
885948,2022-00100614,2022-12-02,7:02:00 PM,Pedestrian,1,,,,1,WAYLAND AVE,PITMAN ST ,Luis Pelaez,336,2-Dec-22,"Two-Way , Not Divided",Dry,Dark - Lighted,Clear,Not a Collision Between Two Motor Vehicles in Transport,No,Stop Signs,3,1,Complains Of Pain,2,41.82672,-71.38849
885951,2022-00100699,2022-12-02,1:26:00 AM,Pedestrian,1,,,,1,PAVILION AVE,RUGBY ST ,Raleek Byfield,375,3-Dec-22,"Two-Way , Not Divided",Dry,Dark - Lighted,Clear,Not a Collision Between Two Motor Vehicles in Transport,"Yes, M/V and Driver Left Scene",No Controls,2,1,Complains Of Pain,,41.7968,-71.40689
885964,2022-00100794,2022-12-03,12:26:00 PM,Pedestrian,2,,,,1,BROAD ST,PEARL ST ,Ptlm. Castagliuolo,351,3-Dec-22,"Two-Way , Not Divided",Wet,Daylight,Rain,Not a Collision Between Two Motor Vehicles in Transport,No,Traffic Control Signal,3,2,Non-Incapacitating,,41.81475,-71.42095
886999,2022-00100818,2022-12-03,2:47:00 PM,Pedestrian,1,,,,1,WAYLAND AVE,S ANGELL ST ,Donald Castigliego,287,4-Dec-22,One-Way Trafficway,Wet,Daylight,Rain,Not a Collision Between Two Motor Vehicles in Transport,No,Traffic Control Signal,2,1,Complains Of Pain,,41.83003,-71.38795
887042,2022-00101421,2022-12-05,9:18:00 PM,Pedestrian,1,,,,1,UNION AVE,EXIT ,Matthew Petteruto,121,5-Dec-22,"Two-Way, Divided, Positive Median Barrier",Dry,Dark - Lighted,Clear,Not a Collision Between Two Motor Vehicles in Transport,"Yes, M/V and Driver Left Scene",No Controls,1,1,Complains Of Pain,,41.80854,-71.44116
888114,2022-00101510,2022-12-06,10:02:00 AM,Bicycle,,1,,,1,904 Broad St,BROAD ST ,James Annis,454,9-Jan-23,"Two-Way , Not Divided",Dry,Daylight,Clear,Not a Collision Between Two Motor Vehicles in Transport,No,No Controls,3,1,Complains Of Pain,2,41.7992,-71.41591
887190,2022-00102453,2022-12-09,11:17:00 PM,Bicycle,,1,,,1,SABIN ST,BROADWAY ,Alberto DaCruz,205,10-Dec-22,One-Way Trafficway,Dry,Dark - Lighted,Clear,"Sideswipe, Same Direction","Yes, M/V and Driver Left Scene",Traffic Control Signal,1,0,No Injury,,41.82312,-71.41727
887247,2022-00102892,2022-12-11,5:36:00 PM,Other,,1,X,,1,WATERMAN ST,HOPE ST ,Donald Castigliego,287,11-Dec-22,"Two-Way , Not Divided",Snow,Dark - Lighted,Snow,Not a Collision Between Two Motor Vehicles in Transport,No,Traffic Control Signal,3,1,Complains Of Pain,,41.82758,-71.39723
887284,2022-00103063,2022-12-12,12:39:00 PM,Pedestrian,1,,,,1,CRANSTON ST,NIANTIC AVE ,Joshua Cascione,225,12-Dec-22,"Two-Way , Not Divided",Dry,Daylight,Clear,Not a Collision Between Two Motor Vehicles in Transport,"Yes, M/V and Driver Left Scene",No Controls,1,0,No Injury,,41.80336,-71.44009
887292,2022-00103105,2022-12-12,3:15:00 PM,Pedestrian,1,,,,1,BLACKSTONE ST,EDDY ST ,Ptlm. Ballinger,520,12-Dec-22,"Two-Way , Not Divided",Dry,Daylight,Clear,Not a Collision Between Two Motor Vehicles in Transport,No,Pavement Markings,5,1,Complains Of Pain,,41.81013,-71.40722
887305,2022-00103088,2022-12-13,2:20:00 PM,Pedestrian,1,,,,1,HOLDEN STREET,EDITH ST ,Paul Caminero,339,13-Dec-22,"Two-Way, Not Divided With a Continuous Left Turn Lane",Dry,Daylight,Cloudy,Not a Collision Between Two Motor Vehicles in Transport,"Yes, M/V and Driver Left Scene",No Controls,1,1,Complains Of Pain,,41.82971,-71.41941
887339,2022-00103444,2022-12-14,8:36:00 AM,Pedestrian,1,,,,1,BRANCH AVE,CHARLES ST ,Joshua Cascione,225,14-Dec-22,"Two-Way , Not Divided",Dry,Daylight,Clear,Not a Collision Between Two Motor Vehicles in Transport,No,Traffic Control Signal,3,1,Complains Of Pain,,41.85034,-71.42015
887348,2022-00103508,2022-12-14,1:41:00 PM,Pedestrian,2,,,,1,BELLEVUE AVE,DEXTER ST ,Joshua Cascione,225,14-Dec-22,"Two-Way , Not Divided",Dry,Daylight,Clear,Not a Collision Between Two Motor Vehicles in Transport,No,No Controls,4,1,Complains Of Pain,,41.80744,-71.4287
887354,2022-00103566,2022-12-14,4:45:00 PM,Other,1,,,X,1,51 SILVER SPRING STREET,,Donald Castigliego,287,14-Dec-22,"Two-Way , Not Divided",Dry,Dark - Lighted,Clear,Not a Collision Between Two Motor Vehicles in Transport,No,No Controls,3,1,Complains Of Pain,,,
887439,2022-00104154,2022-12-16,10:54:00 PM,Pedestrian,1,,,,1,WESTMINSTER STREET,LYMAN ST ,Ryan Anderson,107,16-Dec-22,"Two-Way , Not Divided",Wet,Dark - Lighted,Rain,Not a Collision Between Two Motor Vehicles in Transport,No,No Controls,2,1,Complains Of Pain,,41.81842,-71.41972
887507,2022-00104685,2022-12-18,7:53:00 PM,Pedestrian,1,,,,1,CLYM ST,ADMIRAL ST ,Kelsa Heron,133,18-Dec-22,"Two-Way , Not Divided",Dry,Dark - Lighted,Clear,Not a Collision Between Two Motor Vehicles in Transport,"Yes, M/V and Driver Left Scene",No Controls,1,1,Non-Incapacitating,,41.84418,-71.42372
887520,2022-00104840,2022-12-19,11:59:00 AM,Pedestrian,1,,,,1,387 CHARLES ST,CHARLES ST ,Joshua Cascione,225,19-Dec-22,"Two-Way , Not Divided",Dry,Daylight,Clear,Not a Collision Between Two Motor Vehicles in Transport,No,No Controls,2,0,No Injury,,,